fid;eth_address
362762;0xd8eeccab48f83acb12f9830a075abbc5bd0ccf37
586355;0x4d7f8ff44e68524bece85de768d2f5a5762b4a6a
260861;0xb5d5928205f2ed6c3ba41b190f9d8ed0f0d84d96
1040984;0xd77e5fb5aa2b5be2c94a120b99487da8c0901dea
889672;0xeb6206978fed0698d419b0c2596bc36d71f36343
11475;0xfceb5df7217318dccc51abb780724f03e35589f1
497966;0xc237457953b039985d69ec814f5678b4d7ce8f3d
852361;0x17f67ae415537cd957286c0ff7095529c3a08454
784445;0x1eb5f1b6fc41c0b18d338a646b5b68ceeb5bd986
977016;0x6ea723777a6597d1e6445f7e0e66f04051a67e6f
995461;0x56f620a2fbed68e1b4c44a7d3250efa3df8cbfff
989705;0x2506effd2eeda85ddd65935535bd04ff5ca044c0
818872;0xb04fd652e4faadefc0fb81acda308cd13ef03bfc
1108705;0x0f1789208596752c8d759b980b869fb64df977cb
276661;0x5029a3aca9322bee782d7740f848bccff21c9398
1047166;0xc496e70c8ea49cad1f9e2b52af62688bdd94b8bf
701787;0xe8414834feafcda40e46f87788ce94ba8726a59b
789978;0xf2ddf92573e51c59421af98806536c1cdafe7428
16600;0xc1d02abadc2fed2619512adea1418bd83490e66d
311991;0x0ee6d463e86697f11e012dd03d43341e4ba20178
1056306;0xaf42c8aa39cecc8f05ed6bbcf1fa95bb3a9b2be4
476459;0xd47d05cac95f2cffbf57880ab2a0968d18ff13d3
1072474;0xe9806cb353c96e4fd237d5f3f072d888ad0e018b
500010;0x9ff4f0a1bc502e957db4d2099c1f3677318d14ed
887369;0xb44a4878f3b3a44d30bd8c5f735d5e5dbeddc1bf
555195;0xca05aff89912d2a2bb9c16273c20bcb34436d409
1129828;0x0b085581ea0912a7dd9fdfaa04c8676f29d7c9f5
396191;0xf0691a8266b0272d72928247785a0a52ddf2df46
1103169;0x4df0ce8dc1fdea3fde9ae57f983ff7751d640c6f
1047143;0xfc97d50569b58f8f4fc6b5868810d660d3ea033a
360503;0xed1a2745076e21cae9ea7d6cdd95b8195ba2d50d
637792;0x37f6208551e8a9cfa8fba07d0e02aa6c203bfb2e
213057;0xfbadbc3b31ff70e718d99560d8f61ec2125c96d0
533872;0x6ccac32a1de3f71699145746c0e32b9e25cbcea0
626560;0x436f5556b671c7efccd9c31580d8c114cd66d730
617075;0x6929035457908f3a788d68873697929d9a3a1d99
499505;0x96a8aa1943956a2e9e74e9eef094f2cf4e313710
515692;0x03384b2f2c1cf99f94669e5b133c3d4e5e8fe6c0
579038;0x94ab7fd0afb5f87c05993ed433eb1c433d5a1c3d
1047336;0xa6bc839043c6359a237c15d42f0d5a18b4783688
926038;0x0d6eed18b90414e937912018dd432337eef00533
1047123;0xaa2a9e5300357e2e71e6b0d2fca4b3388fa56a9d
739680;0x58b79021b07037c19f6a649c9c0ed693dc364955
568768;0xa01e9a89714b56dea4c7edbf0144c82c76351ae3
712900;0x3eff5cedc6bc976d24b58383f47415253afd9052
301059;0x45f27d9e912452baf3fa6656d05d4610dfece05e
1040888;0x293a87743bb90771243b9f18c1d98f55508573aa
1058716;0x46a9bf1e6c59fb67b75e598c47509832306e85ee
1041244;0xf9b7596b88fcef169de67e0fcba95b9da8d9ce86
1106735;0x0ccf36647402fa225f1f954a3f577164dace8809
668280;0xc12eddd4931bfe0abdf71777ef8a69944d2a5c0a
475552;0xfdf82b86f2980e65a7bf23d56867cb860f571b05
375066;0x4707bf83205c88b6cd6da85fbd8ce61a11fadd58
538505;0xf7786edbd5ac9e7c8527fcdc9af3ca978c6d4f19
1043719;0x012af22d1db2ce6e71b53d7e7eae37cd0c03c6cd
390555;0xe736f59987e9597c8097f65321d62884beff9f1a
449514;0x5c3fbf3cd7e18a3d5e1a0cba58ae54c65fa83f02
258686;0xdabfc36892b2fe44cc4b34fc74db5fe07ff2a108
16301;0xf77505236ceefbd4e1fd302b3916388828beca9a
852454;0xfc8de0c125056e4d60b911aa3df9c2519749f23f
668481;0x20b36f1c674310c734f44f2ca04b23ffeac63e84
797487;0xe74b75098c839dd3368c70c4a1dc940b688f3ceb
610843;0x66b89784f80bc99da990883d3550d22d8b4ebfb2
509422;0x01da6ebc661c09b1cd42c4f56551e9de28dbbadf
419108;0x62fbee570b409e7780030e6381c1c34f8b5191ac
456441;0x622e4a9d26a73120bcce965cc269ae3bab5e0400
1047111;0x2cc4155f4e5eda6e3168ccc63422544dd034ea9e
894321;0x6bf81dd7fc2326aecc280c64cb1db3fbe27b2780
771690;0xed0de525f7e6baf03ff6b0c7c137f55957c8b5f7
1051907;0x91688cedc8a1eb096f5f1cfa48f23c10f33bf0ac
1091364;0xe7334dda9a3c52af455ce55b2b6b5a0e84ee36d4
6373;0x4ec2789d470cdbdc56924547b17e16c3fdea6dfb
852295;0x59468747f791e1c6bbafb74e3311f1cd45a784ec
472104;0xe4e90b0aa50135dc9638d54f828b8af8a03547f6
828222;0x3a6c682ede2712b4ca5e015ba64bcee543a5e55e
515950;0x855d2031a67d287eabd614e702834462d44919a3
234225;0xf7a1bce54d3f1f06d3b933ff72d1311bef1085d1
533287;0x4dec63771cdc83af3b5381b188ca6d8e19d7ff5a
908751;0x1ac990dd5a8aea075894d605190ee86e9c9d0d95
359787;0xb9dc1aa8cb9359c9db2db1562224b98e3318e387
385200;0xa67f056da12ebd6dbf147a3ca5cbee6d35db021f
1178576;0x240a55ed68ef59d682d7df02c701e731f23e0b12
1005396;0x61d67ec1dc9a3551e082ce27f5f75de02c3c554d
1048570;0xfef238786e9bf16ec19a3fe912bcae5846753199
1102891;0x64c331e992059675ae0575e6ee1753e6199610bc
227334;0x82696262586f0a6ca585084dfb5aaab7f5263409
281335;0xb530b56ea80f9e317fa55d85a489ff0bdad733fd
1047198;0x3f37abfa16f53bf595c7f330b810936e4c98c443
469543;0x7290764e89eaab4405bd99cc7e34185e3b75e2b7
373827;0x93446555032fab81f5e8a0814f992b318a121963
422604;0x7b836dfe1879b0d49c10a56af558b0ad5aaf21cd
1059519;0x768c0ab659fa2ac79bc5b50cf65118e18a01b817
385012;0xa7beb78405299d1fc1f259cd6abbc192f4fd855e
701676;0x3fe85b774fe15389597a08130737ed7514c52c03
1032957;0xcb9ad479523e72942d76de3c4490c5272cd4b32e
452932;0x06728d2e26d0dae15c1fdb1c88aa3be4ebd25da6
663529;0x5f8cd7aabc4a3b4c59423ae9f3aababc04253b69
569239;0xd4520aa54f8c860f427d1825190568f9f00fb56b
1049567;0xf2714261515188fe99401a5734cf20a6ff6918d0
797489;0xb9866b21c647825637920d335dd31f25fac81bea
226841;0x0ba92c9b00b6df9146cfe51a3bf954e817143afb
246037;0x8a64ea3bb470d2088116c1c0ed22e862749fe420
1109057;0x2c2565e398dbb45fd51b1868b8a575b100442f99
301868;0x8237ecce0ff3c11a6556fcbc691d41c4d2c04488
485146;0xcb2462a8a5ba35e23f264c0d211b7da5c02b197d
414408;0x3269ab03fe74c05947e7cc25154d06af6966eb98
190012;0xaa9d1b5ef383c95a9b8bccc178cf5dbccee9d4ee
574395;0xe92d0b65232bc4162baebf7b121819ed8ee80b94
300232;0x49547ef3556c92ad15b0e45c22f53916021a0fbe
519795;0x0e42fd6ababd8c8e41e431c1a37b9d47401d14ea
547650;0xad244a8cb95c13a41be25289d4f4da797634619a
798793;0xca952fb20cd6a79e75b5bb2fc07069058bfb18b5
712887;0xbf331a4ac9eb4d50dbfd347a9b69ce1db6b3f97c
1083050;0x47d19a0555a891213eb8ef88e354f4461a4dfd36
1100884;0xc34d8141c61d44ef1dce1b794dd14cc9c476edce
16412;0xc79b3b4bb946702683219fea0aa532452d1db3b2
283301;0x1d4782a8083bffcc39e73d3156a9cdb6d4578b8f
914543;0xc50b836cfe19cea55e2ac009d2c8fde238ddec27
961246;0xdef2badb92de63e3e45a3cf08b749d164df91a0d
236030;0x902a99a3fc7f0c94d6431341ab2abac4146c2175
937253;0x5c505cc3c5fbf55626c2cc99002e136db6c67056
777469;0x0d9878d51bfc976974f72a1508cf22cabb81b518
995007;0x806870e1f0b5fa956fa0063a0387fa0862e7ad42
1142514;0xac66dacff40a235f20f9e6c526708def646e010c
256344;0xa0c54b509d5d488e73a728995a9b64ed7e741e04
448445;0x51c77e066eab5e8c59ce576978a6e18684ec1115
243009;0xbb1915fc0a3e0f03cbaccc930dd9e4ed5214bd35
885538;0xe74b5076f4bd35a7d5b1d699e21f29a2c9e284fb
1086787;0xb5bb702d7a48f109aea8b209b9f4b7ac54c7b659
818852;0xde2ad36846f48f4204e79f060f2797746cb002ad
976986;0xab4a27b080dbb9e49e32acf152f63d3f644e5df9
518000;0x78f1deeff7ab7ea14a87ca22511b78cb3fca4dd4
1097824;0x036a18a6528e5262e990d014d852c1b30cf5810c
612131;0x09ba1d74009f9d13322c778a00e4c15f667efb44
814304;0xddc97c3c1c6880181642ccdd0cd2a3de61730e66
428072;0x2a66201eb43ff613bddc7e93bda43de551c3d99a
677993;0xb0950d44a3e152c219b1ae17f2a81e20e9e55a69
261863;0xeb680928ff82da4f84236ce198124049768ff019
432824;0xd945ce13244df4ff2dddf85542b3f0f638f586e3
1143647;0x8cdbda440767c08abfaa635880760850b6bca487
1224844;0xb004305e1edb5052a24c388c781bd957dd0156ec
1005479;0xa691aca5e45f117227f9acd890de40b655d25cbf
957192;0x8e427ed215bb3b05dd0051e2c66cd60e4fe4e31f
778341;0xd9a6855a40f0316f95e3813d49bb3203792dec22
1000692;0xdd2a50c7d468fd690930b6708c56ec99899ea535
542344;0x6a901495f553c2586407d9f84b2b3e772f662c91
712787;0x18d308d4db8d010799f62d9ceade940cd37a87c8
1067019;0x952c9792799af3b060becefe398811abd598d972
700030;0xe26c4454a459553c4724bb0ec3b88837eeab75f3
247352;0x8f09e0b7b136c6cdb3d945a8f2615ed754c8e8e6
372437;0x26d64bc11ef4675da497cceb88ca05f35cb1297e
636681;0x4998d2cb3c05c73ecf1e4b2fa295e55396220bf3
881274;0x4cc93bd6b6d55757488ca7f33576d3783aa39b47
291559;0x69573b3b2d4b6c195f4283528b7edab69d024f46
854428;0xf6e3d43eb13e11d880963b0265d6f8667e41ed8e
917077;0xa1e0ae4a8967ac394dcb266c6ad62f0e170fed93
869072;0xafa891858958ba52e879bc5648c39495c507515a
1107000;0x2525cb0a9a1912d9d0b1cea938826a4325b0ef29
755887;0x5218cc7ebc06ca704c17dc2b5fb3893706e3c4dd
996992;0xe4ef95ed2748ceb1f659a51c3ffc013a6d7d57d7
280836;0xe88510db954ba7d0a20c14fc31f4886c691803a8
1354264;0x4889c744900119a63abbad5ef1dc0eaec795841a
242317;0x2d27a7d3a9228ab489c387b595899a6e436580a8
8407;0x050baf30bf85a84113f833ccecfb7f8ccff84358
494064;0x5db8558aec3c884d4f7c332d2252bfde4303ff1a
757614;0x8ec07ec301dfef45861a41dcf999b579a210b641
933650;0xfe63ae6f6f5b6694d3f38642ef0c411b9e149345
8406;0x5f035699290192ea65808a45381807f231f8f5df
737457;0xee325c579972a785c0315bde14bc92cd31b27438
527133;0x6c357e55c583336aa56025c486b5939af0b1b5cd
515076;0x79074d6b5d648b9cb16a4d6b62290b7757441d53
908667;0xe02c1dd24aa311831e81fe3dc2df1789c0f3baf7
1042728;0x1376315f54578b8cb71c2fbc466462596c651b66
1335180;0x8be3e81523735d6917758b49765589bad983376a
16829;0x391e3fecd1bcadaab6354d0aa1b79c47d38a5e43
721279;0xd68a1976ca3b31388faaf987da7a64f061a4daa4
1149375;0x617a796ae5aea441d781b040680c619e30c9c28e
509871;0xa411b76f81d869835220187f81dbbdb5f3f81447
1072701;0x435ab66cdd84eb0819a5cc0e3404640fbc88f7e7
476881;0x00efa58e8d34f51ec04feee67b46dfe25d9bcea9
918053;0x48c4e642a384fc624bd8757472cdb1420748f61c
648260;0x00396fc908e5b650d5f3934fb02a46de6a9e4e31
989706;0x51a08cc7644b90b9c05b5634bae8039aaceecd20
1097499;0xc25e72d92d54449476d3f036409ee87b5edf592b
795573;0x9aa67530438ae18b11a40d286153d253ed2b0623
250898;0x628a74abfbbb9b78e3d87ea5b0cea75893df0c0e
927660;0xe16f74cb09c51404dc37bfc8c3ff684716121823
1106373;0x724e18c9716f9a35628dde46e39c22c5595e32b5
410672;0xbadbe47730eae85b20acee1bdf449b52dbec605a
1249352;0xce1899674ac0b4137a5bb819e3849794a768eaf0
1354260;0xc32cf4d9014d9698ec04e34cb78a766ba2fb61db
1059810;0xd01429cb92a873173506c2c80c60e1f2b8334fb4
1044214;0x0be87c1304d1e250204703514354f9f252e6e084
346800;0x5acc83a75b79d34adf92037b4df0efef1e537a6f
789171;0x1693d9b83d2902bc9a5609e2944d10088db1b3f9
425869;0x1287c8e6c5f22d89fe61b5912756090272f43641
1024639;0x1737f5b3290de40319d351709435b37e7a1e2c7d
1105647;0xc36e6e7d5fb5f9b838ab8e30ce80196e7064dc31
858558;0xfc0fe36d6b03205eba637ff911f55945fdf45248
641878;0x653d61f1e7605367fdd4ef5741effa012e03570e
1025915;0xa386aae5c9d31e13499f0b82458891c94192d9d8
862364;0x572eef626f2df7974502922885d0c0e7dfa2d5fc
850039;0x925bdb38676c09eb8887c5d39f8361b85c2d6857
718405;0x790962739be95ce2f993f9ef349101c4e5ff559f
1024138;0xe87bd5a5df2bf6025022a6e19b5e80b81a5f0ec9
691220;0x0a96052e39f3f1d889df9b9209f1b4c5a60c8a28
904312;0x179a1f02bca52a596d7fb6df70e4b6aad8959c8e
1288542;0x1ce0d32b4b28d26ee5dece5621ade3fba497dc97
517942;0x81c1f0a745c565a5044c95d76d0e973ce358c594
230515;0x21a3c5820f0ede378c55ce056612d31e18be488a
603307;0xe5690aa3da7ea70aef17471c4929686144f9de9b
278974;0x76b198538e62935de64fb96e7e05aecc1e732994
274341;0x7ee830664b7cde6cc3310caf78ba5be0d98e09e6
1143648;0x6e4aa1138ba41b9d8c3b8fc120289c1413940105
861821;0x367f86d42ad4cd36328d247cb3d0fd4c60de318c
527014;0xee3012c214d78fcde9d3ba02ad41c1073cf4e360
951836;0xbe51cbb2d187d479de0463201783dc107001c53a
390360;0xbd228dab82a9d424a8c152eaa8bcd5f672c23e33
677840;0x488be74fd4da3209a326847fc32b037034ff5b66
887586;0xb6bf1246b83a44c06967645d30cf05583382e06a
1024598;0x69fa799fec889d96e957804be104c0f5fceae3a5
564475;0x4fb3f7e6c7b924c8135a4659aa4d143d80ebba91
649032;0x29cee350a5aacd48a6ddcd23cfcac8e92848567d
552667;0x825e1fe2d1856e8ffbf30dbe8293fa2feb22adba
529531;0xb5e0df788670a55a21a17960fdcd789ac00f6d89
977180;0x07b375fa8f1941dd90a4d8b860adf9becefe4474
941091;0x0d134906869c00b96306d77088b4b57bf993d8e4
684839;0xac8d8d274b616b8300b8f3dc5b41b382f243d212
1005450;0x65140eb7780f32163482542a31429c0b0991172d
644377;0x9f9f3e1b3bf76159a14963af548bcd051b4efb09
509827;0xf4b1883b958ee4c03b2e8accb020a2e6f2842747
645195;0x6886f37e02a38acfb7c04a0d04c69491eb8e52b1
560704;0x64f47d8c6180244dca4c32eff8dfddf14da79fb8
691639;0x4f272c174ad8e0857a5a4657430596cd1b8e85f8
511881;0xbbfcef9116c83aff2dfd06049306c1e1448a0d2c
855439;0xa31062c3af769c34439f1820484b80a883be8548
522908;0x7ac728e2ab2afe2e5223793887986f676f36cca6
360497;0xe56751fba9b219ed904680f3d355e12c10735d4c
1731;0xfb142624a3088fc33f6f3ed8fab029163246e690
1005411;0xb3d3310dfc0de11a32c71ab0d5ba89260d63d9ae
1101067;0x674a20a2da23277758e161fc8dee049354d28eed
389060;0x76408b34ffd2220c4397a14350aa91ac5c07dfb4
441775;0xd9b096fcf6018d08cef8dae349350844e0ec5d38
702582;0xa342170e02bb63e47558a503eea070b321bb0953
668413;0x62ac74b309b7e89d5ab06451b7836c3d58a036c1
711517;0xaccf6956e6f9cfabe2b46d6046791a5bf47ba664
396415;0x46e9079bf451969258ba96884620e634462b39c5
1065088;0x14b1c02051bcc29eb5c22e7cf2f54ffa36066ec2
857114;0x397fc89a45168ed28bc115b82c2b3757a6c544e1
249371;0x1fda8e98279bbfb2d87aa23e0b665fad6915844d
330308;0x02a2f2815915c5d07ecd37fe767d700be7d00d22
16311;0xbcbd519de4009706d22562b51549eafdd9edd57a
989743;0x3ac0e6774e66bf1eb4af48e660372673528bcf22
272752;0xaf847d56b9ce4788a86e3a3265f55ab32f4142a4
984849;0x9c372929ab45fca0614c72ab219c3c22f8e407d2
840488;0xac62608824eadefc4a3d0f00668c1936763ecc8c
1135125;0xfb64209fc394a8a57acadb81ba367591ef19a4cf
511871;0xdc24b7f44a994cd6be90299df238d43177e9a1ae
391793;0x47e80561f8d0610f521baafaa722f15bdf2cd73c
663753;0x5007fa22b3859e7406980b991232120febaa63af
855822;0xa59e33f09f4a87e336561b79c036dd08ddce9039
527114;0xeb02dcd89e1e397abc3e07913350a13256f19f8c
369503;0x7043cf5fab5ed24be8afc61ea97d8d358e6943fb
21701;0x7df3cd72ab7b01fbd0d1c09f708662834b555e99
474924;0x07bcd0cd7dfe3d70790cb080d5579a296c0eeb2b
315063;0x8d40404dcc7e90cc8f7e7bb73a3634898729a438
792867;0x4b5b9e729e5eac50b77fbfc48da84c66f44c87e9
252515;0xd44b419ca1f9628fb720b8437e0822abce593909
1071786;0x053c1ff9bd85dffaf6b6d62ac3105e59f8546f89
1010690;0x214c260c7fd58efa63830833d73a4f4b2d77fe1d
854850;0x2eca7f51d4d97023eb74243de3f4d63076f67630
8758;0x9bafba486447b09d219734959525f27fe122a992
800565;0x649c676e1af29e507dec65a9769183c154379d94
11563;0xc415d40da298234df65c64555902bb177c13cbd2
1031679;0x706109e964f857415f5e41d88c54322a142caeb1
882331;0x55e254751b7a81987b2ae7fe48535d9ea5c053e6
1105022;0xd1b9b81fd18418d00df881130561b5fd2acfe069
1130683;0x50cfe784cc92c758f3c25d6ebb80c26f55ec8978
957115;0xa95ee567bc8b9243747e075db20ea60191c12103
607199;0x67c46ca2eac1a9f12ec3b87e1b31e11eccfbf340
280026;0xab727d2fa2cb3ad42d1555f6acc247dcdf4e2e16
433377;0x6dc3eb08c9964de3622dc8c2e719e6e1bf7dd1b1
654849;0x80a41714548e28a2ce5664a6dc1b844edc086dba
1038513;0x6b224ef6ccd3bf56d62d3f3321b729b2fb3ad4b3
758201;0xc8d698aa01fbb9cfe119bb5427e9e5c4d36b7d15
983715;0xd783b8ab2a4fcc4f8a956e4d659814da6eff7d2f
475780;0xc1626eef7f5d24707c096434500acc3c0d2be316
475326;0x6638b1884fabf36556d6383ac60323cd283fa8e2
1287;0xb2c42d93c1ec6c57b1713e03827369d59866e4b4
1106746;0xe3785c3fc478165ad5e57c6fab6b67c988b768ee
373898;0x9a26570647f748fb3ae306264b17a3d3ee540295
456476;0x89284f0b6da845faf860c3407451eab95f438721
982090;0xbd962388ede4ec9075b53b85bf3c13f01aa01544
586653;0xe04a8638f7d17a6a7a771f49610f7a84928ee3c6
878591;0x08d5178d850bfb59ebf1488dd5f02ad47d6d3d84
1050496;0xd74978748582017efa12832cf21d2ff58e856f20
318848;0x3666267fb6a79819c20ad94ef1b8e3e9d5b9f471
1064424;0xbcb1d34573120245da1c2d87a0b99091144e98b9
507310;0xf539033bbe70ab38bfbfd8590cc4a461465fae0f
369088;0x3c0d16afba3afbcbddd97371d0dc09e27e9d840a
244564;0x19150dcab303477648c0dc8e41d236adaf2c7068
582487;0x619d0cb32dec126d5f2e321b01480389169fba98
800581;0x5da18d541c21b1a78f585e841838c6ae8f669d94
524197;0x9f18db8b1e38a6a3e4ca5d00aeedb886b27f2b57
606704;0xc0f2630fd05b42f6ece43513dcbb4c7d4c621492
1142741;0x8675e846a3b684e65bf4ded26fa504686e9579fe
584002;0x31558fce5485db61f0154ae03d0f85542989cd75
360374;0x7132ef8adfeef8ccf93495debd231f43f9f58540
1142781;0x8bbe10206dec6ae4d63221f6d87767dfc8b64a39
989745;0x0033a35e66cec28b470190cc8473163b92ba397b
561109;0xca1be7ef04df152af17c5dbee4fa5cdd1c433045
569032;0x44328c2e842720fd336a2c775333649b19422a9b
390289;0x138b8983d048c49cf7b3945c20a1fe1e97b11147
613161;0x7b5693dabfb5e88ee10ff397c9eb0f124fc3254b
294808;0xe39c097c21258f2348287deda56815eb2bad071b
797501;0x079f1a1f9cc7336abf5dd162c1c51e7f1f6be20e
885080;0x1b271443ebc53f96c538e13c2113c976db1aa1c2
1029667;0x2c838ffafb14e43dfb4e0413aa9333ffe6f44eef
439705;0x22c722b6a1911c3941fda2802fcf1fbc2c150e99
737170;0xbb3f326a3fbbef6fdf76cc6999127b83b684143c
733035;0x3ee4ca0ca5f7e7d47ff61d9b0b27cb5131a5b40e
620307;0xb973eaa606bce59ed3e23c4175e630d49436368c
753176;0x541bab15ec7a38d0e9a96ac3edf4fbd2d9aa5552
816303;0x747ffd3bdeb0e9a58cfd26f53bf46b7f9979239c
341225;0x5ad0a8a9fc4551185472d33e10b4275f15197776
587483;0x75180f76c4a44842b2dc88a0a95858e963c140a1
527064;0xe32393498bbd8a2df81a5faad5701916ffeea94c
722641;0x614c1dfd2e947dbe927f3d5abb380554ec025d9b
945839;0x74f6a43e748952dbaac5504525fd11ed54d10ede
237019;0x30e58eb7fee996f8aaf8b082b5a4f1bda9b2ebd6
243595;0x9695fbfb09686a07bd26e9af906473e303539302
877514;0x94e5aae62ee443e91957195556e1fb81af12bb05
343134;0x8f1185584f66249b44fbfa867cbe80391b929935
1146362;0x938cce854715b8d5791f1ea2922935abd25a0cc5
520600;0xd6469243d9465474006478348f76410ba8a1f73c
514439;0x642fdb46abe02ab7a290c26181117593ad7c65e5
532560;0xa518b9efec8c3bf24934ca7db1536ed6370bb025
527393;0xb1d795bfd1719535c4639e2beaac70aa53d98389
527042;0x92e013a53ef5a07fb73142478462a613aa5a66e8
804109;0x344052ac603bc6e4c4564f8e0c85bcbc19ec45af
866599;0xe9d1ce5c1fbcdf334388f513e606d97a64c8f10b
890333;0x6d14bd5c345285f671359d741615194cce50bd3b
1117544;0xbeefc12bef1aee9a16cab99c5db5a5090fc4c896
390371;0x9dfa4f126a0b887fac9ff30af389fcd8ca642585
369992;0xed3fd648dbc2feedbe024771cabe9d1497babf04
788763;0xf54c8d9cba5b2b18565f30c8a3a3d6ab92a14873
1043614;0x6d4743d73f9926af75959c15d9fd585e9cdd51c2
462977;0x8bcb045685f2f4d2fc8ac192c0b9fbda820cb21a
1102061;0xc8b886e2b68e479ea663e616f90a79e3a3ed3854
963540;0xdc9ff938cce9f0c780d6b6d7ad37f7cb2b1a1a8e
668333;0xf3470ad3a81ee83c5df18b35c670244bf248ad17
1078435;0x9790546464e0f04eee7504523906585e60d537ea
1117614;0x357c72a982589b76794cad1ba8a04b211caa2774
475623;0xd030331160c62fd38542b79fefdceb624bd98cb1
390590;0x3e605d25135891ddbd4c1dde84944603ceba6e6a
1107289;0x31d25a0e18d272ade6c099dbcf5b8bd90873b41d
1060212;0xfdd9c7eb479fdc95960da99c3bd8375ec4bfe9de
548292;0x4b81da05b699fad19ef0839a3cd8807bc5afc920
366773;0xcbfc83b12638e770c472c34b466e28355483a4c5
1163459;0x3fa6eeba6e4b923081fe89b19bce1a4f8d620fa0
333498;0x9c224dc06dd68cf2aed59fb9d17e91f8875d2876
527030;0xcf49c1228bfbbfbcb459e379f3ff5b634782f512
1009511;0xa36ba17c51eeb30b6cfb156cf3ca4b9f0595bb27
200525;0x3b93922a81c48685dcb70a8d4dda1537171505d1
269802;0x3753a30660746ac16bb389ae968168c7ab07ecb9
1009614;0xd46b3b20f067a8d0426e0a03488c4908cb93a640
371153;0x13468cbfba2c1f50a5643862de62580eeb765916
820146;0xdf67588fb89828622fde0e531d06c8bdc7921e56
330603;0xf360399b911436e8c4ddeac06030c9605afd4e15
1060789;0xb01ff7fe85da79462826be717dd728da3603147c
242004;0x696125f821c924f642b9aa0816f3a19fcf334d0c
876809;0xa8f6ca2aa829f33365483d10ae5a4bd8ced98a3b
800597;0x9dedb08ac7da830ade1fe0af14247d155043b5f6
800582;0x87f8107f53ffe3cd7736403b870644d38e786b85
389087;0x6246768a4d926048eb9238b5c48f3776faf5dff1
16602;0x8f91a6586b0356f89a83da084a9c14fa3843035e
840412;0x9a5ba165b408ec886e672fdcc71695c56bfcf1db
1088990;0xb4a47dd179e3a3bf1c54a5cfa672e9efd1fd8b08
628251;0x61c4f94c0da867dfabf3d0861cc64c507c8c2035
526911;0x472bd92a9c974630d83b5aa0d08f30ca48ed4df6
1163184;0xf33a5fa2461ce143c23b222d8e062a99d3aa928f
1143654;0xf806b7811673a42e51007f2cff5a9a2f7d8ea693
528336;0xcef647bce24d2447bd1f17a36818a52b1e95fa8b
800250;0xc91fc7db1641521f94165fb7adff6562ab5e4fde
390407;0x03dd31a07ebaac19a55e9686597e730d875300f1
553260;0x9b02372fc1a233b4e849a22486abca893daead6d
1314449;0x5146a645e36bee18e34b6b31b993c791ba5be4c5
317935;0x8b65efd3f2f0adbbfdcf5bc891628359ebeea731
1156355;0x7af10a25f46f85532e37966de3cc3fc9c7428619
233730;0x9e21d5c0978ab3a28b9af9ea85e09b6818ad7b42
630491;0xbc20651da9f5e0801ed4637105cb675d37887148
390422;0xd3348cbc4fda75132362f3bf16769eeb4465fd67
981493;0x6c46e465440ec5c8173d9d19ba24b163a0ae6c88
593442;0xaaf24777f919b24de759e7116b47b2473c067cba
852656;0x5344a1a30d8d2feffe51590f50006c545667fe17
1156391;0x181bc17db9763291da1e8f7bcff30f4accdc74f1
1106017;0x691d9b62197939954aefa8c5e95e48b09df76d89
1077436;0xbb10774ad44bf4b3a40ce440586fc8c8d5d4d265
1103730;0x4e1453e74dc9bf7d34cb68347c3b3584ce586f9a
501954;0x74c2003408fc23377a0e77a925b588b4cb35dfaa
432746;0xa357f2a7c4473818c297333378a32be33803618b
1022466;0x9874cceb024f291363b177b470f594be3cf17dd7
16244;0xafd1a051396591ed8b089ac2067c6e593b7228b2
578846;0x3b780bd86069e884e332b72bf6033f9d43d80351
268602;0x40612708a8e79653b302b8f64b454f5feab28bad
223541;0x3723eed3b8612037d4bd1b1cbe6a42b92cc0a2e4
425996;0x4425a900faf456eb273dd83e2b56c6a0fce32139
1065454;0xe82166c683fed894eb6a9d511c048aa201512061
898650;0x9316dd8d3481e11ec265eb2e14279ef8db980085
511509;0xb9d8155f8314b6ad14d4e1881910559d6fec8ffc
1332719;0xd9701f8480a88a188ebecfd4d61ead9865d4eb60
1332520;0x726d0e40d2a0c9ba7e923e67e0666d62ade7a74a
314108;0xb7fcc784347d002b5b52bddeb40a45a787a7dd3f
2902;0xb83813993b5bccdc9a538b292470b3901985ea90
241982;0x5739398e0f5f64912db4e3ebafe064830aaa1179
389068;0x782ab12fa0f7217056a13180f2a6bdd04868124a
349140;0x83620eb2ac2c1cef6b1bdcf03f07e2a6c3a558cf
269942;0x09398a9a18327a3776b40bbf5bef6c9e44b2e64a
527109;0x982e077625cfdbf4e678a6427f81dacce7ab610c
1076771;0x17312ab28a5ee1246ebe6153797ed790cd80ecf3
516631;0x9ff39d6d42d2d7cb53c36dd4c52038b945fa9f8e
193946;0xde511fdac14e039114267e0ae539d049d4cb5e5d
485472;0x74350658f110dc5ccc92b5a251c8fb91625af798
253419;0x8d04d2a96650dde5e3fe2f95e5f10cd0f4960b53
869770;0xc043131a9c97f02e13f24e965a04b297fffa4df4
543327;0x40143873a43447806de56d66a686bb0e8d54b430
1022928;0x09197c84aec35443f9f2a9b981808dafc6b7b049
1041582;0x48aed0f82a281a263b02d00466fc5c69eed786ab
297609;0xbd380c0fe671f888d496304e6df70d0087c14c38
281555;0x82f84e7a283b2cfe803540017719d30165f7fab6
475373;0x55da25649e8420f9d18b178573f0f29b656c5d53
526887;0xbab2d758c7867cc4ad22b7ec77afd25fdf8eaad4
555357;0xb387c85ce1a1b1e60a038bcb8eb3d6d6bfaee285
848994;0x0cf71339884ad3343c850adaa1073dbafd4ff000
1109233;0x3c412edc9c39dc36902740a54118fdf6944ba938
10538;0x9c903363171139e013929fa246a6147c52dd810d
370482;0x0bb9f31ddd83a4d27daca7d540947a16202482d0
1004638;0xc3b9f0445d70713bea4d9ab3061572e0db3cf074
198080;0xf481f271ee187893cb6ec82e50416c1f1cd60e6c
790897;0x4a7d32ee556e8f95bacea9ee9ab4fcd71b22bbfe
758169;0xce5756206c05683c3eb4527a8cdc51405da1b029
287162;0x825da186597b091a61582e24d679ac585937dbff
989747;0xff51a706aef9113bbcfaea20955b838aee9f91b0
913977;0x8fcaa217311193170312baa48cd98cfb989384ba
481489;0x6b11b78da01c3fc4a04416537eb1a0bfe6c1b21e
1095667;0xc32fa63d026bdd60f57014260931fe58e82543b7
274578;0x1eb0536f2f4ba8f1fbac41bbf6e1b6782a002d5c
1029482;0xce7747787c74492ea3fecfee53889bd67eca694d
547240;0x432bb61a12a0abe8fba1421dd9c7f8649e5517fe
404275;0x8fff0b6c9547aa26513a7d27d477efa953c3c910
304351;0x3b531f81dd12a484d9c5b4469df4ee772502c8b6
410626;0x04c5697ab48a0dec80770d008c1657b7108a7e2b
298627;0x0e568588c5a5217d0c83ea720263e6a5fbadefe5
1139409;0x179b202d546f053ae7dfa3faee85039a3289254f
1167822;0xf882ba59bee03c55231b1388816d1582d0622af1
20692;0x09d8270a1de38b53df1f47dec27f377ce145115c
239905;0x1913f45851ba9e3cba10a01aa8aafe599ee87735
488993;0x3ff21cd6d8a48e758ef56b8f112be8972fbee02d
652475;0xc056b70028a19e028322e4143f914b2405e995cf
243161;0xbe67354704487bf8b4e953b934e6666550697178
897678;0xb75035c0c60fbd80bcee516d71907df265db4716
1149332;0xf8db77c60e3b13437c8f1e9ab4b695d1e9a214e1
482654;0x2bf37c33b5d314bd81269ceb1046b449af93f700
667602;0x0e73e1bb432d669ce35cf0a4d0dc888786c1c95f
493176;0xf7ae2664f5494378a984764ca0a3dd00da04f4fe
949287;0xb472cb356058b05336f41dfb24e5553024b884e4
1131249;0x6e78dacbad2979335f7a8addae890db67cd09932
314782;0x144cc3c4f396b92301e86378ac0abe02d289db4d
877868;0x6e89862999c45c6136d5943a331b7744ad1da722
724464;0x1ca09950142c7072906596c3e6a24cbcdcd91605
1043313;0x3f51891e5f49bb0f8152ac8008544c353e434728
774458;0x923b361fdaff77f6f95642b98bef7f995ad04aa6
370416;0x0d42d4b26b319e8154a70478ee02bab4e230fd18
1130639;0x78d7c063c4922bc32e5648521db7f9d7cd387b42
1018423;0xfa412608600ee282754a6465c05b9db6b31da5da
1048230;0x876c620365be5cef6686999d9db38e1cf6879c1f
1074982;0x18ba9840a9cbe0eb62107b48e591e88885f9f9ab
1327127;0xb8b274671e58ee4ebc51237b2f8df72f543c6158
511317;0xbf93721c58456c2b0f221b6a5eb29aabf2c1ca5c
547656;0xe1f21fb46de0443b5fd2b84c926a3946aeb7ed3b
266428;0x220ef734f1d8ba622ac4d6b06c010600b87c3e87
977056;0xb748216f9424636d5ca5476f8088a4e256d7672a
636235;0xc0618cfc2b781b06c2829f54561ff6d7f9d8f386
1143656;0x4b1e1615479dadda2bd7f8dff0601a85429b9a18
494864;0xffdf137a172d802f72321bb5c0196dd49fe9268f
1119658;0xed58035a9b1fb24d74e656baecabcbc01d545369
654789;0xa02e35423f19ce57840aad69f40664e6cbf0358e
1005991;0xcfb07e9626deee0591e2ef00af1fb957c4e2603e
757768;0xd67b0c00db61c5d85fb2c5dde136ea60994a8191
915574;0x8853956aae2941641ef54e892b4b052dbcd6e45b
639361;0xf1ee015c256ac99b7ac27771f02cbecacd9a87d3
873156;0xbd2a1549d09efac534ba88796071fdd707beb714
1149373;0x09f45f0c3296f708b830abe93b07f36913346082
479706;0xf0f9c6ef204612c9c787b04f068bba3ea8c88df7
409602;0xb5c221c7064f8de6ada5ce36b5e991f99a8faef0
1039082;0xe76943f78662a5adfeaa80f83ca86ca0d4a643b6
1096627;0x5a78ea0f48edd770beaa9a448620ffcf38ee33da
1005969;0xca1392546b81a8ac436d4fd6f3a20e1273c7a9c3
390254;0x45bc5731f6f17cc6f562f3cf9dc9a5e93f87c692
709649;0xb020fc0a4ce20d44e30c4a49720b52e4da325000
851793;0x660076108dafa5867d8f3292ad0db9cf07cee276
789211;0x248296f320d243c9fb120af666731f1d2d5e5e5c
852079;0x043f98d1c810c9ac4eedf8c910eac8c2697b8df5
851044;0x0fba6fb6ed7e0ee3ce954a36544972cf036762f6
1005945;0xe19724a0e5d9e8ad3ccabaea77b4ab04913acfcf
353392;0xa4c284e950dadf4796d220194ab88d34eee50815
662208;0x0c28b1fc0f5afd82289a35b28a0c488ada1ced2c
508858;0xfa3a8abe15d49ccb703a22e4e0f88ca5c0ca61b2
263678;0x210ff7f419b09ccda098bc735e523167c57f9102
775780;0xb9f20d8ebacb28f66983393058918cd85bb00753
879539;0xd1a024c6f624c6e596cbce964de205ced581d4cd
273493;0x314aff517a6b77da9051025f68b181510668bc62
677782;0x742e2c425b4f6792d2a52d7d34dede8d0dcd4cd1
1044936;0x78fdca84e9811e124740a78195212f3bc13a047c
1345748;0x002cb998b8e4a8ef903c83dfd87540febd792f1e
913946;0x56a2c79b683365868f82b872fa737d84dcf58f71
980522;0xf747d63a6d37cf2deef916d1e0af384e20d5de66
244653;0x75c898c93895de88d42ca56aa968e29e873daf49
1005932;0x2458a2b2f6ff34e1700c156a7e8d9595371b3bbd
1146426;0x05727eddba007b5b001c175b9a45b9fbfa84e8ec
898886;0x549f40218376c68fc15ce7f0fbd10364a1f42ffb
798705;0xc5f3d88c379f72482ece5c563cacd0df74b08301
1074096;0xac6659da03192d477c42d46238a0b23443a41372
1138786;0x0d1475c790243151b2881ffbb4f1b52de3d50e8c
502264;0x66af656ea25c407c94b9f9d3dd06d52fe0e845d9
1279370;0xee835160a22e92a7cc2bf768938463c80924e396
508243;0x71a7d7e21225418ae9ef71e7e7ae2ede42af0a53
753839;0x2d0fa346bf7b169778a0feedbce9934a89abf69b
1005923;0x7715c35650416a422a28286a3d8ba954088f4081
779025;0x162cd852a7537c482074bb497a3dd95c49a6824b
1024149;0x110948cf5b8a39b99a25479d548c6f4802c13017
1095944;0x65069dce32e971c9ed4337800fd06d622158bed3
841896;0x97548177c2ac8c911d3bd3cf4d4205a0f155c624
1199075;0x58abe75aa2f3ba6e3acad043bf46c931587f2df6
471859;0x1a6731561b3672ad1325cbf79d4883327510fdcf
1130424;0x0622bf4964d16b3e408c38cf7b049ce32bd0c302
525305;0xf998c00ceefbaf427445866125a9176348b5d3ee
859257;0xc40d8d0f3edb0db56941cc10af3b7e33d849e0b2
481494;0x4e36d3d4e1ba7003e22b12a9a9cdfcb413b62f91
271482;0x26a1dded6df40afa06c32e7308200baee2aa2f39
975643;0x3590539fca7f4e8b357dad6ec4832e7216d73120
2210;0x10fc964ef70c8467cd8c53e9ed9347422adf96a8
982251;0x8a09105af0c57f19a4de6cc454b57df38843a403
1112519;0x5cc24cc02a3cc589ddba8170ab78633b9522d20b
441270;0x846ea74a0ac53201fad4576644f7ffaae4c41f24
1354233;0xa4d17267dd4c08b4635ed5f4155754c646102164
234868;0x889cc7c5c35515abc7b14f76e3ad2905e6eaa18e
264467;0x049dd0787371a3cebc2cf51ca112ddc98ea8638b
236048;0xa0b244db62b04d912f43d4c362ff52cc803c1d14
1115548;0xaee1365bf8aced1a40ccedac062a995432384abe
655020;0xdb01864c815843dc18c8bd89329cd1fe4927b8ac
936800;0x67501c8bde00b981e7ec8a6692800f36a43a7c48
346697;0x71e10bec4bc16163d26a250b11d0f402c04b637a
645511;0x4e6e291d0d7b04c0b90dbb24010d41b542311f6f
1038986;0xd117fdc907e77ecdaed3ad55ebe6e23407eae2e9
1078600;0x28017ce6ce6486ea875b1c591788d4275d784279
759501;0xebd4a30ed591bf5098a9cd0c58c6298987d61898
857149;0xba7fb3f097b2bf6d486381654a8d87c00f4741df
1043254;0x85c9830183cf124f3c0dbb17644a8ce20c712be1
268865;0xf8108bd1b739a2b5a395124b6f960dd8979e03f7
363619;0x821a11234e344487cd822f20bdb2411f812a53a5
365926;0x7ae51eaeba1cb87b73c9e2c20d96e8873cf95acc
558313;0x9ae468c1b2bbad618581b87bb2a1d3974c907b82
333430;0x16491078e4f6664a01c079df8302cbf686fa0783
320491;0x4a9f7dd613b5e8d03d2c57682c50e9140371cc0f
1043891;0x566566a40b7b7c2137f2f31d686eccfb42c662cd
520611;0x2eed9d0ffd19e8a5a7f98b3512ac8125a109f7a3
789091;0x21d58e302d5e5aecb07240f593e14a9f8b2d69da
364481;0x07f62f48709b2c427e54e102531d07d9e21ad99e
431836;0x33a8b2bfe99fdde4eb8644ac5da6e039394956fb
834855;0x87120608b6ad115ab2948d2a1a5d0485f516c9e2
1143659;0x30e101c025fdaa9bd5ff33659a3bb350c7282e86
667777;0x7d72d46bbe9dfdd67036c4149b4b8d5d7c2a1d68
303986;0xcc00296a2e01aaaaf0ce764a8e2dff99a21727b3
502321;0x743715160d9c5c8550cc9a75b712b60d449fee51
996040;0x363a16f7e0f22127a3a025d5a6fff2aa9028d993
293117;0x023b9e6fefa25be5be2f065c2aa9efbc107fa345
786306;0xbd39381e44deed95633fbc4c32c5c6001075456d
1035549;0x7300ad52bb143d9715c248f07fccdafdff5ff5b2
593840;0xd2d0f9e76ef09bd47db9542293095e6aecd6ffd2
348029;0xcd2ca7725f49cc997346fe624b13675dd6d80eca
435143;0x41b69856472c9e32f8d589abe1ef7275817202b7
1161869;0xff808aaa09347c142506d1cc77d260075fc9e811
628955;0x4b84d947301b32a7143d634c3103505d20053127
308481;0xfba2e38af8ea72b6bae8ca7c02c5c14a96781c18
240798;0x200e3e530c643f8ea2f4124b8caea3f40bcf4600
310189;0x075ebfcddc01aeb636b37721caf5f94ab76d4782
1019596;0x52f1758c2aecf69615666d009fd795f5967f87e5
534838;0xbd9f2235bff53a7a9d9b5816a2c81b5de46bb559
1041410;0xa3049ccb767af2b841fb228cef7b34929eaae386
675926;0xc3b2048a25f5a57bfca541ae26b62802001547bf
1131207;0xdc5da0862fb007a18f2fa72df199519963d64058
416326;0x694bc1094c68fab72af24a2a1320ac457a51cc5d
675277;0x21fb361c3b5e1f73eae517001b683414621622e9
734940;0xe9e14e0eead3d8bcd4e6e5c54c883a100be36fcf
1103686;0xaa26f19ac7974203cdb5322388d64e11072338c7
809728;0xe9c6c46ebf0238d31415681985543124bcf90bbc
253431;0x004de63165802ce1cfda04a6508c5eac91a5d07e
1046337;0xa987b5ca42218b62df344e59e102e35cac2404a5
1100965;0x727d06fff0d2b199ed62527d7544dd6aa02066e0
380998;0xcf50aff8c0427b0c67bb7cf99e2104ae187a76c2
999384;0x351cc7ede4ed2afe9e4b42ccf15a15d084bf81d2
333386;0xde7f6e9edf879de0b86e24c8ccb97067eff404dd
612640;0xa9c305522abf3b797d21967c5ce2d12a2cd44c52
1059912;0x29c5c68dd36ae5dc3ebc8ebc2fc0333764942e46
303560;0xe39b46c81b9598b324100c51ac2cd94b7f4a0561
240994;0x53f7f1dec0a19efae405ba37e812c3d76d5a9697
675545;0x6506f5d8db777a2fa6d0a583dca3995616035411
525353;0x2fcea40658c6f3494d8a2163479e743897ae8437
1131044;0xab864783cb886cec4164df292f2d950fcb97a438
1043974;0x28f18d6e55d4e494530b18efbf98fbbf97239559
697403;0xd101ed5e142d8c9aa9706deb0cb36a2db2679be7
1033527;0x3daad6cd8eb02d8171d24c8abc0d84a96707374f
961715;0xb8e23c427d43f101e907baa8e5ffb416b72f4511
878976;0x73e3aa8ab8059e585df043008ce4c5405f0e7961
1060817;0x08c41b4c997d3140868ee9527f64631f0f6fd1e8
697428;0x7a2285d8823e8879c7ff1a0dc3737af60dd49588
1090394;0x7b7e15962c167a63d31dddb9924ebdd97dcf1dfd
1105954;0x7baaf308549e2b320312375165d2f9d851a70e7f
928154;0xb48c3bac78b306d992b2ec7adb7b7a664e72df90
609327;0xe5cbe697cc80f42932c5e3588f98c7177f88ec88
19245;0xb547e67b6236d78aaa4d188d62b11c6f064d6915
523224;0x0fe0427d1c9b0e9c912b24c4f61b415a149ee525
487909;0x98741662db68a0c9c49ff1a246561bc1205e121f
21750;0x56333ecb9e324584411f6c3c7aa20ad294470e8e
571146;0x2947f183448f8373255364ef6826927d213d2db6
647419;0x8b0bdceb1707e5e7e9a7634f200f3809959231a5
797067;0x458fb23048437a43cab143d1a14078d1eb5b5418
1094962;0x3abd8a18a20f3d9435c32d000029b1db3d02bb11
289011;0xeb09f51453af61b0b8ed58a2a21601725c60c797
552047;0xab6e3104a90d61d544933ca10ef069125c1d2880
481732;0x067509272e28f13b68646b8b71d20c506e1c95c5
1102307;0x785f9544ffb442caf1a287541b5110ca8fcdcbc6
884934;0xb93ff797f85be541bf97d883f2904cf82f33aa19
274447;0x9032fc3e0210680d34353a503ab4969e49afe3dc
1016435;0x99478600b4d932d60c1937cf160acb510d9eb6a1
897974;0x2047c4a590ccbbf6b84df83c15261b95c9a2ef06
894966;0xe32a29d1cb25e155915d7567fa3a8226a9d88707
867199;0xf5663e2451028760f33797d60f60a37d58b72ca9
973116;0xdfdf9e4f611e5061e6df51b0c19a8cdadd7456ca
329799;0xc9de7f64c205b8ea8b36cb85bf4325d2754803dd
1096188;0xaa94bf3a178bb495082c50d5d499ae0ab386c105
206887;0x4e67422d0eca1b846fe27ea5c8b8fb53ca00f77e
990584;0x04aa78cd99a11bbc7b9d4cfe9d5599c0dd81e1f0
731590;0xe9e651610d20b1c203e65f60a4817a17b7f26623
995592;0x51ec7ae59abcd45e92d16713a90cc2a42aa85931
836235;0x18f695086597e42dcee79ce240fbaa00d9670b98
1058795;0xc09ee3ac3aa4f7903b87d945f3d85a772b40f24c
999812;0x88e0ee35fe32c4e930de903f055bb9dd6aed3055
574510;0xd91829fb982aea7dd526387c82b2c8a751f07af1
469907;0xa3843601d130c5447777b689256cb10d5fc84456
568352;0xe3f86d6c00c69104a59395e16122e316701967e3
322431;0x877762327728b23311ec54d421c279793bc00c07
1260826;0x6817de69d9cac9febd97a4c16ce0bf23956b0d80
1075466;0xdade626ea87ec38d7a0e5eaefcfbc5faa5d5516c
612388;0x3fc6fb453f2f3b7801e2d6cd50fb159366bdf5c9
976922;0xdd053e93651f6a8d56a98c65b25b053829895581
456997;0xffbb48202f2361ff4174090ad8841cc3697f7144
419112;0x75c7e0a4b61e009467aec3937628e8d1d86a1f48
1217984;0xe1fe289e54f2a83f5f6bf27223e6bed3b0023ed6
310142;0xbf1d17e96c715914f382c6cd7799bce629d6da44
480631;0x0d91ea45e63eed14e5b190354fdafcb4d3738793
989744;0xc026d2fcde7b5ede10f6ecfa8a500ffb92b16d91
203475;0xca591ed9f9de8adccffd3613cab09e57341ae375
326025;0x65c16bc866463eda2e8591f80d92867a87500932
900881;0x3a2bf0ba159d85c61bc9b58fa41ee2519c148783
864435;0x468ee2359891b239dd3313fb5cb1de7fea9ec5d8
308964;0x38e57b614975d7b545d0631b5e713e6d84fc8fdc
1006965;0x14fd96df775d2ca74342e995222cd2d5de8bdec8
705130;0x05200f459844c10c24d2098c2e137bc3319746fb
1075908;0x9231576004df59052198a9ad41507a9a9ba8b992
898781;0x971593eb04020c14c497ba57c2bc7d2e693259a6
512258;0x3eb4e67e101021ffa79398689699117785c00f69
527623;0x2ccc547ed24db7a0205e49c072400f09e2593303
1162318;0xd95a638a0ab19d78fa73cc074a6a225e878f82af
586702;0x15ffbb201932b8277cda8c446d679ab9aee11674
200961;0x21ee84123e83f8179a958e9e0caebc92806998d4
1143662;0xa018f882bee40700894bd2c23f06e2457c5e634a
960880;0x84da41d838e33961fdf403ac01ea54d8f3f9b829
391084;0x04ae1225be2bf502bb00fd428a2de4ca5c8eff77
551411;0x92d4b25e7d401940ac1174ba30925546e488905b
665104;0x950e8f175f559ba43ae59224eb9e86623d72f8ab
7099;0xfd1cf38914acc18d936741e6fbb447c428bd163f
290673;0xe02e2557bb807cf7e30cef8c3146963a8a1d4496
694602;0x70ef8ef98158930b901efd00515a30bee1af8131
943700;0xd0e4e9ff4c295ed8dd0cdfe64e594be1a320bdda
781146;0x7a834b94c2800048c83182b1cb440365bbba0f85
301125;0x0782faa96ba9919bfad4a77e181d1e4c9e657cf2
1040939;0xf2934d6d53bb5ca6b145804ca2c73e3c65ca01b3
886097;0xa21c2fe2384bbde038014f76ed9fada79a8fbebf
275509;0xf564438a46059120baa6b90c67d363a0318deaaf
225578;0xea8d3c6ab85c6ea92760bcd891f54f1ee96210c8
1006952;0x8fdc52ecc6b2ea89bda1acab8560ddd9824992b3
800961;0x585e184dc84968f83e5702659e7e4546545979c0
944121;0xff9d25bc9e97dbaaa2dd034671f347ef136a6755
1096745;0x887ca2c42a91fff65b28106758e694b4a435f493
866008;0x19b3f783bedb333867b56aa254eb7de2b7963694
1354276;0xc23ba5a3d52dda382029158f841a40f7ccfb83a4
1252503;0x1563eef7dc135e7d8c6c6793eb5538da5ca6e596
518918;0x03ec41aaa8a307550800b610d867444e1548d504
596602;0x819a1b716a6e3fb215f4a812e2e33461119c71c2
701263;0x39c6ee993e6e09110d45a5111d09241da72a7d7b
1105892;0xe9887ba1204ec35cdb0c7e129dbbc6772eaea0b5
426466;0x741feb44895c80e58cc173da6bced1e766329c26
708609;0x26f18848caedbbb7881ab67e057593b7fa9328e6
527830;0x5f7b8f07142ee2bdbefd828e72290d06fa283ae8
1107320;0xa70ae14d585ce248ad06226876ee86d38ba6557c
419411;0x153471eddc6f7e295ca0e57ee01187e7aadc27ae
834586;0x3d648a3b6a89cfc0d576442e07d7907297bd4823
412904;0xc91609d4031856264eae2a2ecf6229c9132e50fe
1088711;0x4883fc4b03166d39754b6e2eccaba7f6b7e1ff18
1345761;0x397ff1447a81a5a6fb0d5475321b68273e815f4d
524503;0x7923150ccbc122e6990c1251d1b55672ece8b8b6
372728;0x5eaf06144a32e795108430ef8c19ef3b2f6bdfee
526365;0x890de1ec0bb47f07fe9f6895c2a4bb9765541fec
850479;0x2a25807398f04a68fc02710cab96c7d4f683be5e
567471;0xacf19b1ec7f18f050f709537899d9f9fcfdf930e
500898;0x2fb2784d001abd1c0c34b15e1b628fd327d0a066
383937;0x924225e8857012e5bf57bee36e41187060308aa3
853071;0x54d4be6ea73cfacf198dd72ad07f14393b3da98d
14516;0xb095f1fcf7fc2f5a7ec0df9c693754532599c776
875859;0xec71b6b071217374d38b9bfa7d0b0f7d30d5140d
1006942;0x1053d05dd6a2e943f38063567dafb4f203fcfa30
939213;0xd4679725851cc663d098f5ddc9773d2893905e51
1289592;0x5363edcded7136248d5a0ca7bdd35c3dda15ffab
836398;0x414f8c4f431033bc51559e3dba6a45b56e62bee8
291529;0x98a7b0a637c3b76b57f9592b75eb33cbcc2ff96b
1097516;0xb404d6be18e243405cd28b8cb967c6e353b9e0e0
1104512;0xb21ece8e6d6756591ea70344496e50aaf1a669ce
432649;0x6daa0e9af60d9f552731bea31803c778a157a78d
266165;0x88afb44033de87f26195818f6781c4b6c8fc4c0b
769782;0x76bac26c5ba305b51727bee3190642920aa24f6f
1060225;0x51e8c042822f1b7e3cf86eddc056a7195013754c
1143664;0xeae09ce2715e17df4e18c9aa8d1cf3a08da885ad
1040945;0x0cf73a5496001edd88d9cdceeb095d62445e6727
476495;0x02e4045724138e793ef548bf8a82bb07f7fe3e4f
1007435;0x3ee8f72a69c4d0252637947ff8eedc8cd23f2b83
1040921;0x7877ca3a6b2de83f5d33cc26844b5340ed988f6c
1081014;0xb5a9b3aa323e4ee55e38817652ef1dc5e335d737
897882;0x0d9ad6a8ae243a26b931442822badafe9f7b740a
349721;0x34e56baf2ebc875eb33129cab98660bde7101c5a
411240;0x3d6930224591b3c8de464571a066eebfbae8c457
214011;0x480d8600b0b2d0e2b772eb68f25d32c7e6d91b7b
502316;0x11e6e6afb0b44f9999be23b9df1d8dbf93f2a1f7
860536;0x5d9c3e225c431277a0f4e7e7ff2d3d43fe278e2c
1038487;0x11a758fd56b46df475b0995c4ec0a34f401cd40b
722376;0x58130b20504ed0a2f46a1d2e66fc2f69f6c0adfd
1060154;0x882d1928c2bfbe6ecb0073500c19db92482a2336
338458;0xe2fa6c7f5ca59ed161043d5076fa1ff2357595e6
313775;0x773fee4f7ec026deea2dacdc7aba1ebe9bd30368
595129;0x4173aa6c3587fe10e01dd1c675998ef996f40e84
543159;0xfe8cc0e6cfcbb6a1681797ee3d477ff47b1b646f
372400;0xa6288032b5e59a84e80dc6dddffc9078204a38c4
259466;0x04161a2d2c3d0b7788a2f2311e26c11f0c14a8dc
1354259;0x3c39891d91a0bfc96896cde66e79f324be3343a5
733072;0x898cd06aef564ca185fd5b8ec6af1cb5d102d848
243753;0x9d8b1ed16680fc1d5347be5b75e36a792cbe8b8c
805305;0xc251bcbb44752959d01dc41c1a3464ecf6fe2a3d
712772;0x0e1e05b6658554e1a80cfb18ef6cd644c1c528c2
391317;0x1c1c92484763517951e578e4c0558888c3f492a3
917301;0x49e40bad8eee794f02126482fefbe9fdce2dd0c0
789865;0x283136ef9aae82f71778e2a5bb9ec07eece3b242
897888;0xb439f6207ba779eafffc7227c7162fc0e0be916e
8014;0x9844dbeeef7edc74011718362e90af9f9397d97f
423093;0xac8929fa4fd4c453c9c968faa4b0a857e517164e
1107254;0xea4dbb59f35afdf36375e941af389b9ec7c55ed8
496995;0x2649eb4c444474d251caa3b7f799db567f3ba070
5914;0xffae95fabf7b5a83f0bb938e7119582eecb8413a
1142386;0x20bdc215daa10915b210d3971239224835af3715
456355;0xb4a557eb8a4842568250d18aad9b0f5ad228de01
811244;0x202972427072281b93bede0e77b2255c4e31f30e
505844;0x9c3e4f79ffc172b1cd00d85474de4d4541e91bc5
897343;0xb4d227aa14cf9fdafedf12e09dfdddf0de2abd83
309898;0x8043a93f43cfc46143e6f4d13bb7ee4513112e9e
552818;0x6a91df87486c245a5781c826baa101fc733d5caf
212950;0x1fd2cbc2660f9d8dc0407c3d4b97fd38762d114d
1109252;0x33cdbc56564891c64b48ffcc4e993787fda9c49d
1130691;0x0de1c269fa68dda0a68342d55c68a795f0dc891b
952426;0x9034886051b99bc8e795632e4a3419c41d0f18d2
1109840;0x0db5f65487e457123facd308fd7023a5f93ed937
1004487;0x32271908fd42ea7c7ce305108a5e1eafe7fd9292
921097;0x87f3665439992d8785e4947065a5bbe4ff3f8c2b
921103;0x537156eaced18667fb3975dc8391dc87d9142cd1
814012;0x4f2d0eb3a5345912d93ce50e793e845f0081fa17
630523;0xdf8c5fa82f21106046166f429111bcdadaadf83b
1245209;0xb81235854872d8fbfc3db25e3cd0c05785aef12a
1049886;0xb91aa9314cbbda6e9237b01d50fe7995a7b34f23
294489;0x074423cb16bdcf9e50c060d261d98e9a168141fb
692461;0xcf560449d7eb5e03b5257002f520b1891995061c
753371;0x91d410e76086f613fc945ec1de609b90af052c9c
396483;0x2f6aa93b7e7f22d59208406e921064b7c8baf6e6
645792;0x4704eb5522a2c484eb5f12c1ca6026a108e2d8c1
1150275;0x872505f15f4d2ea5be935104fd9e3c2bac4f6f69
7926;0x989de2229f1c8e31e6eda14c702bc088b1726891
448433;0x86c34cc11d7d13a3a0e817dc4912cbdaf7fd9a26
1020339;0x7d956b9431129622aaa9ac8c1d0ef6e907e78bcc
921109;0xdd587e178f05d7a39d48ec25e62e2af03fcb099c
350761;0x17471486c8292431918be5c1a699717b6bff25d2
467628;0xd227e876f0c79afb1bf107563c1a19763cc9de8c
241529;0x56e5d8ab418611283bec93f68a695249e1c60e60
1354284;0x24a44f3ddd8b6df0660e76a163f1fefaa860fb74
829365;0x6134090da6fcf91578f9fc27750547080eac7013
1109600;0x4c5bdba2e5856e6c1ea3241a2e841a705542ec5c
386442;0x09a4cc5c9196b2799ec1a39762b159a35ed6ed57
1121241;0xceb641e89a632c56bf7be68670372f6a3cefcdaf
1045470;0x0be9eaa7d0568b6df9185404c8355382db48c91d
1146433;0x4a530168c851456388edc0784010568cb4d78911
1051054;0xf1fe3897714c2c114229f3173daf2914bbaee821
467615;0xfb892f3acd2f1fc88088a988faf9f89c927c11d5
755649;0xff1327df12ea021a2fb3ccd01acd4501a9a61dac
1058427;0x48c5a1581e1a0f2bc36ec32e8ee27f44a37f139a
226244;0xf517c69d2c757ef0898e67c51829425ee270b1a2
851203;0xd827b1e9268b2108eeb85e5ec1757c392a439285
333961;0x7e15876c9e5fee0cb7e63f3198e1ae461e81fe5c
722378;0xd1b258ab534e79622ea20f023dcf231f5374db17
831008;0x090022891602549cedb474fc45f4d465ce2d41a8
921110;0x4872816045c99b84942ce81de9a81818dd55aa1e
972630;0xd4d33d42c99a39c782d7a47a9b4b373add857847
1111181;0xa0d394423e1b07478d6aa25126b5306521392ff7
989746;0xb2cb7f2229bc51fe92ad541f82f4a3d5e701611b
872833;0x8afecd168b587e235270c971638b94d6c1242ed5
572090;0x855ac6649cb2cd0db04ee736ed9d88306100a9f8
671140;0x1dbc4c3d68fd005332856fdbb1000afd4003a88c
921123;0x3d1160d0f5633b0eb78f88ce80980a022d875dd5
858722;0xb70a29e1ab1ee322eaa11f3030da1b0f0fa02a82
378073;0xa17bae4e434fbcdecd6cad1a2815b8f8dcfae8bc
1078853;0xb61a94980a89f771ff123965c4f6f2e77d03a6b1
1018374;0xf1696dc4b5c67fd99203550c5cd5a599ada54ca0
308918;0x0f3a4b9d87d80c9888106220edf5c41717495e58
567397;0x505fac4398ab2cdd703e597555828a2c343c5b8a
945455;0x0dd527ab4d5c6f2590ea04957e9047956a0fd870
921124;0x1dfea5d7a2236698824740bca6952a875e986e70
519821;0x07c27e06b1224750673454ec3891354fad586120
921141;0xa031d35e0e09d1d2bccf2c02f46b26c1fbb36036
1006929;0xedd5855607ff5b569469f47eab95ce2e4ba57dd7
1110135;0x4bd8927069e8bc93bca0e668fd4ec3c13158a919
832116;0xb273f8add1b3066b67fe06c0148cf8e96fe7743b
915596;0x9ed117c79ca171fab422e59808cd8601bc313931
235580;0x2b5888d9c10e51719ec5c9c591cc0da02a64abc6
788716;0x31ea69174326a4149412e06209eb8a93c46c5e64
921142;0xe74aa20ce7abb815e82f88bac848558cdf25cc5f
574993;0xd9ab585067f9ce7c5d203b9079294fa5da982329
521219;0xb50b24016637b0a45dcd14c49f452e4e9d139008
1113090;0x2cf348c16b2b949d14f7c7daa296f17a45db2573
491463;0xc98c524e287a2b24f3f27d45f154d6c3c357195d
921148;0xcade8d384c199010d48ea1d5b12294d64116f52e
1143405;0x7624037be9f116768afc6502a72b0c2ab421bc67
507586;0xde0890049459240e053393090ad932a29a9c54e3
921149;0x02de1dcbf53aa45eac32f011c5631dcd4f483449
775774;0xa9d5aa29ce49acf8a54deaaea06f58a02c79467f
507357;0x04f10ac3bd4ef0dddb434b7f2f86ead2c2badf73
929074;0x4a9899d988dbd1990273e429c8fccf5000a83d7f
407516;0xb00c0241338cfebb7c3097612dd55c110714f412
984466;0x4eed1276c9165e2252c88f019c1c4fb7f43ef912
579789;0x4292218ef774ac34f824e25b456630dfd0a543d0
1006002;0xf8316aa4f1cd8a9ac9c07c771d89f45ddab8c430
874409;0x43ce963afac1b953791c0b91aa926294dc563c60
225487;0x2f154ac0f218f043c0ec032e5a8a4bceee2d7008
1085902;0x1eeee39a66cebba822356d804aed9044bb5e0f09
619723;0x27085fbb19056377f3c3f38998a9fb2732b533d3
23906;0x0ac30396662edf96036daa606567f798f5152db5
921175;0xbb903e45f8dd437322216bba2a58b9ef9cae86c6
836257;0x1ee649d69764312edbe79cb7fb4d5e1f4cbe72bd
758063;0x8978d2c4b306fafee9e3aded0f8f6f4bb712b230
1168784;0xcce7f57e0036e64c3b21656c599e8143825cdd35
1088574;0xc8bdb55c71f81cf9f09b992d1c398bdb0657ace2
743758;0x77747160a094c722a759ffa3b4127e353f992cc1
1147205;0x0dd3d332044cd239744782597e88cc9ee1a46ce9
664131;0x9462553a285b3ce1b9aab3c9084c7cb7a0cbb469
1027601;0xe450744ff3b51d650602cb3a303b2a97e2043dd2
1041289;0x94f80c54a0d7fea56998eddd82dcf96ddd1e1d2b
946746;0x87449fa28eca195d3dcf2ffc7c0fbeef5483e189
378984;0xac7d05f5e0c5e4116e78f0d2356a4aa6dbb6435c
921176;0x08508405aa87b31615565ab988c43e3b58549cdf
408192;0x9df1a678c34ceb1aebaa68ec976ef67226bbb972
1143665;0xa9dda91e9d18f811dbc42914179da5ee1b1206b9
314405;0x99e6ad598ecebc3e3a7771360571cdf143c7346a
982833;0x93e1537e213f986445be70a6b0c94f46d6019e85
921098;0x7ef6c696e19343020c9b4baa3932500b789c7993
747207;0x05e5766f7371997b76a965ea9ff3924f52ae8ff7
679423;0x1fd1fdea35a456fdd5d5b02835feedc5439cb10c
899871;0x82a5a5bf68547463cb3764e51e62401f48197897
1097549;0x63604371de726dee329d9839ceb16948a1da28a8
327699;0x10fb235dda4487a180b25a0060bb9387c812a4e6
1146297;0x14a7b98ec95387937f3da98503e5911d31ed8cfb
356293;0x50d0d3e45bb69619149342ddc61649fc3260f827
438460;0xb161c2bc4777625546ba93fb372cc44a25b31a4a
506914;0x902204a3ae1f3c3aa7d496bf88fce46d7b2fcc59
569357;0xbc368fc44b438d86ee82155fa2526411640b6e9c
921102;0x62f56358566cd98db8e1115b09840e292d4ae2eb
753959;0x272999bed7cadd8e8f7c7533c05f5d9b766fe0dd
885759;0xae3f3db86cc8c22052ae451a2422f51b31603254
336323;0x87d9d7cdee9d2cb787dc3e4821058eed28eeb36d
1145093;0xfe5a3c7c9e7973f61177a40f0a07c371b4777cf1
900402;0xdc757471643ad082bee979a6cf5ebd78bddc4c8e
1065477;0x1aa8f845cea1d261ac1a497685c672ad0fd264bb
428341;0xb6754e53ce15df43269f59f21c9c235f1f673d67
1074571;0xa2f136164b1b9e6d93db9f6ee6669023a7de7438
314796;0xf7138970eb653feb5f2cd1020cccec64fc52d553
426426;0x9ba418619856ae562929341ee537cb642e5ee844
886554;0x858f4f13278dbe434df37b0ff96dd7aff424e473
421661;0x5401595bca8129316dad83ab144e81c59541239b
395750;0xffb0391dc357986766c3dc2b2f9b84366ad7a357
875987;0xacb10c106b9ccc38c0e036b5e1a1c591cefa57e6
876874;0xbd0efee578128599a0ca8d06de8223e2da4d9613
1004065;0x8a8d8601e8fbb0363150f32d26c389786a15b937
1053718;0x3b078cd33e407c8f1dba53ad7b9d912d63f9a105
344125;0x58b6669216e336f9da14d7d2c249f3886d56f7e5
755982;0x35e3ef560f06ac001f131093d73ae6a3ef0774e1
1005779;0xae6def727a2e5a148f3e5ba14d87a2f21e9c6b47
1088828;0x7d0b982581592804867d3d32765b1a9c71bc75c6
1097065;0x9903a5567cdab632242036c58f49d4f139957e94
914964;0x0107b727738178e604df7a7e046072753e992ab0
1096525;0xa6c745caf51280c262f043d065125916bba3f2d6
572159;0xca855e4ec8238b33ea9f04afc57c82c09b48d6db
308852;0xed3f58f690d196690a97495611f3cf195f0d5b42
259647;0xcae0138b652fae7edad6d36e4a0deb02345181fd
211693;0x1d196d9a36ebcb486afa72e434a52702f933916b
986017;0x8b371de89e0a4c755414ddd7bca4372dd110ef19
945883;0x2d095a2d0a1e85bc4b6c7f0e78e319fbf69dc5dd
609071;0xc24354a8c022ff4172e65c25169e3ee5755eb364
1106238;0xcf7d470e7376e31cf2febf775eef56a2b4a461c2
897897;0x8ed440d4555bfd14b7b10a30fef8888258951a7d
647691;0x2e4ed1620167b01875bb437299f05b598fd8192f
599455;0xb305eab8b0dc6bd0a8cc5080aba45ea8585ec387
415388;0x02acd99cdeeab35dd23121fa7a50dcaa3e18b0ce
493337;0x2f39129760b5dd568561a619191499a1f4a353ac
1116855;0xf4ea90b9d6667d6227c6ceaee79b65689f133e65
897898;0x4fa275eae8ea7071b44cb908d5516c21da354b14
1143667;0xd9fbf202ad04992f3c5b4595442ae0a3d5e6007a
1066975;0xa8573c241359e137539321e868d40912e4d551c8
395184;0x3e56d903f4c8344cf56bfd1eb464a7044bf61b53
850510;0x1b000a910373ebbd611ddd16070be5d2ffa91d5e
704102;0x589735179a47d65055e80b99fd5128d96215938b
293875;0x7a1821be177b589860465f88d29903edf0db101e
1098016;0xd54c2a8ba68789645e5a9703ead25751c93a4520
991041;0x014be87688f2091d7517b4d6188b30125e725990
945886;0xb3979775a2567009e4b61c35986bfb8127321898
1354272;0x96aa54c7c23fefb1ffe89be62c481278106aeeb7
457001;0x36797f5bf81650a9215b29c510704ca3716a8302
694508;0x4bc729c5b96576c6e2699d584049b7ee39ba088d
897894;0x60c1df7616e9750d51c6b6dc68c2412623246f1f
250617;0x23162def5b76cf958db68f7a1a1d5caf5248e8db
722305;0xf31177242290a1cb270c4182e554fd820c2bdd46
1066300;0xc029fc44e74a2d4af96378fdfd97e9eb5b6f6527
1077119;0xb405bfb242f4fb27c2e75386e98cc039dd9cd229
1041347;0xc9b3b9c58068f59b4d60eaaefd058486a83a076e
739311;0xac97fbe518f74d3da26bb004372d2f6c833d24fd
605578;0x45d2b3f4c97f56cae753d04c0216fe2dca3449ae
1118121;0xed277e94bce896ff55bb48fdcb29ff5df927b3aa
936692;0x8fd1190e7b1bfdbc07220cc8e12b8755c0cdbc56
664350;0x7b7253541d9ee14b3d838f28c1703a033546106f
275026;0xcaa55f2eac99ca21770f05c0e4b4064fdeeb6296
561910;0x95b5fd74d7af3594ca44ae9b3da8be6929a6b584
1051305;0xc1a616fa0810d14bb2c39ada89b8eca7f7fc0d7b
564779;0xd8349fa988c084d243a132c748788bffa5134d3e
441956;0x4d8a26a3385d41fa1736801594e17a0af3c6f4fd
654800;0x43d5a7b860245c24c5312b298b507082e0970bdd
1072967;0x3dcc93ea2f9d63c13b706445cb19a352fdba7871
1103924;0xbb8e0d102f7456f3c11a3ee850c582ba4c82e816
571454;0xa1a4f297dea831c234e7d38bd7fbbe3704dfb963
455641;0x38071e24edbf4798a0248bc4932abec25871cbc6
375831;0x796355630aacb83ea13b39cfdd4c1a850a101690
256168;0x404d86c8c0561434158fd8a1a72f43d06708443e
757745;0x3e18d776a3cb1b8a60fc9b3c9de1a9244a9702e1
945884;0x3cb1ed6b793ee2f9f1a78ce99c4e224b781a73d7
654839;0x1982be40d132bc636019ca79d9f9330bdeb2565d
338072;0x759e4fb1948de8ef52e4829dc95ce98fb553c9df
586728;0x81201864536df83a4db2bdb3710811c00951b63b
945891;0x0e6f9c0f7efb88ac2a7f08f6b17fbe0d5d0ca984
651521;0xad956a28545d2a56aacf8ca608ac399c5a223ee4
945887;0xaac72550deb8a3f04b030559ea06ed657ecbbfff
989769;0xf6dbaab91aa20f248912169b5e03ad64fd6f0fc7
528147;0x5d95feb10804f231159153acb3a15c2dca877ea2
758007;0xf7dd80a11738526aa0cc339f6764afeb18b66fb6
259013;0x0eb377d6a40a6b8371004932e5401b00e97116f7
625583;0x5c5bae6252efcb5504a491152445cdb48985b17f
722482;0x5ab5fc57aff757c41c527e9e5c1a877b67ced3cd
645610;0x5c6110be74d7afec583a9704c7e31c9b958ee314
400063;0xb0a2e7a1a6c27b8b6c3b5ea3643c3230c59bd0a9
413756;0xd62df7e1f833f18e84ff944f636d219a4c0cde21
1007057;0xa591c0d132e4ca80013a018426be1e1332cacaf0
457283;0xf4abc2cdbf1abe4cc850c90f863939507e1df8e0
840466;0xde7770d488e9adf55baa7f98d345d470c2813247
1070015;0x6a60156dbd044688253a5bbbe31d6def06526f0e
279015;0x0ad003e52b3fd85bab5f2fd04a6039baf1128c02
255153;0x3833bf1fd2d9dbe1c8c4fc7c286cf3ba8129d5b7
973028;0x447f149e64efbeda26b10b274f30ff88ae6e4b80
375849;0x42fc0e77d2fc6650019d35755afc99bc59118127
1097552;0xdd718fcf5c05c3d81d513a0a7128b9b20cc08c6b
559524;0x173fecb45003177997b0b9ca74179429be181a20
1089704;0xd09b81f92599b643cd1f35e00a02cbe3568629a4
1097600;0xa25469f8a7939b1085777da380715c4e78b2f559
289332;0x860b16ad5fd6577529e130e274b3e8315ddf50bb
814094;0xc6f35fcad09be3ba434defb6155c364a1c260caf
250797;0x7fe31ae4cd0954c64e04857b491ce38d9dca4d9a
1040992;0x2c64ed3e69cb88f962fd5941dafa91b809d55626
770298;0x943d6afa620151ef7b8a741ff7138fd90acc9b3c
600014;0xd3bf03774794c3c0367cf53a95dabdc778c445e7
462825;0x0d3c855852993a9add5833cefb1a55381c7c0a64
276773;0xe89963da9eafa2945566a3eb974ff7e0b04569a9
9710;0x4fe4f54474fd3b1196bf865ae59021bf8b6eb1c9
5415;0x9c9e9a182cdc209388ef9c05d84dd066e476573a
924851;0xb9dd8f99be25b3400be1d6d1e36ec35e24379fb9
1106083;0x87b38f5c8c68d33a1020978b395a7d3a8e072685
714906;0x1805e5169480b60201de7f4c3023e90e11410d3d
17499;0xe07ff975a44f25bf6c283161c0bcc567e33722c6
1116864;0x1fd914a15e477b1d78959523bdbb7bfa14bc59cb
428988;0x195ea6531ce34b62a2c3a2af72efaaea028c7b28
1007028;0xcfcb99bfa4c695b4a6e88e7c4f16a7adc646970a
236973;0x471e061beddd9eaa04f28855854c14ad37bfb453
1054007;0x280f85ee918df4bab83842e12f6bd541199e80e1
1119708;0xf31b33cc75d3ee01e83460c4813754aafb9ea470
1117055;0x47fa80b50dfbcd270c756dcfef4e1276d5603182
1089296;0xaf2669bcc5bcd10ae32343e9e0756e306d41d83c
756646;0xb4dd2f9fb23dd385f2e8d53edf1780781dd6bb03
794850;0x22742ed28322de5bf136e3979f56ddf76e7901bd
1022837;0xa46994bb74950d489532287abf82c23e167b7080
475264;0xfadf2a88f359f9d174e98c22838a8e07d5757af9
731765;0x59e1bc26de39edbff20833017ad9ad0cda1813fb
9933;0xbf4977f1295454cb46d95fe7d8e1d99e32d8aed1
1165439;0x519b4bfe02a097cb9f29eb03efcc0fbda0ec043e
278253;0x3cade8cc67cd18489c24e07a468bca32acc76cf5
1041349;0x9d5a94132a4c9d6e072deb37590c121ba6dfb4bf
1097528;0xb73aa32b2f73bf11eeaf967a4fc7ae7645f38ebe
984177;0xa17b644363a784a7b2743b62600fce453441c243
789670;0x36f12e5d5fd42713393fea76030bf7abf663a687
549626;0x8bf48dba87927cc99bb35970525be752c793c051
1007021;0x7aed14e20d7454c3fe24b408d3b02292371f2944
456296;0x38d73cda5c04036c9a82abfd8e50ee192f414bbb
520780;0xda73c303a3252adefe0fb793d7051c6d8a0b8abf
1117060;0xf3903c13810dda57e1cb5351fa99163b13cf5573
1146601;0x7a7f64f9d4f446e5254173b0717020ac3622c3a0
247018;0x3f02bc73d9d376f877579058ad2d7b6eef31ac64
343210;0x45f043f1b019384b9e0be9a69e42e2296fe69aee
608941;0x946618ad584c8290b46e880276b9f18476b8d8df
243480;0x6cb65494ae94d8b20f61de1aa827df100e280800
435858;0xe16d8d3cb63c9b6842fdb9028695ae125a5731c0
1352893;0x305fd95991afa4802b1b24ed809d031542da9363
543214;0xdd6c67bee14d715e8477e0e56ab2b0c97a39cebc
194331;0x192edc6f2e06ff7ee20a9501fc8532bd8063cdee
745036;0xa5f9db0549bda98cda25743382fd45e50478b64a
997267;0x580a7b3dd495ee52ea74e15c43706dcffe486c7b
1036499;0x71395ba1c3679829ad6f7b19ad2119ebf0e1cb60
1074549;0xff5d647b180c12e254bf2b89b0fb9dde6c1119f2
882124;0x6b11969683f99995602f0650ce56864001621190
1073656;0xcfc1765ca8c4f9d0c6c5da247212588f1d9ff703
252158;0x57a2a9dfcd603a832fdefe4c7cad00ef7630d5f4
1066149;0x558356b21d9e25cf41ff578ca71db1a0b04fc82f
892748;0x8a4c6dfbaca0ae8d50755b1b571c69e00c58ca94
1250624;0x5434d54aa229f39607e50f3855952e3be3e23502
578540;0x5fbceb70fa325c49336cb4dfb9ac363430171154
472320;0x086484bd5a59d4f41896f0c257f8b9e9b81b5403
1044795;0xf44856b29441f2db2a4deff683725cc462e44c89
1019518;0xf10d999bebd02bd0fb4166b76f96635276352b5b
858180;0x65729bcc9385ef11c13a978671a8b2b0575d2cbd
819745;0xf701e638ebf5c92d2c79c209ae0cdc8ccd3f5dc2
915097;0x65c090390cf5aaf906c7fd4122b573fcee4cb160
328086;0xbbc39912005a4210985a9482d6567b9c606c28be
914851;0x543cb2dc45e2bf56bc04f7a6fdd4b11882557296
1063819;0xe24b697f1103352e8ceca80b188550b85c2916e8
13572;0x6dc873ffac786c517f096d09a0d8ced1fd07b119
975368;0x07bbea9e48dac5d67ae2d6632d7744c9d6c5829a
1097556;0x7aaa6b36528c42ad4e1ecc41f572e60848583e41
1051164;0x58540854fc3c5e62093982793fbcc789663bfdc6
829242;0xb224705f78891dcc60ccee1c8050efb858aaa24e
759542;0x36dec38947fed09549bf482deb3cdce4f13551ca
514856;0xaa7dade74d9cfcac296f363c31b2821ef4a0fb8a
430235;0x45c7982129c569589ec8ea9b5ddbfcf349d54b8f
1086338;0xe843519867bbd7a4b0481b103501fd033c426b1e
1317754;0x4bdff469b81d6b6ddb316058987fcedf7e61bfd2
630558;0x9a2f1ff0fe40b3dc4425bcecb5d42f1782ac1035
1006994;0x3c6ffd2e3f67ce1a2cc62b7ba32f5047392cc32e
897900;0x2a774fba71ce780d2e618fd5c2919e0672f15c81
1191652;0xe6c2a60ee2bd6761e80071be9854249c49d32b83
1054236;0xb6f99e761d3ead855c8be569b2d903eb61ca0095
1058527;0xb4ca7006d6be518b71d5522fc94cb6b736295334
1006979;0xcbf343b6471105f4d546a50b369b4b85b36d70bb
1076781;0x8f1f124644ea190040494359977701416f9d2b37
598368;0x352efa7629841b46eb4ebb5b00d8b9f751ab7951
1354280;0xfe2e32e2a90e58a52199c1af1ca9cf1afbf6b10b
345492;0xbc799e0dea59360b809075dcfd1846bfcf73b154
1118008;0x1804645a6090698c089bfb926b882b9f71fe9257
897904;0xb12a0cbe37d3b6c3a2920a41aa169cfdce2b2418
245586;0xed7bbd4e90ed18483c4b9dcbc8dcd2e3a4b3fd31
411248;0xe24c0d2298f9b3443b9d6d88947ee215bbf64807
854701;0x8119a85fbd67887cd4e399a61fb51524afd7ca54
518486;0x0f443aa61373c94b7d8cf3fd4a2aa229e73d06ff
718404;0x55e38d30b41097e88a704f9e73b89cd001d20361
254676;0x5f31a1f2de7421635aa6cea3e9832dc792080512
1345148;0xec0af03f902171bcba367f180c2d1bfb3b9a2ab6
755767;0x0835b13be9ee6442aa1fb7da134257bfcfca6aa4
1109272;0x60204fd86d05557630cd001aa20cc89b7c3e874b
1026332;0xb22f38e5e488ca62e35a998f43fc2a3a8472a1da
1319778;0x2b31ccc38052d3e18868d2a0a8109efd54fa1807
1093506;0x302a2c162fc421eaf7f64e5ca4f6d4c381c0af9c
1063514;0x95b0b6e11c5b9a048ec61e48f838cdb17b0d74f0
984020;0x09660b7c9d7f392058ece2856301641ed2aa0138
617730;0x7703f1392921860fd80f9ce6dbcbe427fc8af9d6
878199;0x981e43d07fee1001c6a2c30a35d4820922ff8f29
553841;0xd48d114f5072068a6d79cfdbdc66cc10c4254095
1015801;0xb870376c4dba1f4964cc43c0baf1e4a2257ab1a7
378632;0xcf19f1a6983e3e165182cd7611e75d8eed0fda5c
937565;0xcca06930f4fba35c50568f4323d7eb7bffcdfb19
577885;0xcbade1b6b20cbc6083a0c60515ed3e4882f26d4f
329857;0x4b423c6f316f4993048ea2a36792576bbfc51575
1143670;0x30ecfaa28d43e5a29f3a6517791972fd055c062d
753908;0x10ad8a1fb935d432dd31125e6d101dce33a2344a
754034;0x9cf91933c9f3b7654da2ac0b227337f8dcc92ef8
579409;0x795c5888129580f4e23216cb1199dac4d92f5c38
701959;0x259628740294348e8ea19fd58e74265c3708b4b3
1096556;0x2b72b058ed5c09f8f27c548bf2dba0fa12715eee
256405;0x84051d68981387bb595ec2aeae671b761010d6d8
936899;0x1bfb01db344395cb208ec08e6686f9bc105cd0ef
288456;0xe2455253a843584eaaf23602f1117be2c1d11b91
469829;0x675fa802a395c42f6919eca0e0b705f0110e2290
234766;0xb7326d248d04cf15985791451851fb5fcb1c65e6
1188864;0x2b6768b70e1a0a0c4ddab792456e3fdd2ec0fbe7
671574;0xe09f694da87b33632bca61e825eb9e3f54e15170
429133;0x3c71a07b9fad2016b54b951fd673b1b432d9432f
1007132;0xb8cc03352b906f1137fdd592fd3e2f529b3c76e6
268386;0x73037aa890adaac8e6301f67519d99a9422c88e1
963552;0xd3acaf588ade3f43ad3019fd5268db51757b2dcb
983677;0x09f5778bebd2652b39b29defe4e5732a723dc60d
1153488;0x9c3fec98607dcf119d6a4d73c1e6a28e8d6c7ba1
13752;0x70ecd8c5bc6ef1a78f731bf5c04550f22e3aff62
1025554;0x0f69e1d813f358f7238f47d3b5b742b04f404f5f
340588;0x5e5a6199bacf90cdeb6d97347571f12a50821318
1140393;0xdbb63821fb9b9dbcb436a4c64bd6f102cdca504a
824575;0x05491ff714d8a2f62d96d99bc729cb87b7743735
1007109;0x852768e52eaed97bd96de2a57373dec87c80cc67
261240;0x24b31003e956e398bdd3c2eb16e26cf642d59e31
1178022;0xd38f5093597b79f43e32d214f2dea8c7aff57c4e
1187745;0xfa3bd998e578d318c4c252ba2dbf5e6de44887fc
260007;0xc50df468b6f1709f99b13bec7e1987b602980199
604258;0x0481860a3b0cb134adf3a08c6b98e94b14f71595
7305;0x6a5848b47f5810281a2c225f70c9450000c63147
533051;0xd0554486e4835ea29a91b58cebad2bafe7dcab4d
1097526;0x96398d0080406c6866f0d9c43f4da83d90daf66a
1118040;0x4007fef8a7d8dfd5bb4f368e7ff2191c9c023034
908623;0x257aec2c6b3cee981c2303c876f3a5b851ee3b79
493898;0x18fa3b9916a70ec50f0086576f863eda6207ebd4
989770;0x4c65aa08a9a8fd9845ae1cc9761fbff2eb3b0372
1130694;0xfdedaad915bebad417585ce06223d09d3ab857c5
864099;0xc4f6a347cd77440d9c6cc0351af06a2ebfdae49e
1176489;0x2f1c48fb5a4b83c119b8a3345da85adbb5d9d153
1119914;0xb95206a0a85df59efddc1950b22266b2853e1c8f
831773;0x4181ced886708df1fd59b1ac3cf0e6aef11b0683
970318;0x9b46af545ce57b1d981fb726be24c71737df8241
569582;0x51a6d2373a387bab6bbd38ae23a1b97b2ea3f8a1
248676;0x8815b55e3e8fc2d60ef8d3e05a690750bf073697
727499;0x3a8c302089ad0234259e924e74dd156980f7cd78
527614;0xa41e6adc868a7f45dfbdf2f15d446e69b10e52b1
1143673;0xf3f6a7df18d5d7ce096e5e04b05355ccb8be45d7
613841;0x2b9c2815cec4365743751b242f90fc08428fd56a
526904;0x8f0cb35cf3c61afa1c6d33969a0876e61ced3984
726662;0xa7543a14e71645a567ea85d924eab32f1cf28628
970711;0xa676a31300ef6ad63d13490dba21a479250000e5
460364;0xc0766c2f0aa7a535ced7bc91428aafe06e35c62e
664622;0x2d9d28ddc650c988bce56280c87316240e9c8020
324617;0xb31ae34b40fbca15fa6b05c6fa38ee912c205bc1
950171;0x22d08251c1d7055d3baddac59e43c8ad7a3b1ab1
248650;0x7a92b0574d4ae2471224497b41387dc6e3f1b5aa
1007101;0x4d8e5480d243d52ace5898e1d6e825d2bad21e02
363407;0x8472615e06e5b66461cabcfd91280202d3044918
753437;0xb4b93db65c33d62cccca5a4ee4546ed92b9cc661
733133;0x38c0e8c2824f3adbae18cb3c8f1f83496009b419
302282;0x11fa34387bf3d2eafe3f2f7d191879af827b5742
906681;0xdd7b265906f26f621b050f1d3e879e8ea66e8c8e
279558;0x0efd3f990da3cb71bc9289cfd7b616261d0322bf
1109612;0x865d2624b01a2a8b80cecb75cf152530b46e905b
521374;0xfcf59446a317857038d6a5f3a7099407a1a7ce33
753540;0xa65ee3e7359d50a78ad48fb5278879c4f32c5c23
841238;0x8a9bba0635454bdd1c127892ddf69d7ec65c0168
1345765;0xf470c6d466ecf005561fcde3746b0175d71cf3c3
816068;0x6d826ed1e202e391efa25cdea13b54ab30a18c74
422524;0x8510be27ac128236f3765c7ed70166749eba8a41
726552;0x707d13a3d516222d7d0065fdf357d69ac7e3bd9c
926702;0xd64dcd22393e20d9f0a94959b156f66200cc3a0f
1180989;0xcb4d1b468af39e3fdd0b9d795d7a66676395121b
513471;0x5d2966210d5ed98b2b601f6ac526d43fbbf40ab4
1023584;0x60ced6312dc4fa942cbb4fcf0524a48d97cd58f8
255693;0x099f8ef8fb252327eae5ad8d9e649d0828020d4a
1162206;0x9d4ed08f153615984140b9e9fbc94d4d546e8dc9
814057;0xd832be65d752c76c05b5df7bbc99dda0f39cd13b
1007091;0xd334fd9f42d7711ec708c19d838de6089d9e18c1
824754;0x24b844af1bddd8060cf72276dd5bc36e6a9bec1d
960402;0xee82792288ca883a2690e7061a682d39bae348bc
982468;0xbd1e127df7531274aa0700ae1b43ac32e6bf78cf
454851;0x225966eb33e6a77ed2fc83154ec12daacfbaeb24
295044;0xea45714e6faceb528ca76644ae88b39a97dea18b
1054492;0xebf82a3c68358d394a51e9169c928d97d5b8eec1
1105793;0x4c17d8d2ba32110928d896b1945a616db42ca41c
993861;0x4485307b9ef7f0b98974d4fbd3ff37fdc2a44ff6
342757;0xae247ef605728e2afc2a5d9fd1e7921d07fa564d
701796;0x3bf81f1fc7e6489b7f978978a0429f5069a7b48f
855660;0xe54cc0afad9c1167a2674eefe82dbbf7fc968b59
971709;0x40d7751346551d0c5c57f93606d25fd5d351780a
283192;0x48f03723ea9076eb95c69667d0dbe24bd16441b4
699737;0x5e57fd64d9036217a7df7bbee8a0576ac7e2a047
480156;0x4cbfdb37ba89df66f89902acc31f26d88a0cc4cc
297710;0x329c9f8f0cb48f07cab51e1e77140fa78afd8f3b
1281293;0xe4f232825ebc2d3f3dbfce96d7774b12deffc1e1
259611;0x43c4079faa9618f84fcb67502e612f9fea7d3900
1182406;0x62f52c273c24dd47d05c01c4ff2405f2a6b9d66e
1354301;0x3a4dd4699cb06cb4212bb1131c1781c641b13808
1007069;0x18446472f85979cc0fa09b5574c49798ddad6668
932061;0xba070fd783151dfaac1f58408a6c82399624bd19
586752;0xa3dbad741d09920e49fd48640fcce945ce310423
766262;0x04980276f6d743950ad79a03755305f81cf750f8
852972;0x66524e23d73ec3039a309d512bd27ec86aff1353
676717;0xc1b537e97823a339ba0de156e08ccaef59a4a7b0
631398;0xdc934944a89363ceba26a1482c27b67df179efd7
1101634;0xc833664a748e699dbed227e459693849cf6594f4
815586;0x68a7f35cec94cd2b8790ca4197e665ca10d9f0fd
816038;0x454c6949a6633a5c2b405a9fe855e863a5e0a04f
380467;0xb8d820cb04d1d358325482d541304e2372cf42b5
872567;0x9477f647d50365a080f99076b1adf50809f8700f
1109617;0x4709aa9e3c55de9a13d20567c95906bf4e0ce806
1043208;0x2ab54b78117d8c779da7290c1582daef2b859afb
724570;0x743ca9f23e560c97def736e6ee3774dc1eef0ed6
657933;0x450e106790e171b102377b20a19a8095202028d5
1168770;0xcbdcd5efd79f3d15a7a182ff7b32cb9d281acb57
969115;0x924729eab0d14b8c40b1b2e4e373e0b3982b803b
1046041;0x9300feff0da261490ef145480bda1513eb954600
411544;0x5685dd3a51cb27700f5ae90d9827abfad32c9431
311683;0x953e2b2fa3725fe6309cf45efe93efdeae9da776
1141952;0x629a264d1d39f0b1c55f52da808ae47ccb82ee5c
1099154;0x54eb37dd89f4e58a58bab87aae5b2c074201b33b
504711;0x6ac76c4461751a215f614693cca8c2442d273b16
1024139;0x766f8d25c98c62e9bf69507c46c5421b77616218
537534;0x1549dfd14f5c129ef9cc5911664238ed720b8e8a
775736;0x2b3b261e8b476902b5a5453b1ba2979f4d987aec
866301;0xd3e8515e8ac7941ae6608e1158b7a2312afb84bc
718698;0xc75b4998c604328a753b9f962cf9a822a62273ad
982115;0xebd8c451e43ad922b84bcd94438a51ba6f0f5a77
1085645;0x154e72c76f1e8a1fae80608bdc527514f7d9cd48
304465;0xd6140241c2bacd44b235ad5d88d1293c828fa0d9
540624;0xbaabe7c9b70396132209ad3a654a587e28bcdcd7
1130702;0xab83c44b0e73a32690f1f39536ce84fdc086349c
195058;0xb5ebcf18a4301df58af16dc9ffc12b4cdb88ec7b
390485;0x8287ed094063073a3604f3fcc9d7eb8178344bca
1167787;0xfdc79de6ac9a4af0c25b30416d935f97391020d2
630480;0x6f256b91f2118c302f79e384cfed3284cefb3891
1127427;0xd92682b7900ac4e9f2980fed71578a7d5098f393
455370;0xd5499535a57fc22bc95e6c0ede35842641ca187e
581068;0x01d750e26ae397d1cd7be49a7fab09856b021312
1093888;0x0611844afefc488e08561eed69c49b3187d181f6
1060102;0x92444a1b7f00092ecb2d8c3dddb2fc2325383837
1023083;0xbad6bb163f7d3c5d9a540ae94efac51976578c32
554145;0x4d5078a147e70bea72f5ea07b7ee44651bbb37f9
271713;0xdb4508515a0bf62864c2e3ff0ced87354c5c4522
973899;0x62df9997e19c9b6bc82abbd4477b2d28262374ce
898658;0x6eab4b69900e41b42808b4faca0fceed1cbeda41
1098859;0xc80825dd54d7986eeaaa9619efe29cee184adf6a
759504;0xb0fce76221ef0c3f95dd9db7466b9d84fb937163
241047;0x4a21b778df321426fb909b48a28c023e016da153
1008430;0x9d05da4d3806f9f553d2d7c4a0921c717e551fa4
196042;0xcc4af8f414c7669d2f0b792cb97eec2b7a354deb
884944;0x9c4e1d831c702f3434ee1f2368a7ff1fff2f3b70
1106264;0x98138a3d0789a8de48a1e070f0f451fedb51bb1e
1003896;0x6a2428466bc70344264e92eafe2d4a8d01ec1fae
736864;0x51eeae823a8abdd6d062ded7cbc08d72350b0353
1099460;0xad8f532e31d6f2edd55166035ec2f87b9b9590ea
1053001;0x6f5023dcbfd36f65cf1c5b7de9d80f987b7eec9c
1043782;0x345a4e3b1889025502003819d40e3bf227f5239a
839354;0x7cdedc675987949ac1eef9aee80796e84eb70e8e
1064912;0x07456107bf8613d733dd6a482d65a8c0c8971600
549597;0xe14894080096233f0a6e8bdee21078c0829ce3f6
989771;0xb0d76afe5d93d2c44a6db0f67112a5cf0aa8d78a
246251;0x893a8d485e9136a6263fcdc1663a0c65f03680e2
351503;0x8988c455f0cf4d3167c32b9d65b09130454536ac
263817;0xdee14fef8da7bf67b612a57ea8d5907dd11b987d
985486;0x264107c2381fca29695fae71ade7c0104c94f397
1106729;0x54d8739f86de26cbf9d8ff7f2b5d6f2cb9a8c38c
16303;0xf490e139601743770d4fdd22730d9191a5ab4927
800596;0xe952dedad3cf04744df8242387c039262c640cdd
449196;0x1932447798495f09a96c9a8b5ffe4628919248f6
810350;0xb338d3a7e6b20acdbebcfd10d4b165eebe2b36d7
1354305;0x0f464723134c68a52301aaf603c456a6b4500fd1
1147606;0x8e96d24ab469fc7c9108da96856645e674a41fe4
328638;0x39089336c41ce5e67b8cb982a2ec1ca699f20885
305322;0xcf92efbe9677959ab6a76a1c5693c84beeec3de8
1007576;0x0d5e4fb1a9b91d33c63c36c82ce373f933746443
475521;0x578681b2f4552e8dbfb65275bb1004076d780d66
800643;0x6aa82752fc1814d2bee7aa7fedfae64f60c049b1
1061801;0xe832207b0f8934c2fae2c321dbaf7ac298c52625
263984;0x093b15e98b1e248c75620686ca5b6b10dae4af54
258269;0x169d3f3b616c7b4bb534ff1da2ce967c5aa823ab
1075734;0x06d7585760eee76f8963672c5a0a164c9f68856e
816083;0x954e7f34dc425f7ad0deb7d09fce2bddc690fe91
884332;0xf0cea0272b32d5f4759d91bba2127f5ba7df22d8
974662;0xa228e2fcee35d7915308975992287e88c39e77e2
511002;0x6d06fcdbe9c9e222aa892f427c8bb984dc66f3a2
1135137;0xfe4ab43719e6d30bda9db87e1785a3aae6090c1f
650140;0x92dde09e06b0f4261c17cb295be2a4075e9073da
1077075;0xd5657cc581bc02541a189e035ae4842b99664ef5
260844;0xcb559cff0a6292c36aa3406c34e5025968cb61da
434347;0x53b0e615651d41d9c3ee28a099d6d0983c564acf
242436;0xc07c8ad1a07c2f27fe372e2c11be6f8749daac10
1007469;0x6d1f5612dacd9875ba18ba7057f72e018d520d8c
522778;0xb127005dbbaa32661e3e5a72910ed4290dcc20d9
1059127;0xcceaf1e31ed11cf4dda1eeced1500a4c3f7da4a9
517478;0x9a94d02d669e66028e5352611cf1cce42c128317
586780;0xfb9a431af592dd5818c0da567072dd34fb4fc6de
974544;0xb0626ae47d24bdb922d8941c4ffea1e78d61c036
1102197;0xbefdb71e7d90ef564352e367c9aef3cf6a2e0d46
266363;0x66f58efe389a31e6751837d066c28d27abc08b42
1007541;0x433ccc0bd629044fbf399768883b1dd44a009d5a
247194;0x3831405efc89d2150fc18ca673884d5ce610dacc
338915;0x92ee1457c4924bde11f11b6e903faa1d9bc1caa5
1354282;0xfc1c73887a42a3b6bb598dc6305e25010fc27b2e
338697;0x37a468426fbde623cbaeb9accea89e1475f36163
1112319;0xcde56e7fa8235552960c625e3115de123ed4eb92
1119070;0xc675fc84d8c497d2d521bb98798ac87e26827469
1002314;0x49b5a43b4641106d722be34a02bd7985b6366ee8
1162364;0x623e46caa54f0de903cf425f7d9e0d52d498d5e8
1101970;0x81f70ff3bc08048ef9427f245e0b5ae42a3014c0
1076783;0x3b1f8b4ebf7ec6daa58e5b05b0d95e86cad083c4
734988;0x363193b859760e62d138c9067074d16f9397043f
226828;0xc387773aded064a2866d2c14f14ed170fab1550a
953094;0x540b52200a2b6645e2de3d225ff83adc4ae57f9b
732439;0xc49eb5d0347eb3a91ab7e127a52834f56b734e3f
1109599;0x4ad8ed1015be105eff7fb712a176e23ee3eb3b14
1041342;0x055bd3d93fa0d15d427165df300d789361e8c1aa
452613;0xb07d1c342c0ca3e7b57bdb3f7d1df88294dd3800
855815;0x1073b6827986bc5202edd42d37acfc87360dc9d6
520605;0xae3cf589079b7e5a2758cae2c2e94595652b73ba
872814;0xf449c7d0ab4e0f3d0ba85a7271b1d4b52e1a1581
935230;0x741362db0948247c3fc3da103cea98df8eb03a46
658550;0x97efb93ba9b51e822ae2467a15be42c9dccf48aa
856131;0x9bc7c8ae9d7d0ba32518492d99de89ff603b41f5
1058239;0xe7aae309efc8611200ca7b33af106c6248e8944b
1011426;0x72d81d706ee6cfd79892ea4896b825266ee29568
1097570;0xe34f02a8796a7f2438ba5e9be70e43f45672fa82
494036;0xa0340c77b203ac671ac6c3f1b28663a33d87d2a0
264636;0x202f03fb4bacec724409a0455846d51fd890a5e7
559578;0xc29828b29c7806e237c79cac4cc1c0e7a987c954
1101546;0x78381b29d207a3e65f0258c3dddb623b2ef93e1e
1047185;0x6f51bb99650d53cd59cae47788a43db0f37a68c6
529331;0xc70b7d1eee54849a44b4a259885d6af12daceece
982360;0xcf769e1bd46c6efe2792c36bf13aec5f067ecda8
1048414;0xa348c24aba162ba15b941d3405c1ef622df63c94
754048;0x984ba094fa5afbf50dd68b704cb4ab2f8b169e03
725490;0xfedfc9a1fd782d46cd043bd267b352f2102bcd9d
1014009;0x291d771ffa7999c80639c06723240a3af0c9c69b
557185;0xcf01bf30819fda964f6df0031907500a1cb8c319
888111;0xf4e148abd0292d52b9f5b0f6c51d7bff58374f54
448132;0x38d5ab9cd04d4143bdd205f9bf295dfe8d1bd7a2
1028104;0x6eeee3013ed7810367419d182fb0c3467ece65d1
384763;0xe774c6c558f2ca08ad8f6f079b61250704e7ff7c
1118272;0xf2cfc1c90d6f863e61dce6b4160f5ed47b53b6c2
1071584;0x6b7ca0487e82a62de255fa7fa905e3f3f26ecf00
399825;0x7901d3d5892d4a5fc74d109112edbcd5ff6dde67
420842;0x022ff4f5dd432e7cf61bd5c6c26e1b4df31e8b3e
385754;0xb7c110693c5bf48c5532a421079ea3959c478f13
688583;0xde59a9b2b004211d775318c8d504de8171705191
701025;0xda237c25ac308a53af70b570e530b0e396afcfec
599891;0x28be6caf44a4183ea7554450a85a9d2d63d417ab
304228;0x8962c85d400e318c2580948588ae571c30b83bd1
975174;0x73712e086439cba598b33ddc6cdbcf9292b8421f
547434;0xbeb3e026bf9389f041288805900822115d0733a6
1073783;0x5bd71caf60db36532e83cc6a6efdd3003c89e63e
982585;0x4ea6f31cd31562099e4bb4acc76982a46decd68e
522017;0x8888499b9c44bb1dd71c512d6d387f5302ff5fa7
1085642;0xcec9ee4dd0b8022a81a93d66ae85ae9fd023dd47
292930;0xcb3959fe1ddfd55580ab823689b35c95ae827df4
913728;0x5ffdf8205bacc3d360ad82c88027012988d55ab1
1007534;0x54572bd1880d41cb72282a731f7a23d57071a473
580656;0xda67f4b5afce7cf1af6cb985298262be6ce45691
800644;0x78d5c65fd3c68544fa45448b6f6b50be60aa0ffe
334360;0xcd3631499e254010ba1253fc2a00b0ed53e2ab92
1149268;0x2dc0b2531ea755638c38cdc189802376e27fc245
1218751;0xad560622ddade4368047ed5680d23461925fbd14
198227;0x598b8a5ce155830a1ebdf55fa56ad3ddafd192fb
3221;0x57040f5df917b3273a24397f292b3b3c6c8d9338
264002;0xd878c0bc64e92bfffe9f9920359a45b14cd161fd
702245;0x1ae39340ae217ef64333f03e16d1016dff6f8148
1052404;0x16db0cc45c88cd1d9941d8d5d55de235c71f6433
1097563;0xb4fa2f6158c8326e6553635f9c83a5704953527c
879357;0x9aa9ee8638f17cdb4a1779d5c8b863fd07475659
613002;0x5610d5cfe4ef7930d15e6b3db52ae57aa6f63a14
1007520;0x696184cf12a78a57067c23fc518e2cc3b8c2d569
1079894;0x5aaed070ad27ddcd226ac78b28f3d238640964d6
649043;0x9c1eec69c09da00335a068e926c48b3bc2cef64d
891323;0xdd2046b6586ba8369006fcaf70c301e27e97340b
1354312;0xc64505fe4a5aa3c8803f758c793678b19f114a09
1047753;0xed3edd258322445f6d31e7ab6b3ccf7cdba22a0f
798385;0x5fb5a2899a90c2dd4fe7694458e411f3ec984609
765806;0x4266bc576f8e86a7c0ff8a329eec30f540a42827
528981;0xb0bc31b77932c7f5df0b754ed16c9ba10fb93ec2
800686;0xb1754f6d984a4ed7dbc6cae79dd87609284d0e1d
553986;0x73fc1edb3e2d6c40b1cfe8ef8b6b84cab7430e2c
329479;0x0d14a2934ae954488a52af513ff156b318c8dec1
664616;0x8996321dcbff7434571803dacb6ab082c2881119
244441;0x65729ab6fd556d3d24533f1c627a9f26cec8d962
814687;0x6d2ac80f606557c7d9d36d5d68f593433a95b120
1143674;0xa60458b4485ac8ccf2905f9956f75f7503913b2b
925843;0xef1fd1dd0e78ea094572c52acca5cc6f21ec7b3d
1114554;0x5291e63cf93b688a953e9ed8abd44355dc0e820c
732250;0x09d8e40de5eaf182532388d47ac00734b3c503b6
753567;0xa59d5b18dbb1c45098ed262f6837c9fe7c37ade5
755610;0x7449d5123bf06d24efe43d64f804023dd44d8900
681852;0xf56d85eb82b6ffd1f102e0a10739ae7dbb743f05
804197;0xba29d2d87b135149a6e548e1d32c8a51fd025b9f
263917;0x3df962f9cbc71aedece32eafc080ca6ef6daa14b
631423;0x04f1e60a74a09bcb4267d15cbabcfd4e47a0d78a
1025450;0xc47ecbf0f310c924165e75e061bb14d1d4d773f6
800663;0x5f977cb378cdd65cf0b143dd843e7b0464a5a747
973878;0x500f4bf79cd09579520350273f07ec1d1447cce4
1064258;0x9a8a3ee81dcc4ed54de38ba47bd5416c4e4fc90f
1090817;0x5e03375687fef3ad042908ac2c15803229eb0d8f
919578;0x72271eec52c1b1eefa7db07ed63f1fdcc671d076
919580;0x43d38a3e444f1e21b70214724be1e5da0cf32889
1060941;0x56695a3f47b604e333f5c7e06dcb93100077744a
868327;0xe6fb20e77461c899eb32954dbd495546ade44070
595022;0x6ab601c405343c6c72b434b18faecb1b8b7fa1ea
1047117;0x63a7b9cdc8077a118056d7328be4b540cb809bdf
965601;0x2ce3eef0e99e65640cad39fcd36d1613244528dd
250225;0x20bff93d8745317775171a60f4ccfedd2849634b
800660;0xc498fd3871a0fbb24fcb0a813ad9292a8ef1b5c1
239331;0x9a059d9280b84827b98a4981a685449267d58a6b
915828;0x03bdbb63e0923859ab186934ae346b86acd9c454
553751;0x38f6d61213f78afbc55bb7fa6f9f517dee790d9e
396834;0xd3bb121c7d0cc3fc82d1d3a4efb0ef6ace9741f3
1118886;0x800d153c09df24851cab29387dc912a1d0c9edf4
919579;0xeaeedd1bb2733bfc4c9a3123b2adf4222469ed28
1069285;0xbb56c54ec7479ac157dd70af64a15a8d6b444a9a
1011857;0xcadf071ad2ebb6f22b91581f9d37f5c32ae00f6f
753464;0x075dece4b28a452b4dd1cc6287ec394d307c08f2
1076777;0x6ae0605cfc7a7e448a81835e309cf7458d94f4b7
919582;0x2c45df9061fb65aded0a85378a3ac16656aab731
967322;0xf1f526416716193bc951a91a4bbc6519a26f359d
1064169;0x066800b8918cb551873c09dcc990227270400e6e
919583;0x7557d471e107f5d14718a3ee2411f3fbfe1a09f6
989772;0x7c08c4dc034f237c23e8a38399fb3dbc13e65d81
1095656;0x2fb5b631dbba43b374af179c293ef98ecf70710e
421415;0x261ffac1e32345858808edfc1c207db650e837e4
1047163;0x3441c0d1a2e56fc5b741cbce24b897f56d905d0e
417845;0xdf8b1567b9b19be9994119f29b839576baf5b297
919621;0x6d98c484bc66fca055dd1a4e2d345da6c6b404b3
535292;0x1bb1df060e066ca98c197277fe4c8f1db7705d5f
588129;0xbdae779b4fffafcf9783faab8c98abd304b6c9a4
1047334;0x3c04ad183b1fbf0c4d678d906d7c5da4e7dd1ef0
586175;0xa90394d80eebe424492e1d71e12ce387db464977
919619;0xcebb5b4bbf01b8fbaf361024676c7d9b4bd38ae6
1047134;0x0bd375a287812ef10645e6cf06490a331156b074
1068449;0x9157537ee83bf4a342c2abe367e84f92c04c5ab4
14815;0xe25e70a7953c2b140b08036781f1fd31dc5fe0cf
752923;0xb8db4762c34ab68eae2b9ba948ed7a34fb131d3e
302650;0x06bbca4bf4cd1179ebdd5b6ee21ffbdee912583f
1131785;0xbec4a447c7221119439fdc5c2fb149d90e333127
525276;0x69ad87c944c075e94d382b1cfa2b5e5f331915ca
1007511;0x11368d55e3522b3e12f6cf16dd485e52ea04d707
250345;0x54aa3ff2edab7f2f71d2940bd47a15698fff2814
1115449;0x7df2035cf65f185a1566113185261e2d4b278503
791665;0x50bbd60edc3621071abdbd2e5894fe1990d28c66
286947;0xb5852f613db2d0c70ca706e04db78e4168ec9f39
1019477;0xa08b1f47a600acd6663747e147868f9e436ee9ae
1020342;0x80d3f6537247344904c71a252eef1a165927571a
635960;0x8a49f5269d1dc04a3f2011fc80a83a6628085a3a
599316;0x3a0be3f34cf7aca3714514c517dad3494faec7a5
919620;0x353e582e6c06f665ccb49467e86d9903c6080c1e
982156;0x3dc508f25fb22cebb73c9974e2c15ce7a3e0a060
413896;0xd1ede603c096cf522828142c71f1acdefc8f5c69
799786;0xf3ba645abc271c3bdc3e80cd5eaf86d3d48fba68
760133;0x378919ceb7dea574110c4cffb66b2d66394d179d
990994;0xeb3338124bf371610166c92c685edaca2bb6f969
988087;0x07d6507a8dc77bff44f4f757bc5e7bf3276c2293
919617;0x1448692444e16b28dd4cfc566808b7c8adacdb6e
1156284;0xde97a97c473099b2b27eae7098b98c6d570b0df7
800687;0xcb020a3dcb1051b7b1b623e0ba8b184605dabfc8
898750;0x7832c6feb234a597bfd7a96b719458f25dd33c0b
452760;0xf397ba2c6cdb90a9be3b4f983fa9453cfd049486
935226;0xb3c80879880bc0c93e57e83a9a1ca22d881dc082
269761;0x44df13d4f746a369bc06c811bc76ab96e59cd8a8
722156;0x1ee6278f3ef492bb4dba7abdcf5bbb9c44241723
570401;0xdb6f9312a55b57ffbd87fbef50f3a86e3e8709bb
1014278;0xf7f9e4e6b6c650755b2e6035d6ce806ad2ddc446
800806;0xea809fcba1f2194c2b80c69ccc7f220c35c9dbe0
509356;0x4ddebe32ed035e5eade6cc63b6f8ba1caf977d33
391737;0x3d42d6fce00b4e8e2fa25bb90d37fa6c0ab5ee0d
1090974;0x04fd37e71d30c4a99d3e020e209d56f6fdc308c1
733122;0x9c6f6d0d4c4c43e70ee06c48b7b8db394d2d895a
757859;0x0e9730eb6eeb34d78d1cd7f4e61d94dcf873276b
714914;0x79de2a274dab52d76a0434389b0addd1bd6387df
487515;0xf9a475fbf9f81e231f5b47316e3f055ff1a80b31
228210;0xf51176e2c26df82c70a00cfd8fd8a2a97458ec88
536103;0x819349378f6bbe38b7a2219b0feae954d776842f
919618;0xfbd9da19b644716c90af7d41fa6c20fd9c058758
533549;0x61fd0580a512fb84d42d117014e0b826085affc1
664949;0x27b81b30a02962ca13096cf7eff8a3ed6c1724c2
800726;0x07ad9fde63a3b9948a17291df027e65d23a76ba6
1130703;0x6dd4fdd27c1bca1f3ff08203178ce9bf9dc5cc4d
919712;0xf5c1b1aa75b8da02e84285ff9cc36961880b4ba9
757766;0xfd932dae8225d84eb9ed0eb1aba1e41b56db3734
845495;0x5f68ad35bd6e9f573ec95a6d3c65c40f841ef9f1
814901;0xdf840bc2c5b3ec6043dc7780ba16189e69c9f560
919711;0x367d69b7ff0a9a64abca5cdca8748bcec5cf59c7
813201;0xb0954340828b4fe945ec297e622c775395542d0c
1288327;0xdc5ed393eb48407065503dec79db90caa50e7a58
11574;0x71d3bf7dcb94caa0c2ee735068c5edc50079c788
919713;0x16e889f4eb1bfe6b8635567d7eb8459a8ab1a0e5
1006775;0x43b16725d9d8a3e0a382f48353d9f3e5f7b3deb8
632494;0x4e65aac3d7d57b23808cccd160f182c687fd88e6
891569;0x7e3e4faf63ac0be3b4a4ad7d622bf3f79df03ea5
305590;0xba65a00a0d290939df1d6fa5040cee4c2e9ff015
1228411;0xee09bb3da92e767f7a60a1486f5235fbb21bce2c
1090001;0xfca924cdce902c88b391be8d0b8871fa4f837b33
12924;0x4b738ed6b313aee93d58f302106e047e52725b03
983217;0x9e4e6c7256cb0ea3d39a78d04a1947ffae78bdc8
469984;0xc5366ac64366c4a5a0f93638e2a290705f68635a
919714;0x2d3cec8d9e1b2494870a759ab6384b8f0c56ba13
1013274;0x08f293ac4a047c5dc24db99b36f93c51fdf2e712
1103207;0x38557090c85af70620dcb3682f8441bc5b654e1e
682339;0xf4b27ef1dc07225ddc1ce80e0afdffffab1471ef
919720;0x3d805c739f9a498cb27ac56356f90cdafeeea788
307834;0x1f32fe950f9fbdca3cb9e3604a50b3dd8cf0b236
600423;0x77a64e88107fcbb148d789a30eaa7e0b8d702d29
819691;0x165ad4435717c638092a14a39c1545ce8bd47c6d
1067637;0x0709ed8a3410ae8b7e824a1c39b9a44cdc7a0869
1145229;0x6026e179d0fbcad16789026aed00d838983e62fb
1121188;0xc48b3230ced57866fb5dbbbd2183f094862593aa
14993;0x8172b82d21764bbc5a245d988cbd6f26eb262bc5
335888;0x0290d24dd87458cf1c57f0bd2559c2c9dea73e50
1062795;0x9326c804a0cda13bb30b8ddee826d8046de2441e
1143692;0x6ad8b2f3d3449c34a7c517308b1bd2e05c438b2b
1047086;0xc8461ac9fb42bb0f886888d97e94089391f31691
1156942;0x6b8a1dc3174fd530cf688bd2c7aafd6ba62a6247
1094145;0x1539141ae9452376f17b2c61af0ab61e4381390f
468981;0xd56cfcfc135535b75ba0639d1352bfb07f7d4276
613200;0xb6ba5e7e154fdbcf7e0aa018db9a44066facef5d
1336838;0xd7db2fe9698cd9bcb08ea38de3debe64ce15410c
1007631;0xe895dbd0ac04d943f3b6ced28c19cdc2eda287e1
1043215;0xc45c0c61af589d4a4de56ad1f456318d6c592dd6
919715;0xc95db201d0e4400c24b62833ca7baec456dcf54d
1043981;0xd244e834b55da45a20bc0028b52334ebdf44d85e
857145;0x0672f67ea97dcf78071350c0891cb26e16de527d
813619;0xeec4d8871e312852b2daab7c248053986cef8abc
919719;0xded3a48fba2b2447c783573ded7457119d3e914e
1041382;0xfbde697ebc63a62cc0b2b0f59a01c20004c9b6dc
722101;0xc60df61d816dbe32fd344cb6e5ae87ec26f6eaec
668351;0x1aa8b8d9de4720507727967d4c831caf8dcdf970
725542;0x546174b6b15c6663c7f6fb32f88b070be6ffffed
257829;0x1c181f707155c636260675b9ddebb677f751a727
508533;0x28e2fa16d51c213f37e9bb41b1ba645df6c58f1b
345869;0x02ef1f742250818ba77a44d8c20cfbe27e08716a
1104062;0xef1177b2543c4979345c5e554ff4ef6ea46cae52
919717;0x2e584ed3fd9b87ceaeeb4101cca565d13cd4fa37
292287;0x3a4c0a5793d2a2750c1ed10403184d0ac9bbbe8f
732315;0x1aefabb54e0bb57a4302a1b170d4da562e667b73
1046846;0xefcd8e00cb8003182e6aba63237dc84c35b16f45
1007625;0xdec7d025c3417098b1ebfb238b7f53ffec665c75
957200;0x22110e2ebbaa38871617a668d2dea5c348334520
494602;0xd8a30783c5642d432c813946ac3d42930e6d2127
376550;0x1f28aa0bc23e042694d2f8ec9a5c34f6a70d8efb
1035812;0xe997dfabbba7159f364f4c93fe44b4dd9b8e7b80
919718;0x9bdd12f14352ccc4aa82192be5da304e2a8c2654
595864;0x7a56214fb066a8fc420650eded296c8e6979fd3f
552090;0x8482a0403f6785234d2886d5610e31909d27c6bf
245532;0xa1144414443547463a5db7c42e509a59e405a4ab
1007611;0xace61fb749bdff7ee25123c3f3cc71fd19602e8c
1009884;0xb96b7c199007a7d87afe98d69a9e78c919b3fb54
1048443;0xca6df1dbc5e36800696bbad55459bd908f81a215
965765;0x37f51af8d377dfe216635e8506c68223c75a338f
501478;0xfb30ed011f9eee7cf031dec58194a736b0f4a17c
1328745;0x29117ef4a6a50f77b56a079fe28de97d53303456
919716;0x75779bb2d19afb69de17bbe7095d33056148aa88
1109699;0xc2c5fe11f112021554560cee9d586394af9f909b
848666;0xb5a90e096a3830a6a9f9708e0846d99d9893d643
390618;0x2104fec92acc97c8d36cf26e8449433e3fecc676
1045942;0x50873bd7ad701e8e4a2419b1891e5216cd78f514
1061693;0x300f77502d03840d1f676746aa47bd349a190704
606379;0xfb6474afa7647288c2ef3ea1cb60492051e5e4e6
975159;0xea581823cade1f0483a6bfd070ec74aeb4e7ef37
19145;0xef273e6e4b4cef82e6ed8867f85dd22a49509c37
1102592;0xd58a7db54a0cb661e75d29ad2c253b5428773f03
249319;0x5aaf87ac3953fa3769c8fad93b291e020c4a4884
396228;0x9d57e331ba611277a01a8701b005835c121f491a
240782;0x8def1f0caf895b2c333fd95a955e7c540c275b80
1109273;0x75161b8d041095dfd8920b9f5f4990e8d47458cb
1047745;0xcc1694e4a5b10d21f10f4b22cd011ddae823e4d4
1103750;0x0838b9051ac18c6b971410ae3b4dc872035e4026
737588;0x75b642f44646ea353748025d65d4c6d0b4c3ae51
593546;0xeae748fd4e13b3b225a871eb3d2737e1c7692c67
1021637;0x3faf3e8ee8941cb52d780a5b63324ae135625efb
1228398;0x75e390b43ca106e82f01c5768eafa460878aa7cc
1047702;0xd9c5d604c5fd6201867e588a1a07efc7ea4f0422
1004598;0x58b3d34984cfd17ec7cf79b6ec5279fcf962552a
1342025;0x7d62fd29afb515a0337da836b3361d2318ba9a88
1106845;0x33c93d12741db0f3853d8e82f07050f3c96f3522
982057;0x6206069e9ad4a8e06cd60966965981310481738c
468253;0x88639a31d4f9d80c882bb3842ae3bb27b7e96853
758258;0x691e971ac50a6a6d6a5e3cfb04cce2a5ba3746e9
868306;0x0d9952006a1e7cb7c906c5f9a989f586666e64e1
338189;0x5483a999db521b27dedc31943f911a4568fa259f
734178;0xb3bbf4576037b0bfa0e50204210f872a807b236c
1159464;0x94c2efda1975b384af04f63796bde9c02f4c33b8
438053;0x1083e0185188cc13b10e401b398f4f0741cfeec8
791678;0xb85447fd629ec018486dbc0e75abc337508bfc5f
759885;0x76d0d35dcefc449cabd37731d75f2a8dacf2fad2
291968;0x30c993c8faf5e0bf01cac5d4cba6f6915d0ca21c
517071;0x2e3dd6511d9c695b5a512d2a5f17fd18d1005dd5
189151;0xa4aa2c05b81d2dff36ea8c37afa6e09fa9b1b112
898664;0x1f5927574cb17a64f0daf4010678f8540d35656b
933997;0x66832128c1bb4fab0b5d4c27f2f6a1e4e1f3731f
1007601;0xc2ac1625ac88dc1cbab73c43309a96718ff36f05
786975;0x2a7e0135fd2c8999466f0a2eb187578ef95d4aaf
1910;0x7a187b8f756abcbaa6b7c926c34e05b19103302f
1303594;0xcbd6f389ebf1f86c6d833c5a987b027464880e25
379662;0xfdc855e70980e09d7b52fcab641c443475a9ab2a
329759;0x99fe5415ac8ddb3846b25940971a05307e3e11a0
1135141;0xc5f0158a4b8ae19c53795d1eb6925fde47a7ccca
398150;0x32f32158469a59e81ce65227b534296960927da9
584148;0x0d3810ca67d2a959440035d93758ee1797ba1d48
361168;0x9137071551c1d6a28888122dff8e769761b1bb3e
1069332;0x10b99ab729809dd8523899ebbf3f9aecdd153de0
989791;0xea946a76604bcc22fd038c2e487012b56133df2e
685366;0xda185a9d4b4caf3f3a10b2209f91e67b9fa62635
907434;0xa6e597f7e0fe024828f4fa9774936751a15ec974
649532;0xde8a3a2447b712e46e8196f312fd1944cbdc307c
1306881;0x173afc65153c11a4429b956facf5d4821ac7da3d
1043221;0x7b2b452c3d43ee43d8021c2c43f9561255230c32
234447;0x9c9bc537001adfacd37bcd790a2e6350508d6050
1068837;0xad3fed9ba19efea47e4d94ca28eaaa839145ba31
803813;0xf4958ed4f5bbca5527250f3eee7c946dca67d76d
503721;0x5782fdb17a7012a66edbccb6f770af403f1dca5e
1007591;0xbe2a78c657ca0814555b37f8f84b94a4b3cfc1fd
827710;0xf3cfc35ea63cb6124a7af023100a0f23993148cc
1047343;0xb3faabd9ca9a9dc3d2c6553d575d51a03a05c1db
508615;0xc82389912d64bfa2be083a773a3b98661ad7cc8a
687560;0x7f32f53e68ce5c567f110db5f57c3bcaa9a8623e
1354311;0x01c91bbee837b49aaf7545b5947c7ae371d7eec3
254277;0x44783f4b4fd44de0fdc611807eca7190c0144c96
1130708;0xf47f5ea1e2e5275594ff05422e633091f085f934
435578;0x9908c59c8692beed4119708ea279f8be6d7802ab
739051;0x208727d46e3548f036491d9a446aa0cd5f377932
1111029;0xe1d742e039aea02402b2d864b70ea55b5e0f3e79
713326;0x1459a215fc915199b8a0b07e88689e860da72230
1095920;0x3cd1aff893bb69cf933a3b6418eb15c8b4b841a3
758232;0xac322de66290cf77be6ff390e84395e519a84f23
752625;0xfaa3b037912dcf56b2e7a2b6e2640a0a98aa50f7
312253;0xe66b441fb168c154ff27c7ef726e9afcfe97da84
413392;0x1c38d16e957b9b9f2694c81f7feec948c63f5b46
236188;0xefb15afc6db6940f21c8e47e663eb4cef8f4d891
1070172;0x561c8f29c8d8881a5c691ec7fc870a0c7f3b337d
1143695;0x4ac5b04d500186d4ae223d3bbf2dbec896b45a24
432819;0xb6827fd8ec8be4f65defd6d8be92e17e511cc706
1109613;0x05fdd66027bf469661c5a9b0431d90a939b32d68
947463;0x92e6055667ca13fc840cb29a9a0d3a8e963fa3d8
1107258;0xa0161b67391199bccab44078ea896cf0622e1b90
236986;0x80fab22f103abf7a0594b09b52cdac5cf71acede
947470;0x8a976166968bbc02a1d3f4e9fd9daa5927d7bbad
950642;0x4bb15d93364904f3a445243c6a66f433a265d94c
1135131;0xce25663b052ed98c370428d047767f4f1995af30
878412;0xff6190b987ff18226fdafef8226464eb3e58e02a
1094407;0x667b5e218f50ce90e5c1633540fd0313295dd36e
889633;0x44632808b180d04d36905665040caf2a68114bdc
972310;0x505ed0d7fd471861fa7a4c849e4c9a19a3596d4a
933531;0xdc1672c7a9742ef556d6a2cd699a2bb68a59eea1
1021739;0x4714759f869dda485c322dc63b0c7d4274bbbc6c
876632;0xd35d302d541be4bcbc80bf9617ab26130f11f37d
263706;0x337fb003bc9d1e6295a964b292f8b405dcba473b
885887;0xbed23032ada038e329bf7562103d8677051095e6
1345497;0xeec7a55efdf457c1aa12e6c4952b00871a95baf4
391790;0x4091ccbafe5b14566f1f70fea3b9b82b5fcf94a6
362275;0xdde3e35cd3ec2b88db2222c9fa35f2db0c8ab716
1043227;0x5f5ccfb2a3d2268900940eba56e69e7f4ef531f7
1120680;0xfd91b20edd1c02679178ee2f3eac2cc9c81208c3
519393;0x71a34cf9e7b50f3a98a932bee63fe6a6d70dfd73
1002039;0xfc70f35a47919c097454a48cc5326f59426f3c46
5774;0x56f6b5c392774b7b62d6f62522a74b6af759e421
701929;0xc44d9fee6e8ad3ee8c96cbffa3d745608024ceb6
1148726;0x66a75b8570577aaa8d0f718b1451aeba899830f9
686186;0x9d8e86e8f1c5e47c57e884bab30c6ddb5b116dc9
1006990;0x89a071758ba6e3ce74d1935ee13941e936172113
1050695;0x1e1e2bb20b0d22b3613918daa18bf483efe08890
1064690;0x2d08d95a28510be225360d6e15b91e2b32cbf141
583567;0x659b5f3f20d0fad31f22470b8027aea274eab5ba
753902;0xc38d13ce0f6f50dc611f58f99a13a3b471794abc
391699;0x9694e3cd633bf290378549605ec8ebc2aef5465b
1315541;0x9ef54ba5409c234afccdca2ae3944dd51c848f29
1074302;0xe3b6c56ebb1ad22810d7efe3bbae903a900ee904
659192;0x74981478a506ccc47ad02bd997ca39179f9f8557
537014;0xb6274f8532465acc081de73068179ee3cdfd99af
1020;0x5baa44bb6b7bd79c89628696f1186bcaeb3453aa
393718;0x292eb9d5cdb442d27e33264953bcbc505fa1f587
1090158;0xd6d824fd3d19e46b5e2046955d13e9fd42db79d3
1101329;0x281c70e4796d98f98711178cb4b9de6956c37a7e
757548;0xa04d742f604d71e71ae1c7f8abfca906269cfd6c
947465;0xc4553cf1a0491a1a4866e4e0dc1bbe1d7dfc804f
898092;0x2d81d48dc693da60d40af36c7099cfe30231eea8
897761;0x9408f9b7375332e3f364b4cdf88fee6567c823d5
635806;0xb9126d6022f733ec97cef493d3db7fa65e22a97b
900392;0x82b53f336c11639c46d3171b78585ed77410a489
357981;0x90cb59f41e7b79b6b42f9dd1ea8aab9af686653a
1319813;0x5813d55e59abcc34a7aaea5e89aec6ce8e4af12c
296171;0xae98049333184d2d05bdd78238487ca926159767
1043280;0x128ea1b9c9dc456e58f4d3588014c46c1720ebab
447289;0x6dd64a79510d620da415780823a93283b9dfeae0
1009668;0xf7b1f5308b81f8dae5ecea6249fb22a41a88867e
1097967;0x880fcf5bce9634db9811ca03f1072fed43657414
787811;0x8e93a36ffecc589e81f1e2cc06dbd5e9ac8c69a6
1129198;0x7c46a0abe0f72743abf0164c96ce8207753df283
685808;0x5031f8257d48aad6aaa0a8f972aa335854692097
994978;0x18755cbc08e13d0d383a24afee170a5fa5f476ae
1146277;0xc4e60798307ce5ecbdf60e8267aa184004626892
568373;0xfcd59752f5b1e4767e60b8cc476b02c239d06fa4
623630;0xe577ea12b10ff3bb6ae303b9aa2680b6b7cfd39b
950568;0xd845a4c96f09524a885304b423df8a1cc67e177d
1046055;0xbe2f91f418d21ddfdd4ca5329bb8401806b29a2e
507406;0xf375f8a64ab1e3463c2e29f17498086a88c98c74
1060585;0x78dd2b395583704136315351f8db4329618a3721
914060;0xd8e3c30889e03c83c9032f02ea090ba594a5bff0
195549;0xf7595196977e696dfa2747474f870171b1283983
947464;0xeb7b1fcf889f3deb2102ca64699bb298a02f1a3e
517632;0xd1bd934fb6f08f067a6d2e1daa1386a03d40bf7d
753476;0x1dcc3bc836a26ea00661eb26a39da27aaf2ad620
456636;0xc810c4c3392597d5b05e352a9944a9d2b345168f
877606;0xde6e366ed6f71a169bfac67181edf7d484a9951b
689619;0x67ac6233ae1a66755b4e5c9ba038b731271f8d5a
414836;0x6a51423a808b8d15f8714e5740545273d3091feb
621865;0x4ce203c0ece50c7fe806b8d33b0830e129a87def
398595;0x378736f30e796bb0d33370d0e133622d66089ee7
252728;0x6a04b2fd344c3911cbc2ce8165f66b693a5f2c2b
761031;0x00bc44645dde246ecfb61dfe90a0b9430c66d66d
300110;0xee686262c834d40b536bd726f585ed302d8bf964
465889;0xdccb29dfeb758443ac867812be9036a882aa753a
981160;0x203383d4d5708f4eb0bd003d564c8f8391b57796
316720;0xde575e063d6c0e9a31fd9ede01124567c1ce67e9
1201534;0x492a2a86cf96564b0037dda818bbb3d170baf7ff
342856;0xd938de750860ca4d389b7a0fb68144d656540120
1297908;0xae3cc33a9bcf89545e3060cdf1ad1f8b0b9ad3a0
1121855;0x0dfb3acd42dc97c15765334075cd26bcf2f2c362
1111465;0x40eb8d32be4d18799958a35c24c9534cda134ad6
517400;0x1d9a5ae6c84c23533eb6a019dc8057cdd70ab831
957176;0x3eb0cf1bc06867f8144b45479513d964e3b718a5
579578;0x51b956920207bb7d3da25380e946589db3e632e9
1143698;0x897f946c577842afc9644195580bed656e21c82d
681219;0x82ff72eb8db5885a33a8a72a63a45ae106429921
317940;0x17afc825c6bfd5b96c1057750493ec7e6f13b3e9
192078;0xbff9ce7f4759d69ded1c3472678443cb9a08fd0e
11245;0xefd047f1057a0322c815cb52c5a006a3ccd0c9e0
354665;0x59a70d505714137acaedd20d994536cc47d88037
195197;0x8961b284c8bff583266dafa06a871dd1e1b17249
508675;0x25b3c4c76e5445fb54c45764dc56d872be8d1895
515213;0x21d2dc824be1e69ad21f12ea9a45707f97d5b8ba
292560;0xdfebc4d5c5ca3a669f60fcd8fc5981d27aca228b
335657;0x5d877eb0ccb71af425bffb564bdc3146ad89165b
1303591;0xaee505e6479e52d94870dcaa7db9bc8dfa9f5a7e
1064811;0x27266e70216de2b430ba39b96dc766fbce21513d
653483;0xc0fc96a73ddb54aee4b256b6d8f8b3fcc2317b33
452761;0x434cfd0c7a87e82cc2ea5f3222df7d6c2f00664e
760263;0x63d1e0b2fedb87849a6074ecfd135b721b45cfa4
369999;0xb60160d043f844143f66a997dec10396dd273cb7
387419;0x36fe1b64e55833c43fd754f33c7849b46d22702c
236157;0xd34fd0bd4a225054eb2f0e685ed2ad9c938a77a9
307942;0x5d9e8881b03ff5aec119fd576676eb4bc2215a2a
1101272;0xf5930a76716c34de2bf6dcd0634dc15ef3e369ec
262193;0x568467d7376df2394d4316ac79880683493150e7
247731;0xb0b984b64835b0fe7c57dbe3ae957a403f1bae68
276017;0x826d0a42ab9740f574cf7d83d9ab63be5655ea46
462678;0x4259c64f9e66789fe54208cdd3ed74b42a9ae061
1354326;0xdbfb26335a845e6215d19ee65fcbcb1c3b251b65
1009711;0xfe6a05c26bc469e2bb01016b7abf386041ad5a29
360245;0x413bbfaaf88ce70036f0ee1442c9ba928c260635
294684;0x3b6c36c42586fb3821e5f95c92f9394faf430b97
344295;0x30bc887aeeb4a80a31d75a0883db9b13026f58c4
1016024;0xd553e0691cecb15a52c1effc1ca4d1ffb24a7df4
846570;0x504d77d90fb8f802b59ccc4e2f39f6a24b45094b
757980;0x00971b42c4ef07c782580f48dc8db5ac92f961bd
577527;0xf8cc16c0945c8e4e4871e1e724396160c921c0f4
340458;0x8102a1a630a1208f8ac1811e704a40ccebbd752d
410755;0x3468e7e77bbdb050c4425a6411f8567ec88c6e3a
559138;0x38bac5f5754b39df211e1a73a1c89a562121560c
544854;0x3213cfe0a41a8a58e3b301547a4a571c180fe411
970483;0xd83310a7af1198ba262559b74009923f16430212
1328091;0xe718b28c1acd6cb60799a6e9f500606c038fd84d
789438;0x78a4bc577b5307c96a9711a440b438866239c491
345765;0x21ee4e4994a5d87f579b9aee5e22142b85e9c624
582204;0xb6b7bac63496c4699534faf42d554885fcab19f8
386529;0xfbab9771b0632835892998a5cf2e23de994636d6
1130492;0x03b805c7b1bd4d0846ad234bc0d2ad470e6959a4
430312;0xa17b24954e4d1498dd67ab701b4df79f09654078
1168101;0x8f8af1a6d5acb1d17eff5633aedb96d3bda738e8
1139697;0xd51466c56fa9b687f2c027d1e4bfa309556e8dc3
189761;0x053375d7b58bf59cbb4cafad4b46e69e4dbfaca5
864513;0xaae334ab7730bfb741a141796e1e61d6e2b2fb63
266538;0x0806a4b7d7005da6b057fff852ccc18391292ef7
258490;0x11c3bfbc2b965ef67f552550392d4f8a58888e02
476827;0x6df343ee7a80687af6967c9badf1fd74eceaf34d
1045475;0x394200780b9ef065460408c56f8bcb047bf33e53
588159;0x6cb3d05c804dbe8c740ae70a1f289d07f18aa210
310531;0x5df895914305eea293e8eea65313b43e85aa5cad
529255;0x70a106bf91440d93a10a6e0ae4db2fcd49dd3c91
437206;0x3e936f61168c59dd8f02eecf38d6fb1637f50857
760521;0x09f5e39e1e362c7c619c8fd75d66e27972cb74b9
407020;0xc1d7d1e323bfe34ee0a2cf8db947c89a11dad8ac
716990;0x6554d9e8d6d9e26d089050458453fcb55d0c0d32
836321;0xdab2019435ae67157258b7a85f858152d2c13e45
520887;0x0cbc29ee26c0cdc7ecccef93d9a5e1288d92882f
426158;0x59fd843a4c58b7a00a13ff5b73876590dfa75bac
257348;0x69632f5e0252901d85f1cd1b5d1857f70d9f1ac4
1100915;0xa72f56724225213a6ab28d3882d4373aa1ac313e
1090747;0x90f5bb041739d1f49162937f18c40ac45f832ca5
1078181;0xd813235d8272593a1fb3b5a82617e5e360b7b916
859424;0xc021290e087d582a4e6b8e2139cd891c975ec440
1109616;0x2247e786e624ac3e9d57a1e6ecf0679e70bbda93
732784;0xc3f0db0a12e6f206fb4c975d7345da811b4fcdb6
1035482;0x774ebed2a755b5841b1f028a331ccd75cee6c2ff
1047677;0x52c690d8cca48615e4b4cb3a7d72124a4b082701
547401;0xf85b148d97547b8c459646307b71a1c6ae8bf095
759479;0x10a9259ba9d38de7fbff3c7296dfba86376d5d6c
549110;0x08fd7ed3ec830d5d72eaafefcf3d32b50ea7aa4e
1052159;0xe5400de9155ea325eae9446bda3de5357a3710ef
518338;0x096885a16abb936703c252d83a4cab84ecde5464
758304;0xcf0c65075a82618d2967f39bba7210997dd0117a
819523;0xf353190e2e3ba96dc588b17a3a50eb9b698412b7
500562;0xa52cb110ec8f356ea1f5bbf96b24057523a5ec9b
352382;0xc3aeda7e79b5c463cbadf8f2d07ff6151f9afa3e
323117;0x9cdc3b166cc2c5c2b30b59777752d1cc8c66807e
1115035;0x7ad1057f63ce6b4054a72b7f86fd51ffbced457c
447929;0x149376f1cdf864d9b5ead004f548eb22bc12a6c7
1334841;0x67610e445304e00dfe73945ccca74d74ccd14395
513274;0xbe89ce70621f2883ae3925925d301f660aacaf92
1109601;0x1c7fce31ea1a75db6fc5adb91f5c8d58ae794884
1197801;0x8dbddbc50460ccdaa87518fa7c599059a5c81096
560959;0x784513f69281936902977c21f591e1ba631ad3c0
1102815;0xa5b2a84e63de4110f3c6ccde7ff853db6b9a96ea
1097358;0x45e7f4fd4bbfd15f553facc3fb1fc2dc3909acec
1112346;0x54362385a1584033bf8a447a0cccc1c29ada42d6
1143756;0xf5cb0b97e097e62c417b095caf97cdf178e76dfb
993870;0x9a5a9ed0fb6b7bdf69c63315be7a844f8fa6a30f
393339;0xcfdc61df8e96c44a028f4f9b6fb7d712274775c2
1044762;0xb7085246a32b28cc2d6ac50a9d2eae5668b57d7c
729074;0x6e487b580d43f6325f58ed4383c152dcbc4cd853
779552;0xd7e116073ba521d213f5cef01f75f5a3ace80cb4
1074474;0xf23ba3c99824b1557d5806f91e70fe18b6cd707c
1108937;0x942919f4c97c95d0f1e9b1e6ed719a7c8c79630d
973297;0x9f39c41a2019f708e911bb9c8bf98efca5b0adc4
265829;0xc68d9ae81805102f1e16d9e2dacf5c104c5b9014
1003296;0xe4fa420937277f111f3441c8257350413b07a3f9
17991;0xbbeb4a1078a534fdb60e21d0ab5dc11531e7daa0
863607;0xf616b30af514385897bf2a40a2f910b9e2560ade
1014223;0x742e82586e51668065a97c873d1d6b938d9db48a
490377;0x773437aafc79df61959f5eb4170c200d461e6c48
664143;0x2b3ad421343949b42238216ea3173b6865bebd21
554893;0xad16bb3168e880f1a9136541dace39265493aa63
889890;0x18074cfdae3d64a001bceb504daaf584725fca95
515540;0xa90c7d26d68e1074da34bba44e0b7ea6a4ddc27b
535038;0x09bcb32d2e046a7d5ffa98288ec3f472936a7529
608209;0x96a7a132d2ed5166e4e18972bfce830d42b1c27e
1048190;0x9ee21054685cdac60f6af9dba40aae6f591f53e1
659845;0x5cc6bd8540149b1249afb700f1d2fc691f8df1d2
250040;0xbaa458ce9232d7cca8099f6fec5fb329b0b856d7
757976;0x5107bb40f2c7f13ce7e92a9bc8fdf2ce25fa6c7c
430353;0x0d4a8c59c11da6b576884c1481cb70088edc0dde
974984;0xcae752d137dba2033dde1ce76820a92c243434f0
484253;0x4ddfe1a16fd69b8634ca8a39ed5baf1d35586c34
451003;0xba7d36444bc82cd6832d0b4d0f57184b47c3fef2
696104;0x13377a45a9e564d4a991e174ac12b9bfc643152d
1141340;0x5f39dab17131e91eb02136262cd1a362fbe4ff02
323867;0x43f03cd3d97577b1ace63cf2b4a2ba0744ed1647
760934;0xfac4d7cf7e64128130822dec5076946471d1ceb2
620031;0x115f0ffb17ab413d07ee956de58696c6cff9bcd1
989792;0x388dc1a592c07537ba690c465db6f5473dbec30d
335161;0x3352640be5c1c26d0e0f36e1cc3847ade4d79806
335851;0x812ae7ea7e88da1c7262f15b8b37da0b54dccc12
1141687;0x76152cbfa6d94d96ef81cd16e83edc0174af0688
1316052;0xb4ac7ae0b78a53c403bcd2f70f45f63b6f5b16f1
700026;0x68b31748304d7b78078c19e403c1f0048c04a9f4
1143701;0x4d560a0a132dba39e080e03b57d3fb3110243da2
1097920;0xfc637fa11028c61ae67fe6811785689b7f275faa
1092551;0xc8023ca0a82ecade7eaa56dcd7aaec9fe13b2267
402398;0xb61018e743ac43c74751f2a3adbd70a7a4a15e1d
367589;0x20b0b63ff0e04eb1109d5059f7b8ebdd1d7e37eb
1075364;0x8a6e1b8bc27045f8ec47220aff62dfe2bbbd76de
1020444;0x41450a3e51348e493ebac9f3fbfcdf228a44ea5d
353928;0x50e845732e16248fb5f5077f9123e2db54d0790a
1086847;0xbd63597e88d9f9423ff7816692e959a9ced66dba
1093772;0x30fce27a44eeb3a01347a2c5f1c9123fd0166c5a
736421;0x85bf48998fb06595226f4ced4d59e176a5a42482
1055616;0xd3fc09d427eea00a19ae19fcc11ec15a37210366
1065233;0x9a5d5520e017b2d8b786acf62781fba2ad3a9b71
808344;0xdce152e5fef0ff792639f4958b0806a1c0d5bd43
522389;0xb441dd2cd50409efa24f18379ded23ed0da328be
736763;0x00adbc7d281f45c1ece02209b97c5c15df9e849a
321447;0x01ae4dbb3e15ea16c5746474fd1bb100600f8af3
1093233;0xdf2d5550df1d49dfcc607f5dc8e5747a64035264
1051389;0x8635a38aa77a5817b7a58cfe99cb70c4fd7098b4
1071181;0xe202816d2f0fef5d34361c053cb6fdab5b00bcc9
1108556;0x1af9508e72b4fa8e5cef38e569ba0754793c6461
1099393;0xb21aee2b8bb56d761d56fc801e5c3a94b8c62d4a
310375;0x202d91c881f1f68b20c0bdca5ec9a056297dc5dc
1032632;0x1ee728e7dab4c4653452691e26412968a4e156cb
527966;0x986e8542d982b386c64c57ab98a0a0b627bfeb51
559366;0x1764d4b0249183d9ead418c7b245b480263f33f4
1166205;0xa919c5dfb9c25e07db6826bebb40bf1484914f52
1001447;0xcd499f1d8b54e141570b7c9102d5746be2dd3a98
731906;0x37e6f7d040f5e7c046acf0a988deba1a496f9647
551474;0x71e7a7cf7484b797fce0b551080266d622d40573
1101316;0xbe3891c4be866deaa1e6df2b265da49995fd47c2
732510;0x0fec7b6568b5f9282731c0e2f18f010ab483e7a6
277142;0x60bf1647e055dca77832572d779d70ab3804a4ee
567853;0x44a3bebfb9116da6ad5fabdc603ca2f3060f6e2e
310294;0x9e6cf27131268ac9b32b20403ee3dfda94f65468
1073188;0x2df3d0834995b33d292f5028f912d2016cdd109b
1117937;0x04b22dfcf102fd6051be7f93fb88ec824a133526
456902;0xe3842eaefcd6f13eec826ea3e12d67cc103665c9
1047744;0x0f74b0b8e433bd2521d6f27dcf0b0e805222a431
323390;0x8189d1f0a4e1c5a99289bed18e3b7ba854565d8e
447591;0x86282e2623e892c26b1b1adcfe941c3f3a8018a2
758318;0xf78df705e2beb9d69614f1707a05d599dd35220c
1048167;0x27a1dbb3b63fc13db09b8513ed98765304559d6b
873681;0x4aea790453a4e1d2db808f446fd0b64508d8597f
1076405;0xd91b58da998c3fa0b98fd71535a4ffe2b3216f49
1019120;0x6bee835dcfcff5a8c88c09ae6e6f51362f818dca
371317;0x8b76cfafc28dbcbbb5bf42e0186f5e61690a683a
732085;0xcda4597381b10959147e9798a9710bd2566801a9
974071;0xac328e7cfb5ea4bcc7e08c608c4352a083caa6a2
727749;0xb07debf26fe4270f5ea440c7d5547844508e6efb
1100662;0x6fee9aeae27b1e36ace9193b05e07947b5f8adf1
1121190;0x8a2427f98b378959bfb9c5d4ad31cc1d8fdac327
3310;0xf2b91d4a9fc027f8793d48d2fe89a97e2d2678bc
600563;0xc5b231835408e2f7317267dea571c257489cf685
4926;0xe97c29b17ed7d742e3843affa357449fa10a1855
946434;0xf77ae4466ee518b9e36971fd1213a5ace1d44963
247069;0xdbd73251f3d6f352e0202d94d472575b5b0f9ae5
386676;0x787db9b5e3ef08d24c1ccc0943935e93fe9efe0a
1080869;0x6288f40e1f96db7c6bebbb6a71e3f3241f163b1d
1103858;0x338600a12517b5b5f96ef40d1de326f5b68eae62
251316;0xeee8ee322df27e1b6ab5d4359da8b905cf3a66a8
795473;0x70e1c21778b5586df2897966f04d869a4a96c3e3
1104762;0xf7b750e63f0b47ac52f491b714a4413c7ecd6571
980335;0xb11fe2ebd666542f791b920eb594636b86c72881
1047332;0xc52bbff9ee59354e41f26d1fda57b60eb11be88a
1142993;0x0c147d27aeebaa99d0ef9714889b5ed48c507cf8
480133;0xc5e88651166f33274ad6b903b4d2fc55e2ecdc47
211189;0x31999dfb3256d323ca057dd20adb56b8ed451774
642503;0xe70d4dcbf0e5084c98f18335ca6d1217db1fb2b4
325854;0x51576cd148a92f59bf3c65441756c729fbc9dc5e
1118875;0x9972548e7edd863372f64ef58be56fc96188f0b1
1100068;0x635da12aebb1f9b0cb862cebef98ee1d2a4a9719
524608;0x0d05a9ad12394f4db460df7429c90c21cb06cd90
597985;0x54879959ef6b6063ea7d5afb3b24d3e37a570dfa
825723;0x61da861d59d7c8d27bc16283169d77cf73537d2b
1156281;0xcd21bda93948aea3f3b8ed719b20aa3218e23109
385289;0x0bd91d897fc20cd2e29b03795acaa3e9cce47e9d
226522;0xe33fcdd8b9253417b16ca1e9313b1506bec71793
1046819;0xd03a25598e83faaeeed1e005a9d70a43eb05e778
1051219;0xb8cdcce977305b175dbb098f1728d37cc9dcaddc
677172;0xc5bca6703cdff26684c1618b43c74fe99e775bae
973476;0x9df7d4da447b337e1e4de74af6a1154e5812c0a4
244911;0x8b8548fd554870afe5dfca12c844bd4a0848646d
816467;0xc7bebcef42bbef743c629720934e6e4fe0b68dcd
252570;0x0441199dda032771b040b4c60635806ab2eb4a56
955042;0x8b7fe3004845977065cc3794ba8f41bbfde11179
1103748;0x3e17c15d05c91f6ed4b5ff130c3861a6c954f230
1137208;0xb4eb9ccd34eaa527c9b7a120ea924d3b44ff20d7
730894;0xd008d6c2e69b1144530d940be9e8095ed2d50854
737110;0x5e5ddcf4fe55928c8243f75b38672f1c3e46b1a3
1142843;0x00129a204924ad92d048bf62765aa5c9786f03ec
977699;0xf273297835213c08c0e7afbc65d1cafe7f8a9ef6
1048220;0x7720447b46b197cc59798de303e6974d5b54deb6
1068059;0x29dab9601aadb8fe880235853506765d5bb508fe
943967;0x20eb37360c8f761a224baa3aebc2f34b83e7d39b
876698;0x29e3dacba96d803bcd538994bd9799fe45a8fded
1354337;0x5d2f88753c4bf1106334e0049a0ed7694ede33f1
973898;0xcbabffd50df3f6d25828ba4c6de1497092a22825
331545;0xc34bb33c96280a60aad6352831d9d7b8b6e1b744
240242;0x44d60a3344c030a73f6f702ebc7d23ff2b0ece1f
772144;0x3aa77bd772ac84ff918dac330ec52a0cde37c9bf
1065075;0x1c73bd2a7a7c2f2f1c83af5f86f6a16e9f28ad3c
1025945;0x27bc6d16ebfbcdbd1aa2237d5177ef0f0c39bbe1
413225;0x4540901a4692aab07c9733eae0f80a2874f3bc8d
1095937;0xc17e13909661936044a9df72fae9d8b9d2de0ec5
1097342;0xf0c0cd7239acf17befcdc25dc82f824b6513f33d
480106;0x6a1443ebe2491c6d3ca437f3994b7046dc9d0cde
1041352;0x54b647302c1c1945e88f0db5d813eb311a5e4583
477883;0xd56420e24e7706f33164daa297d7c7452a252581
1318619;0xb83446520e7d287852c8d9e07e8b62260e1c700f
255692;0x80e21c194dd545214174c1beeb6d9e494e624757
393855;0xfa5ad150f1fd110dc468de1af9639498412c3423
1072689;0x44d17504aa9d144d5623d45ffe3fa6e275dc31c2
1086420;0x24a54aa8c81506f4bbfaeec8c465d72d309f5a04
1031608;0xe1371ab7245fbe79d4a64a1d8d02feb988b78b6a
290280;0xe6ed1a1598145bdd7b433ca7365c3f30cf40b3e0
343340;0x2758b0ea19012b4de2842c8bb2dd010ec0c35534
503554;0x5b045917b441672f1e2e9170313f01475642e618
491495;0xd15c07cc0b1742894861fbe602f2af7423b18fb7
506519;0xfc49175253e37416511672d412643bb601accfc9
249052;0xd4c2daca0e1bcecb05d949e780c240be71404a92
272794;0x4aa1e6b924aa6bc19d86055b04b2fa42ab687d31
1038343;0x4b928ed65c9e78dc2744cb276eafe8fe0d40a452
248397;0x55abb1b8359d7bff4ba9352b411e5c0e03beef07
297856;0xb293f48a043b1176561d28a3c2514c52ecf4b1ce
1043972;0x7454958befc9cfcdec6c9b3420dbbefd6bc8616a
846754;0xdab6a57c396c0726387303f1d6061dded3aee628
1143702;0x5134de29c1bdf62b82b5b44ce1e62e3fd0ccc574
1146387;0xb66959bd179a9f9782f3b58f8949b708de7d6a36
405464;0x541ea1a955f59f634f176c59bcd2a283d495852e
4860;0x8c71586259b908b3f699e083293f5da5812b5a25
522448;0x172b365dbc2ae4716bbeba38611814e836330c5c
1040727;0x3c6b1173b528db06ab2b7811afca2ce280714dd1
1148380;0x184043955bf0e2e5a0b9f307ab8cfc92c5e3f6fa
957119;0xf427082ea8c75301d2f16a0abceb67bb25963d10
731701;0x25f523fee2598036f83b2bcc666309a8e83bf57f
878245;0x70ad1640a6d0125375dc47f6569d44af702e4b8e
270950;0x3bce4124103efadb746bea9c71664f1a9d515b79
582669;0x1024fdb88ae6efcd76c49e98e5c0e7ce9ac85090
1041756;0x74a9aab54110c7d63eb51b60a34179bc0479bced
256755;0x8f5b42b0bc8976f3b6e03f8f1ec85b7df5dcc4bc
551050;0x1103db2b36a9f291860468194a28417e508c2b93
404831;0xb20aa8b4f043bd05c1f56db2e7a8b91f44766388
1005602;0x88c260af2e7217cd4b3d5fb1758b18c7150ade7f
927869;0x4a951237e7bc83ab9b8d21a06d00ad913ce65357
690759;0xdb65979031a4011a1fcd7079bd6f298161586139
928042;0x12bb811d2d8ecb52643e11fbada24ab61c1dabb9
489604;0x28519ae2bb6fe7cb6a69cdc82be53a607e5de49c
312091;0xe930835b7a5aaf25da4b8bd17e0c27ba8e017a61
441734;0x59ac05ec4d186426ffc37d2c66e5a45efae1d225
520595;0xd6e9ee395848aa67ad5cebc607c30b36242a6a19
1046814;0x018706fa09b359a97f08e37792d32b9c25219267
548184;0x4a78b743563e4a4b955250e3111c94d17b2d6eaa
495667;0x39658ff71a95ab2055e8f1128510930e7109dacb
1149405;0xdaae7ded6dadc5cc0f5caefeecfc5b121c6585e5
1047683;0xead2a8eeedcacd7907e2ae9f0fd40aea4e82a611
722363;0xc21e9c4525f8fb6de843673ce45bbda8e23d461d
734;0x7911998258fce5b599cb6bd93bfb21855cf31987
977979;0xc6447cb6fffc3da8d1f6fe9a55e0795fab38e5a7
613186;0x9e47f952836d5384c9396e7f5834355524ede282
1023908;0x997a89a095a533c351f0bb564dbae267b178aa3e
1109927;0x3b441a5ed7f030cde8217325955aaf8673c1c378
832004;0xe48f142d957bedf7cd38c5794030ff1257d4bbbd
268669;0x8589bda82e63761f8fef907408306b7f4a865e68
808392;0x1cc4ad6c057ae65f17bd42b741df6134721001c7
279827;0x1157fc382df809c31a1e463cd874ea2d6d1773d2
1337579;0xd781bff16e80b19f1d86f5923a353ebb31ec5977
252911;0xd12a95814be9ede8f41cdc96a25fd61649b74803
390896;0xcc3a2398f5df9b00a48e8e9031bd3c2064721b52
537107;0x2fb3d5ad9d22abbf5030192dad62876b46a4276b
424247;0x431d47d9b1a4f458b17d26a3e7886dd31692c62e
405562;0x14f4a0b64b254f459e0ff322d6899ba9a1252d7f
584515;0x93290fc9efaae1659327abf28d8f209b667fabbb
537118;0xf0d10fd7bcb79805b924f84398ae9db585503c92
537122;0x1f9fc150232d43feada121d1f4ea83c22a981725
237277;0x3ccd9440b173bd73a572e0540d1193973f9175c4
614340;0xfd4771ce0686d4a8e1fca4e147b0bb9086cc3c2c
459637;0x519daee4b73a87ff621fce879fadfab1f777b386
214600;0xe40dad4a29273f22ecc7adfb3dbfacf338dcc24d
704734;0xe3831fa75015f166873465c9b5c9cde84d80e3be
955030;0xafa5a221600cea988b1bc2fe8014e85107e94004
872735;0x8b1ca5638d73ed4e8e3d0fa21686ee2e26e5ed3f
1023580;0xaba00282a9fd75f348e52c972ff81a62855dcfea
1059599;0x4a6416b74ce190ba75ca79c99bc4df05ea3f6478
1079014;0x53788502385dfe7531b90fc644374691cec9f59f
884817;0xdda83175f5bc0b63f8ed1f8a3a3e2c73fcafdda2
240401;0x2e68a37653c551a2d9265fa44ace58d084f863df
459792;0x99373bd0d01c7b94a3f1162262c59130f9e1a04c
931994;0x96c3b50c28a505504f624ce13351b79af00914e9
1114364;0xd0f33d12773641b0e1359daa54d097cd71352c94
627393;0xce4fcef9bb3b085b745d160c1d3887c94ccbf72b
521939;0x9621fff04ad2b573f720777b6bf62fee394a2c29
788997;0x762a125a1e415ba73955aadfeaf239f0c2ef5a77
739128;0xb8d417cd8ccb7ec78d0605931392f78ea817f95c
974152;0x11ba74798a46452bc1c660a780a94d5d2b7b31d1
685732;0xae820079c0f659d5b01038f1de94d48e3ea9ce69
280115;0xa27a6a2f910f512044f9bbefd4a49d7ea0f6116d
985144;0xdc42545f38ed6d14d5c07284866d29553eddc53f
929914;0xe236a95593789595c77ba9f5a9ea982e39258314
618306;0xa42e791bf12ebb320b703e88279780af710b69aa
690165;0x1b382183b73331f710716dc609afedaa2c451774
294268;0x64d23f682d23b374af79c07e1315e5e7a993a445
989793;0xa6215ab08c06daf6a27478c8a1d2e864626a7adb
1046756;0x422f6a846ee2689531f06127c9de01b5b08bd020
565628;0x2a2e8e84f6db951271bfa0255cc22a5fa44d4e7e
258019;0xd96826f2a4a6d970f086adf887b5493a6b7ac1ee
737521;0xfd965da3b831abc921d6583e289ec647e3a729fd
239344;0x195a55e55a4570778bff9863ccf815a8844a2727
891637;0x4f40dde4e7a6aa53a50449f4e3d52e36a6df3e3a
379068;0xcb64f4e742538bf8f59ebd153cc254bc3a9b658c
194348;0xfb0f77c52ac86fa6cc7b0520a3aa882c7ccb15b7
437528;0x3924473fd85e1a93b0526c37510dbf1c6a71639b
1130706;0x5e9aec6db36bc1452b54f86d6ab38f4fd815304e
295511;0x77d4f6b5b374629d98a3a876bcd25e873e5e2633
544150;0xb55f3c4988c3733299cc64fbae00f99dd623972e
563049;0xc777bd40d4a76e7033e13881acb2d51a4ac84d3a
757770;0x92f900b63620b572eb3d9e6577b46d3287470ddc
737729;0x76b718414502b7b808bcfbd3656da415d9c91d16
1072813;0x427a80f23304831e11c2d8fab1385a57f41dd42c
1075946;0xaf31bddc14522487b1416c856b7a98ef108eaa20
469248;0xb4765bee75a0fa0a2f66bf68ce1796c55854c154
1316050;0x4d8b7ea67783510580d2914aa830489e31d84ae2
800805;0x3f3a0ee13b65db8edb8a1fd81a81adef977c987f
800824;0x14f662d1972cbe04f2057ee504533fd60f1d3437
1158364;0xfbb16a46d8d7a198b53519ad271db946adf47581
821550;0xb2feaa580cc835ca8b18c7871b1e1b283de2b1c1
1143703;0x57712865b639c7edb7a624420ec42ccc0f7a1725
1149411;0xe89cbd9eb7107abbc854eae77462334d7bd4602b
974703;0xda0ad129a6110453d609fbd63afe601b5b17e7cc
1065439;0x7a0095b870a9d932e1cc29f42ce814a1dc481bd7
300473;0x17180f12a7148b6562641ecec5af12472a397559
393943;0xe08491a8b290a470a67d8ccd735c16d2e23afa9e
518990;0xfba7394a9a424eea96dbc5072a5df6fecebf598b
1077585;0x789697c6007c227a6ed4d4ced1defdebf0586b7e
507195;0x50d58631c9393e756e6e82d83da90c8417ed3301
926906;0x1a802210a5bb5c4ef7ededc56f228a184c744c31
1084383;0xe1ef13ca80db26192111780a1415d4250c546c3a
438541;0x5075adbef1a2a0d5eee0eb0b1c8924ff62b680d6
391570;0xa378b67ae9d9f230679e9c37e9191de5eafecb3f
1035608;0xf7294fd7940007485da3cb51114ebda9134d4ca9
344087;0xb23940919097cc15171a1eea57ba74f628a6e902
195700;0x57fddfe5b6ad738c6f11f9f11b69ba87da149e76
8149;0x058659fd08e403e4a3cb374056d8530945ee6700
318076;0x3b4dea86617d6698d8461fe19d0ce6bb5084681a
255298;0x9534d9c17a4d2cd5b3c961ecd02e801549b32fbd
613033;0x9475aba4253b1004f98272eb2879270a06c422ec
1167849;0xde21a502accf1849006ba827949a49b5d31268ed
892166;0x265071c25ef61f72467fb4c23f3c45743856ddae
1061098;0x0f9bf8daeb4395a824cd4d0e46d94fa4eae79504
1129737;0x2d551b4eeaff7454222d0901d655c6d271b0bb8f
786999;0x195d5507e889d291ac0871b6d1fb7770e41776f9
507163;0xbc782447978358deebe097bdd45d3d32f4f24ea9
794522;0xf23c479450b277ce9c36661d5e1295f1a1bfc0cb
1035940;0x175d0c0dfae911b169db1c20413aa704478f89e7
1045476;0xe6d8204dbefac6aa9de9b23a590e784726ac3289
1020753;0xf14f6e1ed8d7048fbf210549a51863ccb21203cd
1052389;0x3a95f57d69469c4fe214f970e4865c6e13741b5b
8080;0x7d108ba7ca82940779c955f273d47261e9af1322
18690;0x3a908a9fda06b584659b9484e44a540d4383810b
1012065;0x6547ffd4a0731581f958c44e00f9b88853f204fc
258590;0xc08554d6a632e7fe1c520e0932050617b0c05f9b
1103767;0x614ffafb4b266d6a93dfe363f21282073338240c
800825;0xf9edf7aed9027696c425585e94e1b9bfca643be6
1066404;0x63478e243e5f45ddc43179cf84638307cb345f54
926242;0x0fdf60367f5549b37fffdfda2c9e3aadaf094e50
788374;0x8ea502572855fe33cb33436dfcbf65ac9f819fe7
340509;0xb77b80306af1e229ea2d4a6ef0d6efd7363c3c9a
201130;0xa9aa5c1dfc8fc24e4e99b209f5dc2f5d9da395ee
537129;0x6305958de965aea822aa4843ff627bdb3e9901a3
761160;0x0982c6666f57c8f71dec0059ef928250c0174a4f
915182;0x1033f95516a9571a437a6d816698de10cc68dbf6
1061377;0xd9b0d63b7ff32fbe941140c66e0c84da59de5cc0
466783;0x3bd92f55dc66312a50b2bf7294a0a1541f88d241
566725;0x8d30d1bf3a06535013d8ea1733ec1677020307cd
602593;0x00a1c81ddda204a4c38954776a5e78df8becece3
1197154;0xefdac22c13724e34d167b2c3f417d485407104d9
760402;0xed445253b353ed541530c6ef23cc10fec257bc6a
1077108;0xe40ceb9f66aa47a8aa8c6a46c1de10d2d0bb3157
299057;0xaf78c2270f249f3c3a9f5699c57483a024d115e1
296091;0x51d1ed0c268d13daf522ff0e215582990bafecdd
1053937;0xa4983ad63dd0340e61dbe6727d66dd88da1b8475
937554;0x0cb54f5abc2d9a37c84b994b9a8ba15e6d0a212b
1104941;0xf9bdf49a82ee05454f31e84c02395d357a5f8c42
249958;0xec2a264f7dd45f3b641c4ff44bb9397b66fc40fb
576466;0x0af5cbde70ff850ca37d3e56b2f83c280645bb15
519051;0x0c7f289f673d861f8dd3b47b8b09f3d3b23cbc59
758357;0xb576b059f4d5ca01fcfb5204c0c0e443f2dfabd2
314590;0x78d7d83e276e0ca12cd4417cf06a23967d8cffb7
1064149;0xfb0eb6a6a46a00342ef258065f56522f993bb9ca
495371;0x971c11e17ad7e06cd8978be1debc7a1d723baea4
791062;0x6d03088a2a6f3677a480e0d83bff3e7bcd66b0a1
757409;0x0dcfb2a26a06faa29315a233ea45d345003f7f3d
794637;0xd61cd3f0e5f1f22a4becbc7674000f005ad363cc
800859;0x7baba6e4d52b5abb4a4192221c0474c529a7138b
1097459;0xcd3e25c6764321dce9dce404f61052887fbe6756
707904;0xa499ccf474840fbeab6eb58a23b487fe99de6d9e
1345755;0x660185001eb9e9a52fa2889cedd1282e2220a20f
1065839;0xd35acd2e2574883b1dc78b252b55959f07832ea1
454657;0x4810d808bb81f70b6b0603665066062e35abc9b9
284845;0x31915c729afe39e9c4feb47d3bdc90980e232afd
713903;0xd983dd6fe86a64977d2711cb110f9b8cf53f87af
524271;0xe0fda19799b5100192f2ba402cb9150adfc42501
1167913;0x4025686127f0efca817113800af47a6eb58a8630
1101538;0x54b5c4a21efca06f36b18a71d435889b0a725885
1142921;0x8a3eb9c2ce8821ed72d874aa880a588eb9803e22
275346;0xf13f6e9f08b23e8966e0ea176cd4479c90c2d0b1
1050425;0x3f73000668e12b710a7db4d5b813b7b471ea2c39
1304419;0x8d0687bac52ab96e36ac4e337bd09d8ccb0ca031
714190;0x484b0344e5592b9b8a6be7de8ce70f07c1f1e1d7
982065;0x88d815e5761ca730108a88b660f6028d281d64d9
937551;0xfcedfaa31f2aed14e5968317bfcf36689def5a5c
1159888;0x5f535f426d136d03569861fa6113b69bc4ef659d
883585;0x07cedf38e935b9f5c5884893cb8c142357b60a84
1101956;0xf5fd5a462ab1333aa1e1bf680e8ae7002b04c40d
556230;0x61a9546b1d032493f6dca3334d69e637b394dc28
1095666;0x27b60ba81623e49333d86c571bd43d9da8c497df
671708;0xdc0e2690f79e5f25317e9200d9eea465bcae0293
1107325;0x2ad00b8e5471b935714c3234d44675ccd01531e2
437585;0xf8fb8018e5f9a7b715ad9756c78f484335207015
989571;0x393ec2e7148c3fa72023707b683a5766dc1cc194
1242858;0x71610b12660a7de35acee81b0512ab10f23e6953
440206;0x67065e344c314c3481cbffcbe742b993276a6037
237778;0x218b97a12b2ffc5e516447f0b374465d2a15e5ea
700910;0x6f64a8216299e9a6fb4322bc9d07e574dbfac870
950794;0xc622e93742bd12e43f8e3755403e779e95038c6b
1320065;0xc8e43c2fb8bebbd24caaad028937a04480ed23da
451675;0x01ef38d0e8f41463fbb685d078c197236a0e52e9
1109614;0xec45e6d5f3396cff4568202c90a77f8e7ce14607
1321539;0xd8b79b532fa0c383686c614fc1532766446457e3
1352046;0x1e4b7e58861f256a5c07e8e0519c76b89161a9ed
1337705;0xbf16caf7835232069901b696610896b22241eeee
973012;0x80104fe1fa240d19f79d2626b726190db454a92f
555990;0x1a52cc440a74104eda27aa60f21ad3ad3d94ec54
796219;0xd7cd7577ab4e28ce271f516e03d05d06f6a9b689
254824;0xf5608c483126d8fa61f895a83bdb846c713f6aad
445760;0xe05b4eb55ad562ecc7a9c6cf1b2d2a61fe1a46b5
708684;0x873ff6b2c8210110d91d38bb8ebc8ad24538ab0d
1097257;0x0fe8d718d6785e5a0e715333e27d2bb4b8b52678
1017639;0x34e9ab69018829610a621f9e9ddde9d6ca4522e4
982318;0x181d75bfac1b38e8aa5d1f2a30541c9af047af95
851838;0x48c5377f9024047a875eef2c4ab22f418cf8a3e0
340986;0xb3877f40048bad437be3a0a05ccaeae102337c71
883607;0x2409ee2028047de36147f6f207dbf5e3e4faf602
688819;0x238185b73249fd1c6ff7bb3a4592346c39982872
1190010;0x0c3877d377227262fac1e1387d3665d1f14429d4
800874;0x10ce0d78c4d4e6eb85ab9d21fd09a7cb58cd9e85
933875;0x7aa66456d7109ce203fee92c03f8b6d54798f815
304829;0x4054e8950c95b4edb4872d45756d3bada5c49727
755548;0xb5a3aae144b65930dddf225482600c925c6d691c
1053875;0x007ee8c96b6f4733b0b3aba08989ec377de66a38
384359;0x0806852055e5308c66b812b5c55fe30fa9b2e20c
987367;0x54a346da9ccf62879e765a28d9ea22f0251285da
1064298;0x9bee3a63a3b992419064f346b78227eddabb69d2
442635;0x8b2f816a5a51702e89ef5474910c31da90dea449
722448;0x40b28bba0a2b10813101fcddb1064aa8b0ab4c37
1039200;0xaacf29ab2bfa2eacc784b4931968b0ce9431055e
1004703;0xb7dfef9c2b35061660972a2f235ef6807bbc7c4a
273277;0xe0ff33b53ed470ed89694aeee0e1452d115dc182
848877;0xd62f9ff605d4c84ae5260d336ace2d1e5cd4b143
1354343;0xa187db638f9caa746ce0d5658d84bfcc8b49e030
1009396;0x6af58943af749ece97ad3c8d78b920ed854ce2e5
266212;0x3dbab061d40f0b2f8c7e3355be4165159bfbc3fa
1047100;0x2d72311c1a29cbe0479b8787eb45788f8bf2752c
929412;0xc56edf430f68bf984b651b22358b2b722bafd161
226461;0x1417063e31997d24a2e05135423f7c9f69de76ba
873831;0x0727b34d4f9c4f93ee2490e3d945bcef6d0afa2d
1328790;0xde4aa5626df117f3385e2bf43937b7c208743b1e
299281;0x8593dafa8a4bc3c8ed3cfff95ab6d6ca18f2910d
250356;0xda4fcbea94e767330930cdbc114b1e176e8e145a
341938;0xbd583fef5883a8a23ccbb67b017ef6d7d27ffa1b
338374;0x72938242cb7d4d305b33138c2f7b6387afd28e82
689113;0xffcc25a925d20fed2609e2e82ca02f39d7ee3821
1046593;0x431f6527026bb1097f03107138170c1732b7fa2a
800875;0x5b2963477d1a14cbbed034fe5838136694dfe694
1061938;0x7c5fa43a2aa137b25ca88a34a03f4ea6387f359f
760736;0x53822ac5df333b678155194fef79b109d1e153a5
1101637;0xab2c41ed7b10e22223439f5ad82c57bdcf05eb98
1086328;0x55c3c24b19c6ee9e1a6f876b242429868979cfcb
1003573;0x7da54ad2807e0a51e07b4fa9030c04679c5fe318
262141;0x72fad327046f466f8995bb5051414535d1cc6df7
1062779;0xd13b9d1c86336ef29ab433ae19a2e044c9cda56e
560566;0x22a5ca35c687d4e5e2a00e0f3836c4559739d2be
988407;0x9648dca0b97a2c2d7b7ca02a2eb5e246ef35ee53
498826;0xfb2e082b5a41109ad2b54a7732496292df9bc18a
730810;0x65db289d338aa8d3b05adeefaa00e8207e48153c
370326;0x6cdf84435f1a430f2b835a913e0e2aa3e85f75b1
1138182;0xd6fd6703de673867f7b5cf06e86641536c2ff6d1
1108829;0x598f2e43970a5c3ba611aedd28e57069be52ed30
1063475;0x8ff014a600b4e4c0a64fc98d109c280e337bce9e
331768;0x352e6b7f1490fbb4677c6d403547966939d1af6f
339190;0xaf6d001cfa263377600692e41294fac5844420dc
1048170;0x914738a48c02151421ff13f4fc7dfd5f547d43b5
1021453;0x30f3215c552be47c4a9f32115153ce15c28a00a2
1103893;0xfa25d4743c55f95313aa5e25bdb5437474b28e1d
758047;0x0c85ff9ba565788832989c5557f566de8afc729f
1045961;0x9f55d80882fb6f36767a8ea9835eda4abbc365eb
1032344;0xa0822b0e1a87424c816c39e8d2638a53c1912163
524139;0x46b76e915de3aca760310c3dcb998e88b52b9c40
291593;0xf92407dadbdc040ef94b2ac9e450090051a4ed01
1082659;0x36deccbfc3456ebb96f437fa247ede390ab59a5c
1115941;0x342bc506f2f7ca978f84aff8907ba1cc591c4d44
338715;0xbda0f3305e2849970e0f7d259abe0f7df4a1c598
1304057;0xc7966d6b2927fbc44d3be10d4bd85ef60fa99c23
1104069;0x3c2837a8db4e027fe16277df3721b4a524c3b41c
1130715;0x2815aa0e4eb43a57a7497b16e544105f5985b2f7
965368;0x3ef45a0b54af81e8c6286b5f616a14a391b7145a
19408;0xfbe21e928677cce6b634865374ab6b4dfa1a497f
851667;0x0848f81b86e16418b47007b3c568b2857aaf3ce2
874266;0x38bd09ca35ea6f096f021ef4739170bd692d9e7c
914972;0x8b827a9f2226156add4027c6dbba43c884e9ffa1
554670;0xa81a40344b1aa22f66145abb18fee71cb136d1c3
1134805;0x8f24d3d3d673f9bf143c5fa6fb946db38fd82880
421472;0x4712e0399107bd1257f64a837caf8dfcfb5bae80
1059295;0xabd645117b62da8aa060a1eafa9e0f9798e71ba9
533660;0x2d1f18af71b56cf96b2df47fd319681f329dffb8
194882;0xb2b778fb53d3288af0be22982c108e9985226847
1001305;0x161989c1730e8d156619b65415de9fc05dde125d
951341;0xac582c2119f92b89b59f876125523875de8065f0
1078584;0x9087723e6c75a67e1334245fb17622b6ff73e0b9
1048223;0x9db00cb461ed7b99e12b279424aecea16d6e8160
679439;0xe0839a0f86c5ee67cd154349addabe4822e57bdd
1003195;0x4b9ba883268aceacb639c6fe213623c1371c6c07
819673;0x58f3c676ad882105157aba447a7ff7a6cd13f970
801166;0x115b9d1bfb943156e712427658b8fb273e9c82c8
1057386;0x016805fd47bbd1b2431f6b38ad2c7714cdfb4951
1097616;0xdbf13e2fe975504d8b4310fdd5e1d5af5fd4883d
739788;0xb2d77a4ebaabba3958fbba38036c83d47fde4471
759505;0x06e3d7683b69170a01b3579660bab3e613fafb01
1141795;0x46233bb0cf1ea0fe8542a30826acbe44cdd2dfc2
465868;0x52fadb55492d9af1a93394a16286b3ca60c64aaf
497916;0xdf89b4cd26db6949c8857fa329669405e08cd31d
810882;0x6ac5ada9c6dacebba9a0ea957516f84f0303fe93
638967;0x502c3b123706f4c7b455126b0e36e5174165fef3
494734;0x0fd948841170ae0db53f4c2691f8b60d0fe5dde2
1105834;0xabb4f8ee0f08605f86de6b31e9d330ca9f3055d7
494069;0xf9ee64d752c9b7b502d24c200858966813482d76
306560;0x2e2729c936c9da609193d7d1b4f79961ab7c30e4
1014062;0xa7b9f0fcf3b4bfc71b69b9f0e901111d0eed6f12
521013;0x39b4013d80d5d14544a024ff7e73ae2591bce5f0
336389;0xb65e50da9087c4943da50bacf65d3cb7baf2f761
1099101;0x0844c83730d0d089176c60eb0390b7e99bd2ae80
597629;0x956931741ccc3c07d46dbeece395dc8554cb7df9
1049469;0xc37eca763a1427cbfb89244b68e3be5511e6bd61
1060088;0x7cf38509fbda1709c93206bf35fddff195617547
919089;0x813ed5ced592de8bc595d494d796d83ff479adb0
671131;0x1aaca342264075eba529054b301d3b73af88f0e7
948077;0x12411c280cf928d6ef69a37aafbae1db408253ce
484591;0xf39fe7ff5c8ddd75442bef069ce5e24492a160ee
217610;0x5c41260cdf7f859485870d414941fe35c122b978
982358;0x972d3d8155e9ee1eec81b841e0aed0155a31f14a
461540;0xa318000db9ea33d27473ade203078c64b479bdb3
308039;0xeea623d6f90915f23b1d3e27b8e9e61f3806d1de
671626;0xfe21bed0c3560e14ea01eca36a3f857099d0165c
684003;0x0bfc16b9d097c4a74efc94aa4790985c44984707
343463;0xf6f2fcdaf259c2530efc35bdc42fe50a60a5367a
15910;0x01fa7c39c94b8b0f1a40a0464ce7024f73ade56b
516561;0x254a9865a904f95f5145b5197ca95ca6b83cd935
1004491;0x072b7a19e22e04ad22e4ca9e134017284a817558
305991;0x62c823e41c8d9567a45786228c74232518c46092
755454;0x50578ba678683690986b5c8f4a4d5cbfb0bf2f70
879633;0xdf34d28eb1d82d6150b18bcebd83f992c01c892a
329056;0xd506a62818f23630244ea0a87f7aac38b8a9dd37
1020669;0x9b383a42dfb252af51fc7c40ba84ca26f092f474
1052782;0x7800f30dfbd3e36bb7ddf36e544e9730aab20a01
1335547;0xc36f039187e7e67956c93bc5a91c03d9a4e36a3a
771282;0xd34835561250fcea1f1582e751e167e165f3ff64
1186443;0x93e5b90ab29fc37319b475f7a3f39f41e37450f1
752933;0x40067a11073ee81f527fdf1ef75185ddacd8920b
725646;0xcfcd4e1697b63b175c2d6b9c64336c240534d910
835270;0x2975d2e5aa82ba60afc8fc6c2240068421ac88a1
978452;0xad4c6548ca7a5b165dc596da5fcba6d414a4e0ae
777960;0xaed4d7a097e8386cf648f3c09679778b07316497
15789;0xe54950054b43ff6c36a5b295b613d544fdef6238
852433;0x3ca261334f2ae9abf8010cfaf4e443de6e18a24f
1279397;0x6a9cdc0cfe7eade34d9035967078f8d0d540688a
801221;0x79077a92ec0d7ae7f509c48c9bf9ca3711e0300b
801233;0xb130e9a43e14a439aa680d93bb66b01ac0716ca6
1109836;0xd747c17a20da57776379a1ae7e75a00ae500d132
381567;0xd103c4f8fa19ab24a37f5efc781b767b97a1fcda
980847;0x5c7525c5fad6c90d34847436cc183aaa48c1dc49
256339;0x80be69d9ed092c44ef0a2e95e466ae93ee23a2cc
380722;0x3f81906262b469a9bbf27c2d15d449f52c656146
1105266;0xcbdebff4e787bc3acf68d3736aebe6fc87e41f46
296404;0x2e069ecdb43563bfad0ba680b7d15722ab04d9d8
1037683;0x02eca78113a41fee6223046e97676841c6e9f64e
573271;0x8eed6d0feea53ce7e0a068103975edb18e5d482d
1117909;0xd2757a2cd33e740e506090413a3196a4d120e98b
885104;0x0e1fa9435234454a65a91ab1c77523a275339b49
212369;0xc7356a277288b87e86d266a2dc78b1d89de1fe45
7909;0x497aff136e85f8eee1fddd0897fb83658ecfb17e
1142019;0x1a979852e36b3f4f0fc2aad51b24a8337a5230b1
1087398;0x3048ef2e83131c5c205a12bcce66b34aff087964
474224;0x4acb3d4cbf25d97e1ed7f50720c4a37f7d4f2079
795340;0x19b2254833afd53ca92ffbf731b83751d290de17
1043248;0x895b9f113e2def8cdad5e243640fe4d0ca975bb8
884507;0x174170c7807131a76b7791c162e2abcb4fc864bb
689748;0x0b43fbabd3b5b02e4e18fff2ec269ae3ff0bed6e
726913;0x85f66c25e967a873103016c3fc511c1a42e10492
536153;0x29e86b0b3c3eb2c80b01ad09f109bf3ada05cad5
1107468;0xf270e45bb2fd319d455c55c0d928ca7d89da845f
5826;0x44a8eb7ede9f442f9f0851a8cd311ce152cd389a
1040989;0x666fd66e4ec213eba155c35332f72f8644a198da
1037438;0x6121301336549e2d07a3acabd074ebdaf5caf7d3
727015;0xee47d90fd6e1323353d9d6b5cffd5b73dded3ec1
1020835;0xbeab9354be9136f9b084838a875962e9fc26d43a
417234;0x3f4d7941736eb0a325b43b509d86187837bdad3e
897382;0xf2c66d12b3da0dcd94b4e208f6ea5471e1030f9f
451858;0xe80dc6ff1a2689f61b1feb3072b9f79f73e0a133
355675;0xf9d8cfef6c683e00238d2bc63bc51f9c04e65c08
655598;0xc0e3bbd2705bfbe4f3215fdc16d2063a9203bd69
1135144;0x772ff377f3d7c29fd5814dd77341d96603995801
499408;0x8a2619f39bed712b6531ecab3c9534086a400faf
227541;0xff36299b244cd01c9f41d3145dd684b67370ad7c
528007;0xd27ac8abb3ae20e4acca64187459603e47f986ba
613561;0xf6b6257de91a1185660debaa15dc177c9f8d6354
1016009;0x9b1900dd590a6210a48b1f43489cac0024fa56aa
855074;0xbdcef7f7b8154a62ad2d5974c251d715be331610
1056182;0x6429f49e22ab17b035c53508da179be5c629a18b
192707;0x573befcf32e3b432559f319670fa569de457aaf7
520580;0xc812061fb0229b9e7c07ad9437079c0228e9401e
410482;0xc3fc4733552955920c056f51d0bfcb134a9dad91
275888;0x2debf04fd694d10002306f62c762235cca997ef8
901060;0xf3cbd6291a2a611b5ef392e0a95fae2af062248f
853082;0x92f27730a99d16379149d72e51fe47ff6f06fabe
852466;0x966f3314a65dfc1e82410ed28f04a4b1cc2c0de4
242312;0x77728782aa0b116747f98d95d3e26c9221272609
663899;0x350a1414459fb806f820ca38ab1d964c28a0b789
805304;0x77f17a20f36b4fc1c9664219329be550ccc8ca0e
993536;0x6f9aaba8af15f4ef998d143d428e9246c644d2f8
347935;0xd07dde2f83bdf04280c15bcc0f7acb701a7aadc8
683822;0x315260ecbe53315b68aaf1fe0f003a8be2761d5c
993530;0x99a590a1873511dd2b193e664f7453e423dd0e36
6162;0x52a457bde54fdeaf72199aa6a62d5c027bc8cbd8
434060;0xe94a8ae8865b7305620baf02bc3fdd9be6735821
625193;0xcff44c1535261c02aedf48511d5a7eb0637a7947
1237167;0x62861fe29ddb8a0aff4e7c8e7f7dd251dfee5817
778236;0x66bd8bf059648064fdb09673e84ed350ce3b8f01
813210;0x39db6100ef34a06c71f732bd9eff9a44948631d5
437591;0xc38d32bd21de281c1720b23dc052b5cbd4fb10b5
6693;0x71b3f132325aceb6998555d209174860cb468a04
1139433;0xa2e6ae0bbeae16043646e5daab6fb56d93b9b614
1081077;0xde49703e23b63a19f67f2d938b95bf86a4df2cc2
1118158;0xa9a4eb486a8c8d0defb00892224128c7400e69fd
1026528;0x2ff7e5f149e67a06693bbd3b70c2b1a11f1e8ac4
726793;0xf3110ffae559928408e0fd08ade74bd55beb9509
1070265;0x836633509039e4680daa5d0bd36b9683469f1e50
577596;0x686c1942f37e2fcd51ebb74e847786c1c9f9aebb
1051095;0x7a6b376ab81f66cd986e4cdddd3da2b3865677e8
1094193;0xbd6be0a3c0f3384a61b79a27b7b9aacd71de5ccb
262426;0x836304a8b4510715659a6c2d1eed8060f1a6f234
757740;0x428fffda10c396597dff7d00686cbe982258906f
753155;0x6605ae3621d291f6f23f596f77611a066e52834c
1073120;0xa549a5fb52ae8af8ed9838beba4b2166925f5f13
194457;0xcf6a1ad503079705b9637ef6865404f373a7fbfa
698962;0xf86d30074d5036a03090887130124b8825311a19
1132474;0xd85300984cfeeaeb4ba39cfacc052c2bf6af896f
839486;0x08d720412f140b23dfc22682e706b9ff449e3582
904358;0xa3c5419fa92408c647a617957506fd766bdd9936
531422;0x828855f7b518594ab5e3893536fbcd5cd2f3d31f
715079;0xa459df65d607d7971720ef7cdaf43dcaca9c1c92
681470;0xd690f2f6087f5086fd35b0a3b79c4a55f8726b17
1032658;0x9054c8c84f76c2d49c9f8b682df72fcda4fc9484
426016;0xb831976f2f9825c2924a12fa95bdacde8e6929d9
1081216;0x165b4a259b351265149c450fab7ff0e573fdb180
549614;0x0ce3c18ccc277ec9d7bc0e8e585d842ad6d79dc0
947336;0x67d4536805fc7e35c5594a71fb64731ef23139f3
1085312;0x9e6229e927710955cfc73a83776db9e58ed37678
1143704;0x7e8319b859574a94db661e1b608eb831899f9a55
334453;0x4acc0a90847e871e361a45ed2cd55c40cf7c41f9
1996;0xe3d548f060355a4b4edf6699d0f31eb02d2b39a0
898710;0xd234072bf5814e3fbdd7c5b634c571ea6227cfbe
1316386;0x850781b14872f0eac1df60ffb6d935c74c0b665d
1118149;0xb21e96584357b70328a79e5d886b6ade605362aa
506270;0xf6cb8543cb99e070bd2644b6f0b70733a59d23e8
1042336;0x65a2a6e24822a4c5312abdb4a3f5ca1501118b4f
1104104;0x09fa8d196d896980a4c5cf22f6510eaee9c2a4c6
1174104;0x89b2c0ecadde2356ee631d52a1a08124a7237625
870046;0xe28fbb581055319634760046cc4094d48e69fdc0
1003860;0x492399e2b2c8e46a458338edbea2d1832a066a5b
760977;0xc38feafb63de175eee1895229ec25b8672d00ffd
755602;0x345dc7380c53fe0cbdc0360af96fde71d348c819
813209;0x4bc90059aada3760b965415317a5f468f8ab2467
698085;0x4770e39781428c9e1c66fc40874cb5d213afc032
1068266;0x9a0afe74c91a3946c72c7f7825bccba637d0da57
262514;0x6295b402adae55543aac59b96db1eeda5a275a5e
440352;0xedab95b52c481738a91912d6f66837eaa3ad3743
1072542;0x0b5f1de3cfde75dd59d333b4121c8f35f785fb6a
265831;0x5ec5158b7e0111ee3f0f4e628f4160c99c951c68
299524;0x0bf231694f09a71eaa5503dff04ee3831c76c569
612867;0x5429e2d8bf834d0bd8cfb88c546bda6c14ac0f4b
813207;0xf77c096853fb4ab60763afb8b14c5c704d9626cc
884114;0x842bf252f7328ecf89b6fe3e500201cc7a495295
280903;0x24d534e8b7957c8af2e8046d0434d4c45c942a9b
979032;0xda6ad67352fbe58e98b939e1991787299fae3f0a
1122351;0x30a7c7998cf4db2823e091133c5b7d46b765e06f
1014742;0x840e39093e2e3a11d3822d099298ca7598f96da7
424355;0xffb785eefd526c59260f3f100d04cbe861b1cd4d
1073637;0x5259b57fd8d9e44ff39328302810c0fa34571b9b
870117;0x94bd8d69e03ffd35e36cfb5b9bd59f7293bf10a0
312213;0x423e209c2520e2eae333d95ab54e0cd3c87173e4
740152;0xaf68b5b08f1688ea273874a3f13d3f728d86ad3d
813203;0x86ef90c07afbb7a31cfe426c219e02fa48ee90e6
1113547;0x613652d74c9b78aa43b19000d8eb5ce1dbc8aa6c
993533;0x9cf5bf2dae45fc1c694ecbf8e1e42546e8500bd8
775679;0x990d55cc81f6ba812e257b2b1f21263ee6387358
757053;0x607865e5dd987176bafb11d88d22912cfb45e5b7
501014;0x38fa848f11ec7c25f4376d914155d15fd40dda75
993583;0x6394bf2f35f793af8316ccf7249b7924a8fd123b
938089;0xdd297c20af472117b670d8bee6ddd3e220f1ef93
263664;0xefb5ad33f2d6accaab3a6786c4d24fff59ba7190
813190;0xe312c117c6cb35aede46eac77b95084d39291b9a
463682;0x9d28e358ba2519f46e28befa94c7e6b4036712dd
676782;0x23591f44b59ab72211cea70a419caf9c72372029
852294;0xf0627ee51e3fbf371954ebf5efb2471a57d70a15
851652;0x82430a54a5e892e6bcf6dedeb671622522047e6f
317330;0x5527ae55b6507551932986c038697bc6649923a7
1058287;0xced2d0f74ae3ccfa24d0caef15179f13b6cbfdf1
463779;0x0e221e8b87739750e9e2e34a9cba0a0d7e6fb374
945336;0xeb4f3e19b4b99becaacddd1dec9c5b284195145f
237252;0xa17ba938e29da9d8d43177400ec8f71f7a77a364
567443;0x89984d88be7803c982293fb0ad4f89cfa03b5837
993527;0xdc5c5294e11e5175f2aacf34af99a548c5c39e27
885530;0x478bc0455820ca2288052658bb3ed7daedad201e
335455;0x91b76ef63c1b48c2770f263bd304ffbde56e8d3e
1113526;0xb359e11c1c0fd899b64ea891b909f91105b0363f
314087;0x55585e600d661ae0a1a41501406736dc879513a1
732904;0x690152144137793dd35c2d332670c08d45b226e4
737367;0x0432fa8bf350e0bdd72347d9c7b5bfef167eb3dc
401441;0x8c052651072407067aa37ac69ee91cff578875a1
722177;0x8cf6416e547adc43eff12d76c1bfc74dea66b152
1062379;0x52a46ca1af7057906839575801e5dacef7ee819b
857233;0x7b8b4f28ab0c117420866f47d44ecc9eb9af2b2d
993580;0x7ab9a841e3a0c76456e02cedb72e45bd1ceb5389
292708;0x373e9469a3c3479a56e9a1706218380578df2f7b
755800;0x49f4f1f893e1a1c3a3afcb61fabb4f3b0efb94fb
1102849;0xbe8a77a64c996c738622e76c221e8cde4b6ebebe
14607;0x15e0c4889c515dd2c3bf54e711cdce355eac4205
1025929;0xe33bbb5a80fb8d9da9ebbed6eea460b0c7cb5f93
1065624;0x55f745b4d9114ab602cabe5315d7c885e3e80391
1130710;0x56498511f2c4861a39e78b2b2a8955d8fe53c8fa
285981;0xefefb2b6624bc5f95b1ae863890d98df278ed6cc
875585;0x81639df46b7f39951c2942b13f0613b8ec17387b
866816;0xaf1466cf4b58cef8248dfb229bbfe3e7e749ec13
415756;0x6e8543405e48e4cb598893af743ea973ee91ac42
757219;0xb2a5df65ce8b46d7b869583a98db9a4cb5e4a722
1106440;0x4314075de89a132539d4c4d517cc49c415a457a8
993535;0xca86698d523ee86202a8fec4c1ec5e51cc4a97bb
368412;0xcb6eb98d0533dd42367cd064fc5b988814187527
813923;0x19ec35a1b5f1a1298e7fabdd52a2c134dbd024a2
1023576;0x7bc68af0a648d23067a407db624545451566ffe8
851653;0x624c7491123eefceb2a01618b1a464b1635a2dce
684719;0x0522215a7a90883e56287d8b937c8a336d99a1ee
1071201;0x863a00e401a2c8e1d0c3981ce69cbfb7a264066d
283821;0x4119f18d28bd3bca4f96ab7240f64ef06dbb04e6
1130414;0x0e289d96b1d707d9f581aeb2855537742a6a575f
1047650;0xe59e88595cee45cd0b3bf44254b4270b64455b6c
5329;0x2c8dac979833aaaddc4e7263df412111680f5b57
1130636;0x61a4a3a970dfa296b7135d185df19902a3849091
1111838;0x519d4bf00d224d0ae8682770256c96ef0a047fcb
1349006;0x8412f620c24bff66f5b89cf511824f09ae7f5b1d
1138437;0x649eac788480fad54b35cd9627499c2bd1db4eb7
978398;0xcf8ffd62c3a0c0321c5a5ad7f85c6d430de8f0c4
445297;0x8d8e9f5fde848dc331660b6daf76b29d0e3f158d
916034;0xf6ef37f6fd25ae41641ca3b18d865e24f732d0eb
213682;0xcb176a88085499b2d2606e32b61d4510b0c519db
1279753;0xe1248b6dd2cc2b6a33f7c4705ecef45166e7f58c
553370;0xc3609869103e7fd3ef4e5c7e4b1067954339e335
563469;0x6cc37ab24f8b5e511fc6ddec992d569c56420e84
963244;0x02144631347a86119db5b5b1c58564e97153299d
408378;0xddc6e6a8532df2eba9ffb7790f5077ca205916c4
783504;0x0348e0725e0cf8d057d844ae4cd80ebc8d0c7126
1288409;0x2ca9b42fa70a08a312c14d86e276fcd8eca60641
518452;0xaa71049fe9508024d2592190ea90c83f1c72ea56
1100269;0xf5db8bd2e6cca8903edb546ca9e8ebc4059b4b1c
439123;0x464dcc8eab185dbab0ab156d50ea643c5a931a78
753528;0xc257b53f01b924d6420867364d21414855157966
258877;0xad59e819221afceebfdca16834dce140e8f5e34d
759654;0xbc1661e323cfeedf7e4ceaf4ad416796b911a6c7
823532;0x30789d66a7e36a488ad9019277f7f7faf7bb0816
637681;0x93f7910ecc51219423f52d74b7cd517930fa4e6e
260450;0xcec8829640d3dd7f27206994efa7c70dcd498fce
1047676;0x979677e67c21b9441dd1ecdae666230ce117d1be
722452;0x1920959b0a02b6e030d2e05f7b3c683f9562be2b
361148;0x7f559efbb4f7a749a6d4a015dd5d869355c5fd9a
1266463;0x7a7029f53f9030130a4b08a3f83c693dac0cc1db
522638;0xce01757e69ca17c25b40dad810771f0a64231a82
699092;0x7d1c4bce0cdabfc799f7bf04f18314a1ee7abc81
237121;0xfaf57fd8a8be2b40375404cd1f4939f919bde559
993579;0xf96932aa565f62d68711f512d00f9113278966fc
1000583;0x527ee76f9e02de4253b47a21463e96100cd86c75
1197147;0x36e311080108011a459bde02dc8a080e84988532
757628;0xc312c10ef244d1e021d195ae7a7f1c13bc25d77c
447043;0x794c3163128e9ec5c83d1f34ea01f13dd0d31c15
953877;0x9de6e6a85db094541eda3cc18d6834ac557fe790
1354336;0xd7771739c9a4e3ab21d53e008f26f62749a1c1c9
477507;0x58fabf3313d24a6174c0da33108b05894c2de4de
813188;0xdf8d624a36ca5ea315ca3d577fbc2004f395939c
1273475;0x72deb635025069f709ad2481150e498c52daad7d
1354294;0x89099a5fbf6925f6da22256e359e2bf54899f0f5
877689;0xff55e9b6df5302834c34941d66c380982acddeff
812977;0xffc4736f4f1d2cd5906ecae14f2e998b38a93eb7
1085900;0xd1cbc3042922ec76c3d68e445d8b3328a628e9f9
1047734;0x332bf92276bbd4454749e4bde329f8aa684ba27e
1048200;0x63e3bdd532c1642f293f4c9a7bf39dabb3cc49ec
956723;0x30be9cf8b6780e0a9226588b43a204249202af7e
525030;0xf391dedf6f1da36f13abc06226f8816f2a401830
813182;0x1e567f564193ad70905269e75710e1512077b688
839382;0x062c07ed3228443559016f72abbc00b2e39f1225
1090024;0xcf4373421be13494d19f3e3d6b75ad117793a1dc
715338;0x24e849bc407a86ab48660c5cc740fd077510b4bc
1047094;0xca053941b809fd6470ecfb9438d816b90d5e3ffa
1179184;0xb2f5aadc5addf45a13306407583b109e15008854
1335827;0x34adc951a3d60a5df34cdc31613909c991ca7d45
1090679;0x4dec11885426e6dca58f4c47eaf488cddec0143b
813177;0x1bcd00b2890392c3abbbb24e178343c02bacec09
813176;0x8d73303c89416547d26ce458d488a8dc536e714b
856103;0xd367056c5b260a23d0ad8d59cf39af45cf4f3a3d
1047642;0xde1bf631ca1738731f20d5fa8959e209bb13d626
1143062;0xbb5773d3dd7ada363c5560468156856f64757e68
1107935;0xbf300cd72e0b6b6d2ab831551ed91d0dc5eed6f9
1116062;0x55884ecd0c34e5f73ca707682c2cce0dc839b5f8
1065999;0xc5feb781b023a3721b192fe56737068352f43dc7
557371;0xe799cf5267049d65003cd6004f8f3602f25428e1
993538;0xc798856eccd0a691223f3bc043f0fe6f1b796e92
1057204;0xbdcd8a2c635db294243eaaf8216c13cc29877516
1074239;0x0b432353037bc8302e4aa62276fb10e08532fe91
722252;0x891074a3fa3d0fd9c2cb55b8bf12d02df052cfbd
898667;0xcabcfaa8e0f7bcd899909bf5658af9f7bccf6b44
725249;0x4144ccbfda4deb40f6ce7c1876951c5d30ea937a
756305;0x9f8bb8a3508807cd9dfac869cf3c27790f235e6d
861690;0x03a7967fee64e8f77c548712d6a857b284bf0f25
1162088;0x73110f88b39458ba7f3d7e204afec8c409c6f58a
888699;0x46d88fc40203d08af87f95e419d61e00c1afebd8
1189912;0x97d692b633a57d32d1e3e14a7d3c70b5c89d270c
1076094;0x42b650ad9f36219046f22d6ed16438a1f1e8aec9
1084244;0xd2a067e3682b256768bccb72cdd488bf6b4bd037
1093407;0xc8bb4d7a35bcf08b7cd8c1802b924bce41a2bd5f
1047673;0x36d706fbdfff8172de9ab3587ae368bb6dbe33a9
813172;0x8e96c872fca85a38119646eeb1824d3957f0e666
312362;0x4f052ebcec11cf4d09b760570277494e47934e8e
308575;0x744716f0c387e7cb9cb22fd22bd47214d1dcbcb9
1006435;0x09f3c5f99543cbcfb34f4db6e793c1814d53cc2c
719468;0x66d230a6f7363936ce281a4b7487a7af4e865664
327556;0x6eee79fd7c4e2ceeeda1f30270aac0220abe75cb
1085736;0x9dd647560c87e15e0ddd739aaf6f2fab25af9506
539864;0x92bc42c5f88c3ba8e1b22b2b1abc700affc5ea18
993537;0x64a5e8655590eaf56392a1a980d63df4cb01348c
1049634;0xbdef02e76d72bab7141c1abb98b7449a765c03f7
1153724;0x0380e03709d9950bc51fa5497affa3ab4239c0bc
296833;0xbb1d9dd27ba28cd385f0f25a9326bea5e126056b
1082077;0x889d0cb8db816ab1cb92c17ae4f70c5fe39daf9c
854820;0x7adbda91476d7a6a032c1baa00a2ced88c2e2e22
340239;0x32c6bc2ce3191b1782f564b59f13c9856cc5dc9a
1345386;0xe2dcd7c2e715de92c31b77199af84d84d5bf2593
756492;0xa7e7f52e83d00372b03c809533750ddf39af664a
1095340;0x00456eb6df06d8f046d646d1521c21857c638410
540533;0x1ee12b1dc2b30e8a2c4a7592f8b4c0fa0654e4eb
1345777;0x5b45e1bfd2e20111af1dc5a084cdac22204b493b
1101975;0x92c3533785b0cde9c4ebe108699ef5bc671b5535
558525;0x6f9c550f1d78d9abdf1f9b23f648a7fe0ce0b0cf
512676;0x563c25c3bdebfa811e9fa02ad8e348b46217484a
23050;0x7014b6cd65b26c6ffd06153481ee439ec2e38281
654415;0x211999a4d1a6f3da85a3cef4652c738b2f920420
479398;0xda49e115d5b9d9b22b4615ad0b3d7396eb95e2dc
1046049;0x67959be41897ac0037820cc8514b2ea29fa8c1f6
1095931;0x824fa1c0caccde1369f15b7ff6ec631d2f8e4e6a
1049186;0x9b451e4cc5b95096e69245369a853e69be66b65b
1108270;0x888b1e8f503fb3568fbb49d5151e8bfec68ae4f9
565145;0x201713ac5f7ef0c0644ae8318f73c68e0731599d
15527;0x91afe9799f43eb70625854f12cfbbd97baa1e7f6
753723;0xd0c121c8d9d5c43dd59b137675f19009fa3cb974
1229535;0xc968278accca22bd72e05cbdd24e014a2fdc3585
1335760;0xe4150d82e820c976adc774bbef684dd6a073df1f
1218282;0xbddbbff49f68bedc9231aca1e243f4ce4ce28029
98;0x8cbecd002911697367b969a1a54c3d085a6728a8
1109249;0xf583e6fcd373e6b4c934eec698232436275841e0
882;0x03ba4147cabcd946e800a0419c45559874a0d522
1047084;0x23bc9bf00e1fcdafe515c8cc02a961d06e2356a5
1045973;0xffd3838cc6504a77af842252c1ee7d3c9dc40534
1188868;0x8674aab9b61871d2597df4f5b1d967566d42e406
288345;0x060790e5de200a357458e8bc02bf273111403288
941559;0xb046b48410438c3ce6b3c3ad1279cb6549718fb0
617365;0x9b5cca27a79b485d98bff567a14c20dce2ce70b0
758289;0xcf58a025eae3679f2d1101a298836f1c539c3026
306632;0x4cec31eef8811aec2d46bcc204766b1b44af9372
1045964;0x642825c687a57246ef66be4c83e804124b9e28d5
1156233;0xd296b3497af47c5312940055add653a195ab0656
841578;0xe79a304cf0906f2e3b816798be201cb3c18ed699
302538;0xfbdf884b8cef9780927ce1486074cd71dabc8065
941561;0xb5d0ce58313761cae573d586281789e8535de1e5
1660;0xf0fbaaa7ece80ac41508e442929b81a4c8c8543b
646749;0x39a5a9cc3ebbfdebceeec0e7d173486bf2fda38e
855166;0xe93af825837a7a3d24e81e39292c6b4ddca8c908
993531;0x5ee517450e02b78db97e26f5a33f9af3d3d0bb85
1046828;0x6f7e2ab8ddce14a72d88904e45f16275c270b2bb
1023198;0x1366c56b8be2e2937f988bdce28f1af5f7fc3f7c
1047386;0x083c37c33b46aea87a2802ac948ed546fa5d6a83
389578;0x6f19d0162e4805c2e1f5617f4855e09b17ce92c5
1108190;0x526163684cf1f8e3d5ba32e2be9a79709855821a
993582;0x1d3f721ed203ff23de6ccf3f219b84cd3614c7f6
941564;0xa87f2993ebc5ecfa8282fd0e8f0d2209d977191d
757957;0x906acbbc30c32730b1faa28af6dd4e48f13ff972
895572;0x228f95b90ad1bc7936ca713ba2f701bdb6fd0e65
993577;0x0f3d1c1484bd4ded14c0dffbecaec23dd45ea349
689689;0x8f3afeaeb9ebbd9ddf67f43a8e8a37f5952fbaa1
345383;0x6b24583b7b5e3e1ba2d6e5350487201fcf558344
404528;0x3bf01ed1c0179c50b6c4d51902b5c5d5bda51617
941557;0xe565dee15198fa346c0198c07ea58b30f27126d3
993586;0x239806b30a27046bc0b53f778207952774c2b2fd
1345781;0xef0da1b1ece3063478bc0a84f12345c29e9069d8
287649;0x83498658efdebfd7c0f664708c12a2115b675544
898344;0x8413200c1d4bb10350109a6211ba5373d9cea972
927769;0x34aed11fe1a575c8f492ba6263e22f4013eaa985
1093030;0x4d7f80669e3fc496dbc2f223e36efe2ca48ef5e6
805953;0x7f01c6a42c78af55a334dd796da96bf7189bdf83
258213;0xe391c2102dcf6182d3f81a03604c1cb0d35ebb6d
982075;0x0e7f0c961537e4cd5f4aff44a5b47b480d870bf6
760395;0x0cc8844a4914eeb243d614845b1e4bb5b4d91578
1109618;0xf612a63b041c86e893bb532da0362fede65ea291
759170;0xf4af60fe36c0671ab3db678d1802b927ea97eb9c
257446;0x41d3c8eaff5c2b4e7d92cef5e92de2fb78d43b3c
756532;0x2ade6059fa6a37f51c3cdbf6c1b8db35f1167257
228115;0x83d95553c05398307e3e571de717b9532aa1c336
1068656;0xcfa5e4015ff570592e8f07cc251d93c8bc8b6c7f
832338;0x3d7e3505772d2b79b10481b20d217df0247286d5
993581;0x83c90de624644dab356a43d8e83484effd762a1f
715316;0x0b1fb187fc3d1edb41d0d4fd6daf488b183febfa
1090418;0xb38b5019bce2647b5b9b53569f6c1da6684e16d8
775612;0x224025754f975cba064bbf24075ee7623bda9f9d
879352;0x26dea767eeb12727b51a2473c86d995ae2002bdc
1246842;0x490a30444249fcbd48000d59e5d53df1808e1c8c
717959;0xa88fb956ae623384b916b62ffdb3298f22e4b34f
1047325;0x319feeb1db19c09172362cdd69971106adbb81be
781818;0x8318305557a78f6994b3c223641cb6e352f10778
787930;0xb649e5ee7cb05a2b8810cacfe08200baa700443f
853094;0xa2b43fd9a9e5b142da75544c69950ccfcfc3afee
519525;0xeef529bd15aa279773ed4832e43b3bc3ec0bb170
1143705;0x52c7effbf1e9ac900cb9d1f6cb103d7201013fa0
1046852;0xf01f81c3e8fcbb91edc20a144b86792fad04bc79
1107337;0xe1eaaaab5e6f6e8a4ea806e7c42122e129066930
1303182;0xb3a6f57423b5ac28435bee7f5d80fcc4e5335a9f
916127;0x9b5a134e6df126623f7e12ea17fea41d53708d02
236327;0x66fc5985b1a417bcbe4ad75a0f1b5dc7b718b36c
1098608;0x05062dba9accd99158078216363a83a29058df6b
817683;0x821fab161baec7d9cbed5a8f32c17e86685cda0a
813061;0x2597078c53da15831f8a03f6d8d5903b0edede2d
940504;0x82b15940f5b0d24cc002467ce9aa9f9df75fb890
1097063;0xe9971ba21968dc9b2bdc49b607abb794213e24f6
1279828;0x00199fa1c9146d73f51007e298037b581236ffea
235175;0x2fd975b7eca167c993440d2ada1ed265b901f17e
469509;0x6a6184b6f65b4bdb93d47a5d9cb6f2a8772e339d
300244;0xb39e9defeab29faa4d537ca14c8b41f71d059f54
344576;0x1dc84e915b92ef0f53541bab1abf2bbb8840ebfe
193366;0xbb59f21636d3626c53bca6a926b656e2ebfd81f5
828029;0x5c072a0e2d59007c645eac256d2f029ba83bd497
1163984;0x11a7dbf72d244bc248c3fa52d129c1e419407c5f
1021321;0xd8e03d8b84aa4658b1ee5732cf12edf9016cb6e9
943654;0x2b3832d9efdb988faabc83d4832dd7caba31783b
761040;0x5e054164865378f8f631145d3435d28497561a29
684487;0x2adaae4fcd115d7c3968dfe9268626fd2c68d180
1060524;0xd62c1650222c85da33d07386e44d2e878298f10e
993576;0x790f030fcc29e5da61d9fb30133ff552f05733a6
698248;0xd983e8aab110c8f0c0408ac934cbcdea40bb5626
812709;0xe14ceef44919b41af14d22fa06f412e13ba8cdb3
1097729;0xc05e3d64585845848d86e78e432e503f07732959
759561;0x8744d716de7f5cd20dc1ec2c1b44f9a16d6111c7
400686;0xb4e2842a6b0b0697067073454e8b85fd131dcf9f
1040933;0x139d32b9f51f9f96d6cb504dec4290ad4e07c0e0
1096000;0x2512f9ea20a57ab33a39d43eb7b3a10a4648a683
504640;0x9159b3b09a2d2c76fc098187addceba5bc75cc73
302139;0xdd6b80649e8d472eb8fb52eb7eecfd2dc219ace7
266823;0x2d5dadf27d2fea541927799927d6044b502e15bc
1066079;0x555e018d1bfa8956262406b8c65071728207999e
1110609;0x9b2a6d70088904df7c5500d001ca887facfefba9
497694;0xa5d1942b3d209040cd32bf078d40913627ea8945
1143708;0x996712d806026ca2108ca4d884b6d8c3eec6f0f7
1024080;0x48d72b04ce17db1172de5b30aea5f3444f8918eb
621555;0x0d7b7c75848f284d4f2d4912d3ca343af455cb21
416743;0xc6ba64c04b04c7112463a5901c3b181cb6db52b9
758223;0x0d767fd67c829b7882e143c5b98d1b49f661841f
1335831;0x90f9ba074d200307debc8812c32262fa6ac0876c
1068647;0x5b35c9a53fb90a5fa88e4c5a2731a3f71eed5435
542326;0x445780bb822e06f0fa2b72906d4fecc628b56c45
298324;0x03464d3d11a9f65632469aa04e306a88c597d01b
378026;0x818248c3b00abd2c2b17f620685da4a385d3887e
286044;0x5d7d708a24e9be59bff4cf16c2255f5690f48759
2866;0x71c199c366625329064df3d08191cdc0e85ac2ea
815016;0xa914b67c89a4f5adca4d776bfcf59ecf9ee4b09e
482011;0xa1dadeb0d1fae2a11bcc2d75f3cfab08842aeba5
262812;0xf734e64e74c9c2413228006c18aa5510a95aa6a4
811201;0xc225d461fef4d09c94ba11a3326b8ff0b8d50241
527971;0xb3879098e4b5fe45a2d47d07c0f7db305ba732eb
722214;0xe0bbd3c2f0492b72581a514f7ee719f973b219ea
397014;0x6aedf7c4605b1d9386e5f90b21c97578058691cc
587641;0x638c03201e2eb0d34e0f9ed14f4155192f786e9e
993578;0xf1a94051790993595cfde930662748e13dde193b
2819;0x1481b34ac37e41c41d61e23fcc4ec90ab15b0bd3
522472;0x116194733b58417dc322495e3b23e644a0dc94df
843701;0xb3714264da7bf20313b8646bc9b27cca7bfadcfb
1040306;0x41c04752b471b985c4b83f5019e6405f11515474
838905;0x6ff1d062d99a076f0d32da662a8eb7134ff2b783
969550;0xc89b0a6fd5ed0cc52efb6a6e394709308272ace0
466254;0x9ce18a699e133ca45a7de8dc6cea21f3998cab9c
460202;0xbdec9e171ecd1f08b9016e9848bb09f1dd09d88d
1143710;0x09f6b47329da14b1b610d112d0c2108e300e48bd
1010818;0x444f91c54c5873cbc193c7dcc108c735f1a269cd
758170;0xb948e2d2f2787190f7a2bebce07be6f9bba94e16
811195;0x3442ce13632b1aacf1880835261aa761bc9c18c9
541563;0xa749c96d721bab2627633b117b49bfa804ab5931
993532;0x6a9ab6d0a19129cb947eeb224ed8eadd619eacd0
886764;0xbb17f404ac61517ee51b4154932952459b7c7d7b
380174;0x8d7e78da04a5ccef131307ef16b24219c2d847f0
1044571;0x1934c902cd90aef3a378163a97ac87e38673d498
386159;0x88a8a713accdd2ca4d32299ffe8bee58c6b9fc9f
230404;0x0f1b6f0097c5feb8055e8e2a696840e7fdf0f9d7
917295;0x579574ca293993fa43e854f738fd569776f80cc9
510230;0xdd12c805a405df8b29da33ba3efc3df578d0baff
1045471;0xd7600802381d128a35634e64c0faf58f44eeaabc
685600;0x0cdcaafcfd5d0c81cbecbf48ac80876d0ebf9b37
727069;0x4d305edfd01c5076dcec143f38c825ff1a292943
901462;0x252926c1e30d2ce0b0d7d7a59d2dc730cd82e624
970183;0xb3d769ec9667c409beb4ba66c61b4bd5e9138a0f
815780;0x74630135ca4743a88f22e81f8f387799bd1078a8
1045977;0xc5baef1866d5f8b41e189366ca50351a81976708
849519;0x2612c2e40a5397b17e1f54f748f5aea6c1bda294
391784;0x448a2a8e1b1f29bc9cb5197502ad77641ede6809
20422;0xa4f481ea66194fe598ab04483e9712f265a0778e
328136;0x8c793b0322740e7cafa9045b31df6aa2cb9cb1cb
1104925;0x3c5c6ffec7f81d9015ee6149ef04d3f9807a3281
371824;0x050e60f01e17bae5ac1c0bb9bcc1831c92e3888b
1082975;0xa94b2ed90819644172137f607afeb02b9f96abcd
1011259;0x4f818e820a8f82a182e5e124a26f4d570237bad5
278107;0x869ac7788cc466c2fc02d93c971589dec02c0a61
1279860;0x3649c2bd7e0213c82cc1639f980066d4d803dba7
1096672;0x3788fd1756bd565499c23344267478220b4865be
848853;0x493b3ca0c10b3d10162211e056fcd6a3c00e626e
581077;0xb189fb645205b5b5266144b1d609bef9e44298de
811188;0xe8de340d0c5a64053b83786b65bccdff0083b84e
259355;0x70e4e2217eaa690f40cfe3b0057729419c669bc1
518762;0x9737847b385548b4c9521e400da221a9fa5d62c3
662796;0xb6b9660688378de82ca1b8e7f4982d3b3b79de69
1139426;0xd14c279fe3e40ac89abcb858815e44b4542f0fe6
817698;0x5bb64e346089f3fb27d260f6ef1bf33d3283dca1
1045972;0xb236a42e38940387121fc2e6123e1f88d41091fe
1015054;0xedb99b3fe51fe8949aa929c28d994fb6091065f5
580461;0x803c7ed8e5608e25d4d19603651d03e2208f16e7
1082629;0x76723f553ff24b285a408469c7fcfe393f0b8476
873477;0x36ae35b94051a19e9af5920bb22905413c90ca8a
252853;0x2bc6db69cc92437384be3b14c782f18cab73f0dd
1081110;0xd2db0cb0e74b0c2a597878f37c7e3e78051931ab
583076;0x34937a81d4edb729a8d7e786aeab84e3ab993c52
715225;0x6345a053b05097e551b75645c6fa50aa6339fe73
478911;0x0e9b6288d69034613ce8f4ad3cd20b9f4dcab31a
722555;0x6448f22ecb003039e47185e040a21fe418a39347
880152;0x159cc63b84951d999eac2baa21566ca734391dcf
479761;0x9ed24b50d18f148c31c5b8c4e3d92a2410377b77
862104;0x40e12779e7096d4cb43b5e5071ccc0f180de0616
1081463;0xc3f05fd8a6482c656093d6d5aaf6d25497a48c44
1097624;0xe716106921ffe71baf1bedcc1abdf53477d88b3b
832177;0xee67e0f94d62a0a1b7e779db43d95d6d885ab3ae
811131;0xa8233d439928d802fcc0d69043667248e1274271
390221;0xdb0a92f8a79aa31057c5dac8396af3586ee46198
236627;0xb18f458d555c3bd859e8662967699c686358c99d
989794;0xac6a666e1438f4df5a74bc0295dfb5dbd0cb6ab0
446490;0xfbf60023247be9ace2c37b84c6ca45d6a40d588b
247139;0x94061e6acd69fcafaba70d95d85e2a16cf00b5a5
1058420;0x8ab8574752789df884fc6118d8695ab7a6c62c51
811097;0x02e45f702a9c4f6e5e86e5f8349e9522bbf4826c
1157042;0x41738ea85358ec813658e1e9d6ea4aac15e3e049
548958;0x81357d03e12ba3c6df8745a913ae7fb5d0aa359f
20021;0x72c7f49ae7b664cc09f6891b68eedb08aa2fc15b
1075596;0xb3a22e2604336626dc05cdadb426b3609e02411f
897;0x8c7e4f6644449d7d4477d91a453beef9bdf47a23
348545;0xc79aedf1e551100f8f21fb4cc2aa6ef65ef86aec
1013484;0x738ef98a04ac96bcd40825f42c435c75f46cdf4a
760935;0x0a186b8d58571482a683ba3d631f6e86783e576b
811161;0x71d17a12cf8502d571022f042c3a7d0c2b0e70e0
1073345;0xc02080fe75823bd644555fb044d5a1b6cd57d6c9
439447;0xafb721558e929e576d73601c3085823425d131ba
1049968;0x29e853dd32d82c863c05366b415f9d4eb1463d35
1100183;0x9dc2db935d121b205992061a8377d908cba70c96
671448;0x3aa7b888db9764625a4e0f5ac102c68d81b8c384
335012;0x68bd8f759a557a33026ac30891e015a7a7715d9d
1054714;0x237ad4c5fffbf0d55880b643328264609969f8eb
470387;0xfbcd96da21cecd11d6e617a633c33bc4c76b90bd
289382;0x257032b2b5002ff1702d70c0c19b86178765786c
974804;0x731507b7c18f8bf7dc044afcbfe572f4e35efb02
655056;0x25891b7ed5c87a8f6e9b59cd5d7afa1957dde2f0
686950;0xaae2a69158a422581c93865235e42495aa364ed7
772824;0xc141695de448c1a236f177894fdcff3cd5cd7cd9
1041896;0x3d552a3fcc8f3d308396bbd8d4b2af5a43f428a2
311806;0xa9adb3ce2c00a5b0d3ece81d8fcd3293d9666043
475571;0x75322c7de1fccdf94152ddad50dd956630d9e56e
263309;0x6c1fc303c92c97cd833b812883b5f41e85b486e4
606090;0xa21c398dfe25bd5a2619034ca2e42f9b79bf89e0
1316600;0xfce94a2d47071ec92572a4ec01a3e68728e23a25
700954;0x1fe71d091e1cad44887c5d5531b5ec645edf34c5
929645;0x88c788f91ef3f97d6cdd0a614816a20b1f109bc3
23974;0x8fddfc6ab68547bc84d42a5b8277752e3d2d7734
378856;0xd0057c59a091eec3c825ff73f7065020baee3680
1146692;0x6ead1df203abb3f182077abd4d1d9f099a5e440a
570497;0x70c5e983cf52aab050a14ce35b792a2e1ead48ff
523280;0x20d69a7624d101e76311427c59ebcd6159b5f1b8
1131484;0x6938a5aade284cbd4a030471d074f5b312abc065
808449;0x416c6499a3c4aa722ef543c30d0861fcb0102f16
982066;0xc1b5103429011c5bb75f76bfa15afffa8be221a1
757752;0xfe62c4482875ce96b1303b7d9e9a32582a807f7f
4167;0x9353cc2583356ce6ea8f92e239d7c9eb8412acaf
950865;0x413e9ffa51f0cfcd76aebc83375ec3dd6e7b4b7e
293500;0x74252f22e77aed50d5f637386cd6a81edea56846
677662;0xe64009492d260adddb36c17321b629a964c29514
576107;0xb81260562428505ff1f7691e6ec348c33f389808
564946;0x32dddfe99bf4d14c2d3d5027825e8556a98fefaa
489255;0x2f5ce058b561b0d58203c092f8218ea9565517df
854303;0x3eeed3f3b243b6dc8be9faf7bd0ea6f330bc8e9b
1158053;0xc7d2af914a4625848a7f95f81c138fad3d7310f8
621721;0x6415f10a9c20fde0b8eebaf88af79d6bdf7b96da
898669;0x9628811991a05b09fad9cc0a5171cc9c61c18af5
478757;0x01450ca56e82744c3c7dd531e81ceac54068200f
758167;0x1b623b8ab286b10bdaf0920dec5a1d4e7695aca8
17418;0xa6c742a9ccf42195105f7207a8f004dbdda585e2
777803;0xbb1a7927c2eb5c493168b4aabaed21903cd7fa59
854340;0x689a6264c8474f7d34a1b314983c359bdd6cce29
399589;0x229935e5dfccd8e19e09a0ff70e15c896004feaf
1037403;0x1b49329293ed6677693f75af8e77445a55b8fcac
1161597;0x42164fadd04a96d358f6a724b276454b42f83dba
1023778;0x4eaf86c1c4a95cb02275caeee3aa18fd0b207e25
1079889;0xd2d52a1a2085b719f82fcb66e3a674a0e6f3d5de
715094;0x75b49ffe00c78be09362a8f3a53ade48e7b4327f
1130283;0xecbcd824a17a71007185e18d9b2876fb2e2709ae
737787;0xb8c94fec99a5c383878b17f529a6f900782a28c3
1040943;0xd3e132626607b70ec7531c491b28a7d6bbc2a6f8
977760;0x912c2b53abfc598e76f79629c9ddd2a6ba3af1d8
732411;0xb2caf77b0d595399c4d64cb5a7ae9ec967eccbaa
377589;0xa92aed04d2232b554115a745d93a0699edd6a1e0
318496;0xcf9f794fbd96d10861f00a9ce1e6d36cc926e5ef
498370;0x10af1bad06d194113fc0852937da6db79c6a85b7
843653;0xe0478852658eccdb2f88f55c7dd9598c37228a2f
1328797;0x26dad23df5d3d7b4ffa3ae6f7cc27165e3936252
519313;0x250c21c469533616205df377df7713492f81b24f
1046048;0x86165efb6ac401592e51c48d3bca7552b81a60ce
422102;0x5b92b964257602d07f7bfc30632ea3b386091f45
758331;0xe1999561f562588fa27d7c00cd8e847741aaec19
757482;0xaea1d052264d890120f56e9fd3771165e46a769b
971990;0xf2e52ef95b2b0ba3b7b7eace6dbbe28296f4068f
1094274;0x276fa2e549641b4f9c067e3ef5ef612143863b43
811158;0xaeeb977e341140d744c8d5c9e18dafa6b4b85b6e
1332815;0x24fae9c592cd55123313bf83c04caa3ec03239c1
198388;0x8f741d19e8c8c0798752ea725a9a7c2bd6c97ca4
1128155;0x20e674f1201c46b3ca8c6bd5172e3dd266b96cd0
275744;0xb15cc13328dbf4cb8cdecfbbe0fb6dafb6a988ba
317356;0xd9343f4905072c9c61c747e2c31b86bd2abdb6ec
545476;0x1001d2b323c5d6bd07405137347a633c658b5190
307037;0x5ae61f3014ed6e302ce2b5cb267a2aa0be5d765c
1116509;0xa1312514b3bef1d119ddd514a2b1686f20c034b0
1111321;0x9a6aaed548c352f101e2bcb5423624a4fa98a5f4
491686;0xe068adf02549c1c87d96ab0aedb1a27dac0a78bf
275357;0x9d45f31f741a6e6d2fad0f735c4751c87a3f6be9
874528;0x706432066e42928daa08207ddf90eb90096718c6
255851;0x6069d70849953326aa13b4220e7536d46b5a5526
543090;0x69f85761b571421893d40ebfea1f23dac25f33ff
335713;0x6a5f25bb158a2a4c44a3b6529c8c4aeda787f6ed
1279844;0x8a4ac23eff0a152e9d9269b6dff1e639c073996c
1354352;0x339a9dd1fc0bbc6ec1b55a5f9b390ff1a05259de
1047694;0xe9d5b27c052d66e71c49a8ffc8c9ccec6d9363cd
573405;0xa2019fecdc83c0fe37d0ed8b3bc0df6b8373602b
189758;0x7c01faf5c7ec927f79249bba97355c49fa17d0fe
808387;0x7ae3fafa5a82f59108fd5a9202c988ccd2bdbfcc
509714;0x4dc3978453795b8aa0abde90c4ff99331ba698fc
756231;0x60e879dd39f906f152e8d115a10d30bfb3aaf8c5
1023190;0x59c320adcc94aa008d6529d841f43f427c0654b7
1036501;0xa312658214c86804c037cabdfd477b2f29fd795c
757753;0x4de5950649eca7e7f0504cc7d46c3f2ea2fdf24e
494485;0xc83ee60cc54bb12826f340970d235f20eb356817
737619;0xc6fd701d7fcd77399cbe18ac26d094d69600a93f
6767;0x3010df5300cc827aec37623df5d251d547990d59
844721;0xa7c8db0cc05ba6635767e5d2a0ef719e74370daa
775597;0xd77e16d84e154dc87af52dac38c7dd00a9e828a1
471695;0x0e7ed8997bfbcac99260b75badaf32d9f62f9700
1047648;0x885013ff6040dd7253d32460ec534659044d68fe
1061363;0xc10ec2e49cc74a8f0e69bcdff91337f5c3993f6b
1069962;0xe00f0882fa50978ff96bd6957238bdeda45772e2
801239;0xe87cc7b94d072f17645128816267091ea3df3101
973465;0xc42ea1e4c6a77a7390cfddf4aed636e1db6af4c2
801246;0xd54acb189989beb22991e8ee361eb064421e9f24
362888;0x2bf6a4f1db2b931ba6790af59e44e3128b1f0399
742185;0x521c9fd46fa6662df26e3020b4e8f5ed67fb959a
382750;0xdb6f03539d4d70b04d700291c3951c0c45b20799
737518;0x94a60cb40ecdd30004e5bbaa01208ab84347ca5b
756841;0x6be27c14da9dc0653bfe2e689145dae57fc349ea
1000098;0xeb713e0b5609ca9049763f3b2888097d6b3a8055
361344;0xbc16d7ee98eb65177e2fc69654ea3f7acec1bf67
753100;0xda85ac12a1786f50604cd332cf0f118b7fd3e7a7
795696;0xd2aa20a7f1ac2feb119928cb8c230132b752c3a4
338584;0x39cca7403f27e21c6b1ca7ebf59588ffca130166
514785;0xb420bdd43b955776df76b9ab47b37bb674a52700
752886;0x1a28ade55921f45842c8008684e4c463f6aa9b54
591356;0xab88e7451f22b362f094329bb1a47bd591443c67
940500;0xec207b55c1ea0e04cd15a9f3fe4ee4566fd13918
940507;0xc2d64e96ac5543f50d183ff25aa0da3f0bc338a2
1069917;0xdc690c99e610c9b3332a18e5aa893416b94cca17
537136;0x36642bb553ba490276ba42c18df08c8b9332e84b
940502;0x72a60a75ae862afd9532a829c343ed7c9b796b55
586897;0xe1692e017f9e1ae17007824bc6e3d6fadc2fd726
591358;0x40d66dd7690a231f8b151fb855a3d504bcf07c21
1065017;0xabf809cdc538682ddeb201bf73265161716baecb
929767;0x0c9075d9f0550f86de809dbc2df5f1e9358c3373
1046700;0x7493845b86e2dc51a1b4742b25f6840307183409
866865;0x4b1bc68d428b46232928f379796fc548b7aa9c48
1167866;0xa78749afa08b79c71f820967ff1a3887cb0a0f39
261459;0x5df2591795eca6af2eba9fe836dd4a63c9b96df3
811144;0xa9efd2068bc0bf9a2969c5e10d5e080adca349fb
756308;0x4b32e2635caf05ae8cfceda7b688fe5c49d9ef00
1068640;0xaba10a17a86d41c181f5e3ef27c09b62c5b65c0b
1156965;0xbb5979a2f312bf95431d9418b660f317c84a54a5
732095;0xbbda70908eceb49590a449808898d8c508e8527a
989795;0x22aa5599d50cf49c2773ab65b1a98044aeb5eeb9
1046808;0xdc6cffd5f29771470e5e9e1f98dfb06516a4a28e
811120;0xfd3dc62c3ed692385da55c48fb9769ad7bad6ef3
9611;0xc2e9fb0d71b8e1025d97de4867f35b72e499ffe4
1066288;0xac28b7c2c3ec1ddb37f1587e870f50939d25a13c
1109254;0x8e77940e5cf2913be8c527119973e5db89ac8cf5
1026404;0x72183881dc7bdfdcb0fdff0351f08b8893dffd12
753601;0xcc18c9988050a352ff7f2a4639e65d063e7b4df6
442051;0xe39306340a2bb39854420410835d85a7054905ef
290692;0x44e156cbb4506cee55a96b45d10a77806e012469
755619;0xb7f107c9f4c93aee5031d8152685651d706e9a61
421337;0x1ef57d13affa03c08a5121356116d340ef350b87
587041;0x77ed0a0dabf7b1155070886b0b2860c658a9db16
1040925;0x0bd8623d55d24a7fd79ff15004eb5d8ca2d8f9ad
660576;0x768e6e3089a4b4698acab154d8b507e93ad99864
687557;0xd40fdf783100c73bdb3b9a84361756a530796bc1
1080776;0xa189a34e6c907cc68deda89b5f2f60cf212c80c5
444682;0x5f073d7413d696f536cf70157a3c632ab3a4a324
378251;0x4a2b99c0b4aea3408573aaa696f23d3532b71581
1046750;0xd50b0d7c134b8d727af602cffeddc3e8582580f7
775336;0x9de37fc7ff074765c69fceafc44fa5f53318bd22
566425;0x0e81716db72f7372e57b426a8d4c819d8840cb95
987363;0x8bfdcca610122c7d39ff46ba97c94cde72fbaec3
1188942;0xdd20ddbdf33e127a90290e1c19199b6c1c56887d
811143;0x0fafbb08f1bc546d1d5cd2c8b52e2c0f2c7ab263
1100786;0x8de03fcaf0c445223d89e40820ed432586f3abac
297667;0x107d8ff93c1181c3a8d87535487ca5e1f004ca12
427753;0x371537976208b5b22ae72a189faebfc48a96e44b
1046822;0xba15123931e43a0a24ae23670bd8af6d01eee116
1125418;0x426c13e4f15ec2c66fa85d53dd698a756ccadd4d
1123160;0x805ec4d667d1d99c179f1085fd8c098aec45ceda
906290;0x0665528c8e658b9113dea4e37130ac5e40606b1c
692756;0x279733921ad4c7a8ba8fcaabcbf8e55d6aae5001
1047717;0x4d057e35a804a53a20404976cdc2f075a40a5f63
1149387;0xdc515986aea520ae2c439e9e66cd9444f539f899
819164;0x6223d35b146e42bdcdf94c88dee46378347b4469
19116;0xe3516d873c34fcf99f1fb57a541d3ac02a2100c2
859115;0xa67bdc69eebe5f8f7102c5752a7e5346a66b9423
1267122;0xa84934cb24dd1eb720fcc67d5878da5eb87f626a
314945;0x55b222fda07a0814f5fb65802e29eee194312fc4
499662;0xba6ef091d83b4b4f0897d19e1442b48397b2233f
18620;0x029179d5e3cc97d19b77bb8ecadf9c4a582eb5b2
264031;0x7292b310713ef08c358f1d382fcca44146dca683
309688;0x3c59fca70c4550d4aa2f3f0137de68b50d10d021
478777;0xb3b466bdb44ae653e79cb1cfab0a196ec45b3969
1093875;0x0c09a561a11c5d808f2b3c80a2090c5df7a6e55f
312986;0xb939eaf7d5efe2f164e2f39da1fe4dc626a75803
1220299;0x67f2575e008d5ef35397062914bdce7a68111461
240769;0xe5bdc14e88a8501cac2c7d990cb9cb5fcac37296
268517;0xf5c86a0500714f5ca3615ae66bebf20db24dfaa6
1021424;0xaf116f7b5a5972f0e3c9eed6970770daa5746a67
302547;0x662179fafe29347c2c425c7226ee89e3d9ef155d
1303616;0xf5631c407b230a747816044a6385437168b1d874
1004329;0xf4cf78be706ffe6eb9a33d58cef996c1077d5985
272607;0xe880132eee81178604308616fd750b701965b840
555287;0x203490e6743a6c946f1f45d5498495b4d8c91f01
1097632;0xea40228cd5888a2e98764376bae7d1d004adc0c7
1040617;0xa8c3ba7171c748fc15d0e1fd654f33af6b87d720
981481;0x5afe8357c08fe5c66499f49ca0594aea4cd9964c
1047152;0xd04c8201409c42ee0a8d14d39188bf1e7fc33c14
1101954;0xe4b95159b319af2f76bfd6218cf1e2f1f5d6fb2f
237118;0xd40f7ceda3fb2124869cf6597398be5636cb460d
426967;0x7b2e349249ad1a0cc09da6c7d55990b6d691d534
502429;0xce7412c849f6bcd75f073a448b5a56614a497aca
1095672;0x6a1944a547127a4aeb7063a5f0c49556e905ec37
1235709;0x207dc01fee12e536b0086240f45edd5b2562e219
263961;0x32b1cd74b213f46ff55fd8546388c484b85c85c5
619627;0x0687093497a3a0c1b4063a847927f7286df218a3
1096469;0xc56ec1bd9f0fe4282ea29a213e9946699daef13f
1045997;0x21e30f993abee2a0aed5277433b3a5597d9b8995
853890;0x21f036b10ac5f6cbd931de22a390e4465388eeb9
1066160;0xa2dfbf6744ac72c142a439b7e7c297adf8809f43
457186;0x253ec6bbbd1f88fde136900a314c9141c478aba2
1139134;0x76aa392691b68a4ef9d5e04f7b410d4afc833870
1013779;0x6fe3b1d851880d1d968ee9d24ee9cde34b3632e1
262908;0xd7b7299c701f0195b67446e973c04fff24345214
503774;0xac17aeafdcd008980570103cf1d3c6206de66a97
270997;0x90be6f828afe15f150ffd78ec1e4462ddd3110da
1161335;0x4a70eac37f9f6ca03cc4410032c0b110167ef4b4
854121;0x137a44ec5b4ab659ca65499444645e350a4e6a75
283604;0xe559aaa6197a296c0be694e113ab040928631e80
732455;0xc751b70489b634ed19de56c34ffa2c4023f5e5d7
965768;0xf0e570bb24bcb804b8a4052ba7f975b4ad98a7c3
650840;0xb193a9c4ee0e2fc1905054e36f0c7a218fb4f234
1040981;0xfc0c5589c8611950a62c473d1e6c5b6f576139a0
1052688;0x49ade11a53b9013e38ca5fa33607cd1e916e0e9a
1116019;0x8455a84ecf35c82959f6037dae65a1f3347e1bfa
975209;0x4cc2b0d006a73d0676653dd418922ab7f9410852
989818;0x24a437c08bdb8837a4a476075756c435987d5796
1146080;0x4ee86be4eaa4be27192b874ee7ec6c46ef201c79
495413;0x589fe8925d6f03b3355c591113db1664eafd53e8
756295;0x327807e2368582520b14d1c63495351c86fea316
479381;0xd6648a77bdb7bec1f0aadfa4d34a68e64447ecb2
1087863;0x9719f2f7de6e02d36374c77d985e3cf5f7a78e51
756163;0x245989a7fb3ac275f28ab59112dc5242ee8f5281
837163;0x3546f14fdcc238d5651dd7290eb304d90b8f7dfc
541741;0x28fa2e99c5dcd0d5b66bfc88fe7be3c77c5b016d
432868;0x90c41f7c6f72bf3ef194c56c6618165e8ce50370
579109;0x4ee8c8a10c60139f97199b0b32ea0fa28ec2c80c
1352530;0x4dd1eebba7b13b62791f1dcc7f85e2ed142e45ca
1073528;0xf5f5191c62d04a7c2356d5059bd1f695619abfc0
1014837;0x2020aa0c3ba3924ddfc7b2916693e6b51dc8f168
397437;0x3733bf07b51572e1bcbacb8a194f941bcb65d21e
1049184;0xb53338891cb3b6d8c45a5683ee51eac93fb5e987
1047679;0xe9ba05820e8d78c2741e5c3139c790435d2bbefd
1102196;0x53f9fee709d4bb2d384b583b955d4c51b909b0b6
1021154;0x7c5371d6aa463a2a59bf1e9e233eb2dee35c67dd
1095684;0x7e0f4dd9bc9d1ad0348418b669fda0d4d45ba0f8
335897;0x99b95b1c8e19f9fbe737bc7e9a48401cad05a2e1
235846;0x4fac36db18a86dd8b17c5306e319fa608b270b58
193435;0x84d9fcd1389c01b13d55912616d7c3b278c9e79d
1055311;0x4033deedd3c532e2305501c3ac53c68fb7660182
991203;0xf03f240c9850893fb4d4eff83a1240f968cbc0ba
1037267;0x781324e4444a00c7a327a9f9ba4a5960f55cd807
1060587;0xa9a887f019db4187defb3d2f0b0223a7f173dfc0
1210029;0x76779683f62e5da02fc370e76d74dd42b11ea059
358872;0xda000dc3ccf8b0b0c4ad2881dc4c03af308d040e
6514;0xd4a0e579c38f8007dff69a2bd43e0d37302d74f7
558938;0x16355d5ba65576acceb85862d9224e5fe1eed3df
967671;0xd6f2a9d2f9772f1c931862aead72046408d28f6c
531513;0xf84aed197c421d8f90d81392845089c058647eb1
296478;0x392eebe29af2ee902d7e71897c82c2a6cc5d29e8
328339;0x15deab79bb6825852d604807f00344a9fdf8df1b
493834;0x1e1cbd59f2d4c24fdb124ab36fce8e9802bd8842
1002012;0xb5bba0517d9ec17fec7d9a341cf73ec261aef1b8
683097;0x5dc9bb0bfbac239f66a5ad5bf077ef7111baac1c
1040936;0xe2f9a303574e8d1d051132821fda6c9a5acaf3b4
1162690;0xd2a955f36477f8e0a4256c26c7a2aed8f933b154
194370;0x3a43e3abdce877ea7db72f5ba8cdc8520e830e4e
300909;0xb4a257264d9b3cf8bcefaf1b2f92bb9b96895a46
1038583;0x203ca7efa5b449d2346c2a4e63283a8086da0485
880076;0x591c33299a98472a91f2dc2877d91a1bc2b1f9a5
832180;0xd703a03e74108f250754a73372c58d1987f5f484
860677;0x1eda6cd7144e9502708a07260f70c02642bc6460
1341021;0x58ba1bdeeea20026b4297c89f6e073c741ea536f
899772;0x5baea4472166c5487758f9e35fb79b19146e19ba
1046853;0xdcb7211461ccf49a8905325681ac96611dce00e0
1139424;0xaa48a7c894ee2f07e0da91707a243eecb8899c96
560103;0x6788e2e7d8007eac3eb51027d2a223957b5bee17
630655;0xe84df5bb7fab94f61a828af1e63c2983df9163af
817755;0x89f125485ce03a43bbf494b73e22945b29ecb98d
1115257;0x20b234437087d7578f1be39c94d85699491d8ba5
1279877;0xc4bccd62c425df80326d78305ac417fbc81ac646
455073;0xa4fef68bca2c698785cfa16f4cff6de8c79274e6
837991;0x8e7f96310f5c9ed12d2414fc5f274526256c996e
240612;0xe1d0990c377fb3d8a49c134418468a204d9c846f
753285;0x04a15379f8d667cc9adf59cc6dd67c93ed6d8570
664717;0x699f9c4f471904aec01a55849506a6d576fbdc91
405445;0xc84fc49e4cac18a49f677ab75deeb26f3f30b384
665891;0x5b3ee5d9ef6e9bfbbf25f51901a3b19b3f977c17
788662;0xd47284f9d9cd2c422813790dcf1312f2324a8a87
1100658;0x842e4656152d4ce84a078ca15aabf9fcd425dd67
435391;0x7ddeca3d46215a1f6e474bc07d5cfb3a09ebd5f7
756293;0x770681a3499f1e77e8fd4cb98e1715d33d3083e2
1047085;0xf88bd3c575291b181db523ba37feb2e517bdf2af
871048;0x6479ff08a6e13782964327b7b00dae6da8202383
801241;0xc6586737e66971d34bc8b86beea66c4ca93a006b
341646;0xf9ce34dfcd3cc92804772f3022af27bcd5e43ff2
1047103;0xfdcc5ea7790acd1920f2f217d546d8b9fbf48f58
1191308;0x9f4688250d86e30a8dec55daa56c0013a5e238bb
1047768;0x304a3203b7f09f8a03567c8a7f4694554cd6bbe8
268260;0x6ba60808b15d43f7f1a9c7d659c783a1a7fa1fa1
801253;0x5330c51ab860351ad36208725d12b187cc97e766
1049905;0x945b36010d4a33f9658f44d297974481569bfe48
234764;0x4b1f571baddf119a0ac421fcb5a333030cd9218f
451947;0x1e0c7fd25bc5016c40b4ad02edeed6e467ca677d
902697;0x9f4870718581cbc82dd18c04cf56ea9d9414edb4
547112;0x5706b49b35d5dd129b21be86390f01a9a91a20d8
678162;0x05dfafeeb71d358a24d96dfab0667e044db204bd
1054907;0xfd80e57ff4755adcea57c145c299832b982131ad
1142469;0x27aa55a011ecbfe183ec71790ab42ce96c438dfb
850505;0x0cc4c00184a6ffca4798f77cd84be1657850d6a9
407176;0x0bd7c33cde7cb3803cca38d387e695f02c0a5b16
550367;0x071ccb4b5529f00cc31a6a06898c47478084bbff
653592;0xd66f01f9b8229019bb042282acc9e0c59a8e3a22
248836;0x437dcf0525403ae1436d426cfc46a6f0a67c1f86
1072998;0x60622fe4c2424d1249097e23dff2bcfae4fb0a35
543387;0xfd7a43632bbafffaefbd3140f579cd8042abc31b
1108792;0x06800e85ea85373867d706a0275aee0a595ad0c8
785680;0xc867cfe4aa62d85df9b789be878996e10e96af96
1043256;0x466148c8ea6704bafb4a04b7a0ac0504e20ae728
1039339;0x61e66e09a0fb32357ff9cc80f29a7833e5296aa4
453964;0x1ae2b6ed926453ec68875e7bbd34f9cb6ac55166
994068;0x60609a8b77784812093a027e7f237d1a2ff5dbfd
1150969;0x0258e169f8b24db52735843b1b7e3b216783abd3
242040;0xfe62516e9aeb2059c9c90ec51b0ae38e784305f7
527846;0xbc4add8e9dc23878adea452cb7e70e53d9eefdf6
1076779;0x0ecfc87b65ba7fe3432881073c4bbc4fecbaf067
385437;0x5a03fc1218246be0f0bd758483295f6c7a1555ef
257602;0x1fc6ad4bfda059c685cd1b90ee100076c570d01f
434929;0x61a33708cdf3ad78ff67976120e6aae109f5b89b
560267;0x915ee8127de2a5f46db37f82b0c3092e0981877f
257581;0x14c8a9693adfe2609c66b0b9fd7b0615d564716b
1014008;0x5e4495f13c19d07ddfffc485264447f4b9efb7e3
1100888;0xad610370a9d776dde9590a15e2eb64cbc99e0da8
929627;0x8f3b0ef5d14f7c19afd81a83fdd29eed43037e57
394015;0x1a57aa054cbd66f2ac88c2aeece5490d3e3eb5ee
801274;0x37ae3d21f95d8d6121884a8b7eaf3cdfcaccb16f
758094;0x251f3bc7d8bdc16b1557b148503a4a53cf212f0c
313009;0xfe6d54ae25d58b9864c2a38dc4880a959a5a91b0
477664;0xbf2b841838113469e30cfefa27bf18e0ef0bad68
581155;0x6768ad61cfe8669b7f5d92b2b9c1fddff664f747
841514;0x5195f164665db177f74addddd47c51e3f7f4761c
876514;0xdacb7c77a627adfa40e13e78fbbb65558763917d
297158;0xd78f6609dfd4ad827580025665830f895a6681c6
16355;0x1c161687cf46521def2aff2ffa9130d2d6d2c7b5
7772;0x35d292aa73c369bdd12ab1413053d4c272c6682d
309562;0xeb2c7dec58c1fbfb7f6b83783166a90cecda1ef7
726411;0x15ab3241bc67ab7f900e2d6cf1c26e5eef57868f
1023180;0x07d953834398459be37042e3bb2f59baddff31c9
188245;0x920ede9e34bd964f81baf61e59704875516f848a
1125707;0xc79602c17e593310b32e7dd07c86189445ed7261
349917;0xdaac6b3cbcd7961ce46a87f4bb285df0d9cc29dc
801267;0x89304aefac10259e31e83717c2a9cbc6e75c9a90
292225;0xe9e42843b0f382747d3598464820177f907ee2a1
250783;0x8d758b2f859482062c7c2e2b0fccc20748f208c5
248440;0xdef425f4d9ac7f0f84a1c9ba46b61a0c1d0d5a60
1047118;0xc3447e76e788ac215485dc55dfcef5241b3e392f
1139531;0x4ee71b6a2b1f524721c91a80d81d9a937f0abd55
1060011;0x81522d132c546b0b51316823322ef9c2fa7d8d8f
478672;0xd553b4228a8b4910c2fe80aa9e6f591334cb62c1
1048213;0xd7fb8254892918d6a11c795ea97c384900a17288
989819;0x9c90d4aed6e855703c351da12fa907ea866e05f6
578093;0xb595081096074fb8cc44eb6170c435948e6d1053
884664;0xe7b3ee26ab4c1647bc8c98dd8168c6fdedad98dd
971312;0x160e5921099c7504475b3ef867f58e5ab0a6ea80
1094219;0x02f05c2e20965fd32f8dc1aa818f5d6d63274b5d
756478;0x5049451b4783b9598bc8cbb0682462245fc531d7
1097658;0x8c653bd8b56753eff682ce8975b2783ab9486bfb
1044091;0x8656c4407b9571e2d3dc298177dda9715425001d
463669;0xa5990c1a9c0786b9152c9cd7a05e6c9173098526
1159780;0x56346cc53e051d47219da2114f9d9941da6acdb8
760847;0x314d2588629144c59464584ca74637e96c0e20dd
1060201;0x81a3d53ca28cc4fd90e7f093426900426663e11b
1314626;0x4eb36430a10f5ff20caaf772e6a044acb6f8dc21
680374;0x590b94e3a85aacb9861eae0fa0b52689577dec65
1148918;0x01764c3a4abc5f34ce713b58fd81000f6817e8bc
760702;0x2c9616a5c7f9adea1f347e478c4f7c945992e7b6
260944;0xa6205b6f5cf02cd05a2589f53eb04006f31f23d0
562773;0xd3e4be76c024dd3d03e986ddccb33d1aaf42c5c8
392;0xc371beff91c1e8cdd6e99e00b522d52ea31af99d
299778;0x6bbc0f717bccf05a18533d533ae2fbbfadb963a8
1040330;0x61dc30ecb06837f25332f69d4dee0aa2fb90dcaf
689342;0x45c97dc1a78621809fb9470c2baf7c4204e4ede9
1003888;0xfe3b05b1e6dd949b3c2e0f7983b47e2b451ffb2f
15994;0x5e16d4583de93d68ca481c4426554e16a6a8133e
1021900;0xf9c190b1be57168017ee5fb08351dff05fab3906
680056;0x3d894f850ceb298cfe1bf66fc5b27dff1bfaf021
527100;0x68714c8a0d3f41c9afcacec03a43980e4f41c811
1074334;0x5ee3911f2b72ed3f554151392225ca94c48ae364
975057;0x48e85d4d77df01ee442d0b17965112555dec3195
1079980;0x9acef676948b7751767b802d92e2b089f0349c73
705483;0x80c9b76b4f5d3c911e0d160b70e2e2e46427a282
1032554;0x6b080aa17cf907e01b3253c27911af2c2b86e012
757639;0xe989ac277c07844c8005f9e390c1a09937342c07
994765;0x343bd7a56b5125a509fb1ee95ae103172faee7a7
920367;0x2b810d9c1e99242624cd7c6c08f3d070d2ce359b
1172297;0xe3219483c29b8d743a5c98afbe18e30ec8ccc16a
338384;0x72cb4dfb4f6ad347acce51ba7d4308cd22312933
1139870;0x5367c289d1073ac051272affc282d4e97cbfa8ce
1045980;0xa55da0fa4c266b1b37489e494aed83a7f0ecf44e
1095077;0x9c72f1366bb22595fa0ef196dff64f02209f9d36
1014896;0xa99a81cbc54d1681fbfdf5631c591670c113e2b8
743594;0x6c264bc5f00a2067caa674ef037c36b3bfcb336b
520786;0x06e8004400f57235be190cecefc486c89e5dc858
893163;0xdcd4473423cd6ef36c206ffd0e1ecc4a9ac14efa
801278;0x1b4a57389cdcf018090ad3d3264100ee10808d0b
1070983;0x0816a8e80e5195c5bf4a83960811760767d570bd
263288;0xcdf4bc776b64cb860140ef9425509ff47f6f2b95
574986;0x4830f2d81567170c0aefecdfe3f9b7a1198a509e
202576;0x8c8f72a1a5c72cabcba76826950f9bcd248cb76a
730680;0xc9a0e5de205d8ba7aae408d1f949721ccdf2af99
1086704;0x54de1dc8ed3f2ac6720b3441b6fea33149f5d86d
758175;0xc3912d3e62376ae9c38817324af7c87bf512dae0
689889;0xce059bde705e92d5e051777848fd67cff40e1ee5
212665;0xc8fa67fa87893c21c889a28b2683f4bd8e8cee25
1014883;0xad2391142cfde44572daf9d5f583db85b05860a7
577722;0x7776d9873a8ee41373566c99117f7b5ddb64d4d0
320381;0x05298cd05711fdc2541af6e64611a9f7e529212e
1062941;0x423f38162e73aebdd5028cbe19addbd00ad7e2a8
1314394;0x22f934dd583d026959b0f07471be166df103e0c3
7318;0xada815f4bc4bba0e8642d57ebb570fa6c4275ee5
263660;0xe2469dc455e9b0490ef6216e5f21d3383759856c
388397;0x0b40f1e923e215c84dde5fbafc37c1330f5fc541
1049126;0x198742dc1117d213ceb39d478120069acd22c089
479369;0x2833c88431d68ce0638982664fd10feb48fdae51
386799;0x1051761e58e7004c4b0cc23888e92642a1e789db
542086;0x55681c6b5b6b22b679d4b2221e982dc821434468
7546;0x77655e63d95d42474d6d1ac9ec6b2e124d35822b
516566;0xe2b3e2feed6972b34cccc88c9a9e1002f4161920
1006911;0x6d43bbd07dc0e177cd7f06996c74c59cf744b7f9
780277;0xf05930bd5e14ee302d915e291d70827e7e01a475
958973;0x67d039dc0f816ad1ac425f9d5bd8e1922857a19d
1235697;0xeef10f735d7b0af93a05e5e4110fc52b8d164ba0
823418;0xf5bb252094e64e83963729bfa7d0d610cff1dc35
753740;0x02b9e35294ecd728141ec4eb286b5834c6be9de3
1116312;0xf5feab63632240723624ad61bca9685c0ac9bfac
1025147;0x30a1c31e0685703626c290bed941eb7627d697db
1084361;0xfbf9f112f3003ec40cf85b3f79c452aaa4af94fd
801282;0x041a6f6c444a68112e365c4a46d13d90018a9a23
1109378;0xaa85aebd727421c104629f870d9df3e5af10d568
756797;0xf322f593187242692bf8ded0d13422b5ca9cca9f
1025920;0xdc7727a433866933a23d3436a31056718744568f
1081124;0x1b99d1d473cdf5b3520b1101580480b998badf38
1102812;0x5a7880fcb0c11fda1b369a85b3a65a3c1ef2c167
379211;0x3358a8db37960db9d620c6893d6a303f848ec2ec
370263;0xe8ab7cbe7b4069bacd896ec6edb9ad4b9214b569
469243;0x2286b2b02d0a7c43d780305bbf3422dc7b8513af
288660;0x5e726bfb43c9546870efe50d33a6f26ff35bc0e8
732630;0x1bab181e297e5b126c9c45d3ca686e21394dff49
1299000;0x585bfcc05814049a0498e37ff6d3c6e7eccea0e5
1051363;0x6ef70862ee66443e6e3effd15f68261397b48927
1019621;0x98eea84656a45b7d72a676f73c834fa73e1d0e55
1135149;0x86e3c0edc2dafe86b474b26e9f1b209d0d6cd672
540538;0x726e4c91aae9c5aaa164d85a2bf978253f7856eb
919835;0x4e490d0e6a13617fc6d7c0988dacd7ba29b28bc5
787015;0x106bead4be9c4ad32b638f56715b4c51ba69d5fe
889586;0x4e647d395f423cf282b240b688e70d8144036bcd
714088;0x984e0f0f55fcc2e5580262c1dac92e26ecb8e7e2
494949;0x7b32de5b1d4861be3034888b7e7c53771f16c8f1
1046752;0x5e0089885123250ca19ed2c7d4c7d17f7730cfa6
1012877;0xb91c4dba7ef194c8dc762f5b24b3b9eea5f497cd
719511;0xc73ce435a284e12164f6859dc6214c81b7cd81ba
268385;0x09fef141c97df45e37b6776192676593f26568c5
21975;0xf138edefe4a7cc6d6d7833a1c8ce4f9840fd81cb
315130;0x967265f377a339c70fe835c1459492e00ac77cd0
682026;0x703612ae59c4142a5729b5acc250c1c72280fce6
476747;0xbd18e23e991add46f8539ddec20f88ef5fb1eb6e
1313723;0x1cd2e8e751330cac31e72ce842ec3bbcaf3be580
523020;0x3062dd62c0a4445ac51b4ddd86cbe94a8ec246b7
1022782;0xcc0abbcc265bb9556e5ed0b5277c2944053e66d5
990526;0x45c996997ef5f37268a05156d4c005a016681b40
1139432;0x663055f2d132e0d084e1cc7ecb442f3c214072a0
859372;0x1ee6b3f7ef2050fb720f24ce7b81c6105fb27f37
309052;0x6687ca5015019cdbc9c6d39e38f7b92a5e4adde5
871209;0xa64ae86753936ea10cc8d2c5202f04b8f42c0e2b
275832;0x2cf79931a1567f7b24ef871a0a7f8787cc3ee3f6
753825;0xccd4c9e0d7ddb7b2d540309c677bab09fe5e10eb
520063;0x74e4feb3ffae9b227f2a28ff21af88bb5e1616e7
711552;0x0cb9e9ba521d1488413676d02867ae7726b2d6d3
17877;0x368e376014d2e8e925fd28e48c0789b4f6220372
995303;0x621ea6cf6a8b6631cd45d94bc1113df6c565aa2b
902788;0xf3da564c22fd85ce7cff29f1392088f6a8c65c19
653701;0x52fa80b6c454d7832121a65f4ea1221e6b926626
990514;0x797f6501df9de5509f20a5d15d2de9ba17397a75
522916;0xc1b647df88e35899d8bee7e0f689601548f82ec3
1114874;0x55d6dd17d38d5861ca62f1534d40af27092c84d3
1345441;0x1264abba1843758a92c3eb918600b913c60487b9
399493;0xb4554d2dca0cabf6c3b8264bb79403877704f1de
1051330;0xdf47af1c548ad1c5ea3448673b8c321081e9e4af
758179;0x0013354d87381a193ef4b67ce265082529a5fcb9
550572;0xccca7a1b94821d009f8388fbb20b713d5704d02c
235094;0x86d7da42a1c79aed7106047318790a8bcc9de472
848677;0xe522221064cbe816d6bc5571f76ed751e5c4074d
259609;0xb2c3a8933843bb698e904d75c1ccf4ecfe7b8c3a
647088;0x4a7935d6a85fc35d6c564253a3c88af1d3f0bc59
531522;0x2f720f16cc4f1f6fabf83dc3b2b09df3f40a2d4a
1097661;0xbdad635764a001848f0134fb23224d66cafc7615
662575;0xcec531801ef8f6f417b7e8023ac6c23b446d2a0a
212401;0xf6aecac7906a49761da53094c0dfd6c906e39e18
1041527;0xfb309b79a69bd20f4cd1bd229e7cd13f582863fa
415095;0xeeeaf57b52da80ba0edca4d14879294628c63265
1085587;0xe057f577310b21dedf836727c0f6e9819a835e10
875979;0x087b4a77420d9abc26e7ba095024d9716dcf543b
263881;0x18e334ae28514bba19ae9a990b559f3d84bc3af1
873972;0xf3ddca6635bae45e6297a46f2b285f2e59c7ebbb
979596;0x676c2d9997e2572ab17e32348b09b22d406cfeda
714220;0xd32beda7d3dab25ef81ba65c871922df164cbebc
974978;0x1c65850b350564bb17f67917a876273169fa058c
1318503;0x50859f4aaf019971bd8357df965ae5076c23ede9
389047;0x5864fb8bec2ea114a8d9e0ec90576d96ceb66451
518712;0x59b13497778432f17985efbbee0bc72b9cd07899
1188848;0xbbfb30299190e59ce9c01ce069befcfcea20ac8a
982113;0xd3886b3a6474787de32a760bc22a305f0d14fade
264016;0x4b1b6c85a0ad519a0d4ecfafd276f02a33a75e50
259793;0x8ee005244b3e53478162142adb0a3007f451a85a
528106;0xcfb6a8e15c2ebd1cde35624eb200645fccac461f
335026;0x275916b4ff2e1a91b3889aa798286ad7dbbb070d
478712;0x0aae691c52eda53306b394cf33eb86bc5e312043
715602;0x445be23332ed236b78680a9a3dc3c596509c59a2
443713;0x506af758cdad89e59553d8d1ff1663cdabb6d25d
671743;0x960a39fef4e74d2797360c77c2bd14d4472568bf
20545;0x7a6e83a71b2046a8bea97933a8e95469739715b1
471769;0x0699132e1d7c70895575f99b30981de924f437ba
701323;0xbe83709efa8305062b2da7bd7d095a88c6f4dfce
466485;0xce28fbe3e40b67b690a96e97080ec0a9d47d0be4
1050645;0x9bf8e3aaff2b3192f5c1aa6b6d8b7ae2523c4642
1012460;0xc34b72c0b2a877ff337578fb19c6c61f99ac8aea
1008485;0x653ad34416106690444e6f820b10c487afa73424
231830;0x9f0d47c5eccfd2a523ddf0a91821e42ac288df42
612098;0x422729bbf7ec78a2a13bf0d7e87dfe5e29025ceb
632311;0xd0ae55a3c857f48ddfde3c5e992b2f3a6fe8d37c
854120;0xa9438bfdfeab179dd74e6817235c16b2019d7a64
872926;0x31772e40917bf501fe3a755240bf2d888b88cf54
1085696;0x2a37856a915d097f436a9609c0ab4db326df087e
297084;0xedfaf46d85f34c82d87fb16483085f794d9aafee
472687;0xa06f83651f756f421139ba696eed891a6fef3bba
268257;0x85fbf84e97900f3b5f6fcc512e110a115239cb85
1046844;0xa2797b9e238234dc2322ea150608b3cc22f01eb6
265243;0x66da2362e33980e6c3c5ed2d1d32dd5491301ca2
1127456;0xe444dee98ccaf220683053ff038eb7ace0cf0855
803255;0x71d735a7992b51c33dae5af42602c616e7627362
1042622;0xcbc77bdffc5d8a49749afff2cc869a2846c74b83
590061;0x18df5471cca910b99a1578b9b2d38542613dd305
974794;0x9043bebc1251e5ebd7af4bff107dd8394014eff8
1084286;0x402a1a83cdb292cb19d32f9efa99e8bba7bebdde
1047703;0x5595dc53e3aa09b0f5df959fc6df9f4aa28eed53
1111310;0x8e425afbb8c0b178fb707ec0e54a6cadd59eca75
1350950;0x0ef1494684067b1fa2548af8a9a5ee4e27437935
1181027;0x42f1b67a39234c81fc2a2e77d44d7f5be20300a3
897928;0x3da59a031fe8a5060853830e90fe84b35bff8c97
988509;0xd55a31cbf476d76adddab9d7ac0fec377ef547c9
1109510;0x89eaf5dfe3ddc16f0702fc12a08516b458920ffa
844615;0x16f6e2783269eae186f81694cabc4dc518343396
533192;0x68382273b6eff997e65c3441e001d961e70096a3
1075124;0x88e5ea3221eb9a598a1475b67200bba26b27bcdd
881185;0xfa5876e611ba0e558051add6628efd278736a54a
1156288;0xe18d3742b452151cd557e379699e7e101994535a
529343;0xc3b4804895722e1aa745f7ee72d994dc0f24f7ff
486121;0x48d03f9e68f84901a6f7f6aa5b12ba12c5fcd41f
342183;0x43916584c9c22436f1c6faddb680bcafd10c8cfd
589264;0x554cd557acf4cf1f057c276620a47c7ce781162b
1095683;0x839f5513e33a692b0392ae0c0d0424f04105a86b
1087343;0x58818e892dcb15c6bb45bc16d5b2949116a50b29
1328605;0x65c628c1b09566820609bef6d134df9bffa0fb88
987280;0xd25b97f53f0ceeccd6397e3ae07fb8312c58fdda
1025253;0x88e9104360113fed7a989a7109b7530ad0916b95
243442;0xbfae2c08c9bb1a9eebf610ce271deb69b164228d
990521;0x01aa62ae85da595410ddfe7d1cb31a01982788c6
537139;0x12780992360f2dc59576636a54cc56bf59c31e9a
811174;0x8461955cb61d55a8fe9f35516611a991c15a3e01
483066;0x499c25d41b4daff20ec7d4655075f9b5e66701fd
933029;0xa19d946c199d24c2e857aefc4103f1d5831ca0d5
272855;0xc040d2689cfa040b28df4afbb7d0480b301de0f6
933284;0x02c0e2c01b997c7a240c4cc4952d0c2770904294
329746;0xc4516a9c94e648a186b5f4dc45e2b7b63a6a0146
255486;0x8a874e27398f76520e78a43018481c108a94462e
238169;0xdc9943d6136f8e03ee4b7e969b81002abc3a421c
1100872;0xd1c9283dbc66ffa54387595a49f8153bffc1017f
1130720;0x9a15e967cee252a467dd0a020b5a630f71c0e582
850668;0x0562fb6ed55b8eea3ec02e8ec7f24fbbcba1d969
1334902;0x268ce35136fc6117c388b37c09086f295b22e197
8210;0x29bf231b2fbb41ee0ac0d219144ed35e9c0e080d
15047;0xa350e0982ade12b5952e7d8b496e256fe697bcd3
1047478;0x77e34877216b096f454c1a4be8f4311aa9b520b5
400718;0xe453facf5b5809fc1d720d2cd8e30374dc94c3a0
1193428;0x0e413f032ded62390161e50b4661a13ba10ad567
1002301;0xf9b6b982ce3a8d226daf620b3896aeb66885592b
1108139;0xbfc157b2f293b184f5bdffa6422512c2edd2c70c
1109186;0xa4d05f162692753f5447a0d0d1e7c9851407a265
195720;0xef62494f3b01f57fb30baf6f42ce92802342acb2
1116906;0xaf92d86e352dd32a9665f5ae5f7a6bdf6a5d69d7
543386;0xd443aae3565b30e0751c0c7a1e9ab9255a56a1b6
1086523;0x6fb98f7a96dfbd726389172f1876ec67ef3279c2
330121;0x4d4a8fde6de61b57df007ca170004a279b4d28ef
1134962;0xe8cfe31b6ffdb945a9a73a5b805b06e372ccedf6
714302;0x059a2b9d0966a6a8ac66e6609fd92f32a5f0d6ff
781791;0xf2f36fb21f11df863ade99331b120c711ccfe4dd
1104662;0xa93ded4c5ba5ebea2d3f65d5fe869764c3ec6554
540135;0x9812a4eac1f4ffc8c937bde43f4da3533f2d33ab
454345;0x2cf444c9b6bb21beb60f87c997fe491b2964b7c6
1091876;0xb5193b3da0a8b4f7e35f6fc2a7076af6f248aa54
618266;0x55dee03ca46f46139e48b9b2abe44d5323cefd60
6250;0x309428cc2f4cd773356b7d4788e522d71aea6f31
1047667;0x8bf6338cb0a693967c4cdcee24c40d0650c331c0
252023;0xab7f1d5d4407ee43f742fde5a5cdd01314a55718
623674;0x0bf124cea7d14c28da0c713f1d55866ddb51c574
1147109;0x7730bae08b9836a8a298e5d723338b4e575259ab
491834;0xc3701d90b6b7148bffbcd5e07d5aa49fc7ba838e
360528;0x279118ee8e726548e413ea410893b9e5da4e40ab
297485;0xf7d834dd54f8b54873fede5baeb29dac40d70f00
915444;0x7ff4078655c6667202c9b8f8497f7b80985b1346
1086124;0x0ed6fa5ad25b325f4b2af2d883a15429e3bb01c6
1312427;0xe22da34895c32cd6cc31644ecc40d7fb146b97ca
1065936;0x7cc447af25044e57213de869c1eb162a2d8779a2
1234331;0x363654c53b59447fd67ca0a6d9f50a52d188d41e
262683;0x58524df721decf383c824d7b8ffb9fd3b43e2eb1
234760;0x4215b30c7b9a01ab987eaaf3ddcd5759b919a9fe
1051221;0xc71513517797bebf7e9df3bb04b54e2c8e24c915
961082;0x6d4daa3bb1da1aa3ddb317e4651a95f1225218af
1097660;0x4c959693dc7efad50c6270f4942335a266d0126c
567887;0x691de3d72288714008109fc201393361ea638e77
784989;0x62c15b1fecd10fa3962e48ecd159fe1ac2eaa9ef
428145;0x77f43599a57340a87e0ae0e88beda22028f550e3
385571;0x327f572f5cd19dd04b01d312166fea999e6b9439
261927;0x5bcd9f34376cf960f89d5e4b01baf5c8a3ba05c0
1063219;0x3493a2af0e7378e041fa1e3216ec45d48d888947
1337637;0x0d017a4f7f0137e7c8577c7290dcdbea5ee05193
894214;0xd247869bc2579361f1c3fe8128021e3f5eb1b732
563484;0xf3bd34533d863ba389e01fbb763ac003abdafb58
520960;0xb8adb4f56f6bd91b22bc3a37d1f618fc08270864
1114833;0x7b7ea4035b5e221b1747c03e55dbfe2939f5dc79
1304071;0x9c09e71d2d6f0a533827793fa52fd9582c090503
537142;0x0554ff0b876a37771f4c13aacc713719e99f3dd1
194394;0x4a4b9dadee3a161200b898882bc27551f670ba1b
1043752;0x7eb0a815505273519ed29c0be19897766d30fa37
757843;0xba8b9f7d3d169a423f77b987fcc0db664a0d093f
479830;0x9d528541a309981617a006ec213d1f999e763773
973529;0x68159d64a6b158e12a136808c3e7535a7e4ef0ff
1074002;0x828875fe5e893eea6953d840385f27ab8c2bf203
685970;0xe94a01cb8fe901e09eb9d55d3556036139e9f281
714428;0x843e8c917c50c7f019f5e1b89e3fbea0c93d5ead
1075592;0xd5d8d20b7897e2266c83b70b1ffc5f4d26ca9f76
250966;0x0b6b498eec5d841685bef2eec62d1e04777c6c32
894215;0xb4a6d07596df1d3b1ed3c1e1981388aa2fe30ffa
533479;0x73e12af661e5a0d235ddfe90ce6729ccdd9556c7
1048186;0x7285fd1e94ad4223d09f46754242411ce92c99e9
1016004;0xa1c184b48a5a23839b8a6eb89c404907819f0175
1047361;0x357a8b60907b4e0f84efea5409767e2c29974d8c
1046052;0x98a77a6c567c257f5fd0785dbd774fff46d9f133
844109;0x443f21b2b3dc22e4cdd8b4464fd7d65bb5d5c3d8
769368;0xe91c9ecb8938a6d786892345127f392abc0e7c52
915496;0xd1f670d461d55be146e90b47648314990ea534b4
1068898;0x2e6408b403e7bbc92dfdf78cc67f0351245ee586
279297;0x09451557cde48cf40dbbdee7d6b87a6f038af222
1102796;0x43a41acc2872b504dd0eec91e5196663b6be6c45
867160;0x96529d41b7ba3b4129f3c1b9941a104c605006b4
949162;0x4e9e3a6da6997be2e16634012d264ecd2cb5e773
256544;0x801cb1e1c17c67d992c9b1b6d8138cdbc1225207
1035306;0x866b1389437ce6111599ff335e21b77c4f27ea30
851005;0x481ad9985826a209ede32acc4a61073fc26adb77
252599;0x3e4f5bec80b870047239d526093cba43d9cbd11b
1022246;0x8f22513695e3745d9d7bbbb6f3e3b4be18c300a1
353017;0x0a710fad6a676247174e53f92b9236d0a5f8c3c9
687558;0xcf1dac727912e7e4f30dce833de42a36773be49e
1044543;0x531607d91b91e68b4d5fe1730e2363500493f0a0
894241;0x48675fa4e562a2d8b59e549cf64f1bc96104bf89
1068069;0x4ccb7661f71e10098ced2a6de5e3c4a46556f4cc
553500;0xe35b26da0a93206b159f47481d5fd7a9cd8b7afd
555986;0x9eeb17caf072f7809704afd6abdf43a34da1caf5
1054263;0x0ab20c5d0c275a24cb8c7c3dfbd1b67ec777c091
434268;0x79349de35efb4d02b2f55cbe8a76266584399462
754050;0xb90babccd8d7856984eb401f65022db6681aff83
928087;0x8c2e0fbae139757a9dfd1c61492e2a2b005048cb
1027103;0xf470675ce3ac59be53eb28b5d08c613e33872329
533329;0xe1dcb3cd01168db52f29172388fb5a41a7c32288
1337502;0xa92c629e0c10688d8e29777e07150d5532173798
331686;0x7850c0eda66e3690f5b35ea3cc14274c30011cc0
1083322;0x4bf1551d9a2e15a25de9c1c9364a827d860d5bf3
712721;0xbc63b1f4a39ef39a5c8f51ecdc6f530691feaf36
1132890;0x3f95c32fb8359e28e42b1dcde01ee8f3e311796a
482299;0xdd9a5eac969ca30ad0d3ae9bfe8669b22fc02d43
824910;0xdbccf6e1bd8297f233e8f6e7173eaec27eb34892
217261;0x956fa79b6855a4660fcdce28cdf96c0042e6e2af
991625;0x041c0c357d9728ea919ee4b5291b64d461dbc024
976288;0x29f042c1c673c71a6d0d5c4f0a0f35f13d049859
427204;0x7274379c663237b488f8ea7e7a35029183a30363
286986;0x99d5dda6dc3c6737acc27142491c9c2f1795034e
602945;0x0cd281d63db3eb7d5babb77d975cc9298e2c2c39
558301;0xa905cb4fd22a3f812a0f5e0ed793492bf3f8baa4
1017137;0x758bf27171f20a8f2e40992d112a7ae1cb70a9d9
275814;0x8edc5a44bf6609b0707d6140a961eb2743f64fc1
514772;0xfeabef88d110e9f0d11f8b7d139f735df31b45ac
989820;0xcf67b8595346fbbf365612800cbfe9731306486e
564447;0x275ab0037e50bda1cda147e3ac9aeaefb3d21e85
514036;0xc271b873349d1676adcbcb625f4d263549be6adc
1084272;0xd95ebb9a39bc5caed049e87338f055ae00b9f334
444726;0x2fb32ba81fa202bdc6071f8fe34fefd3b4be599f
848271;0x7664f7b66400431b83ace282cbb7b605f838f151
543083;0xb932ee380efa161c03cfa70eac3f844b5eae7915
753863;0x6504accf71cf9c7969c175613f66c62bedfd1bfc
241841;0xe1ef4b676e17fffcf951d543dc91d6debf46f937
517498;0xde9dd6916390282148b466216bc680cba8482a43
1069338;0xdb3bffe8d4ee3001e837bbf01b270f84bdd9af3b
1230218;0x9c9cf67755beb6c94d383107527745c0e64be448
533404;0xfb3037c412ee6a27aa8d4345b4f38751416afe4f
789053;0x82487d11a3f343de0b63401c993739366803fef0
276190;0x88b45fbcf2e54e605210e0c5e752302fc1c91d0e
364429;0x4002b18f94f6f7cde8636f333dccd2f2d4d53cb0
1045474;0xbcc199e1c7ed4843dc08a8e1544d4d895c168898
775556;0x6fd565c8c65c91d64827d300a2e9fb999e81c793
408515;0x002301b7a1195d513b7a9b8dad0412e99b4fede6
456849;0x3b3eaa266a04c73f439aa1642f158073981bf026
630883;0xa703c38ef7733ccb1394f2e02df1470b94c5dd12
774765;0xcb79590e051fb49327cdeb587b2db8452757b858
482820;0x0eb827290bfae1594146425431f725801fe37700
1060498;0xf32c518f253375dff8fd2d40d37450824f48470f
498378;0x1870c7f66fbf737bdd676f513cf44d997d4854fc
1134999;0x32e56f500e78aae8d7df5e74a067791e47adcded
1085028;0xd362d39b7727809819f4163540122faff49a651f
815575;0x13acbc179002c1f5b7d3ebe0a8034531ede00a69
787862;0x575dc57642cd6d64373286ed0df2e32dea7d19e5
494099;0x52e0c3564a011dc22d747b11dde1d2257fcba463
1108238;0xc3628e38a8456714edb3ee54a37e80f88d900fa1
296767;0x8fca22792da31bd53aeb4147932727391f786ff2
872454;0x62895c0ffe6ea0d475b9571a76ec948b5afb4aa8
1354376;0xdf8e97f1769ca803f90e33d2e9b07436417578a8
789561;0xda419afb88da76710246bb4594699c0423bc2168
376360;0x9f895a52018e976046bcc02f5c2a0c4750e21491
1085040;0x710c2436c3367a18a7da1db98f8fd5a1476e1c3c
1012497;0x383d88b2e0ab03402e751225eb897b1a9d5a5cb2
1049293;0x3f0198857089a0badc8aeff87e74f47f6e6923df
257512;0xf000d4352ea7b1beb6f8c6c231b72fb1ffb16406
704196;0x40ae7d13bc2bb08158839aad52b2fab22ec957e4
974341;0xe5e24d03ececea691922b55adbe84bc742317378
742795;0xb9f75cb1b7ec69529190d973eb12d796236a0e90
826381;0x646b7bfc0f2f1bd81ad045446c7cba695770ca47
1085027;0x2c5b33a03d7dd93ab7b7adba483a336f4e010a43
371631;0xdb3c107a194a3d5112ee89204d36576ff88566b4
514102;0x218ec4cfb2eacd604e712fa9838155a6ab1ed68a
1066479;0xbedbd03f61705b43a15a18bdb996ca7e251e07bc
1008165;0x896d0bbd5d64c6f1421a6f5a0d4aea47c491e548
601309;0x12da9b2b6b3dc201774e153a2ff5d309ed9be4a1
1047720;0xd9dfec0717471afe86a457b4f420a5a75efaa880
1078180;0x6a7b6361255968aba6081bf49073e809edf57d05
394833;0x07a1cf2d741ce13b7a0d8c94cd8baf916c89e429
1086932;0x04ee847672af9266d88ec0456e13c8831bf75b57
571716;0x25ee624bd3af407564132227b0c2df97a6377796
689185;0x77c288a3d92af52902a8608c9b558f441d255c4e
506853;0x6ecd1de9edc6d840ac49b783b08915e761d6ce58
330888;0xa9055fd9394533cf5c93e5d4fda5f3b712144c33
434388;0xe30db1c12b250acd85c78ac5e40510c410abc902
1070951;0x96e0aed9d7b6bdbaff7cd7ff19123a54bef22add
1084380;0xaf5f7b4d71b203dc4daa51c16389907b185af600
353603;0x85aeed23e22ffe648f24d4c009ddd4e9e345a6ed
924497;0x4de747b60791fff89a2962cb277b27e03161a568
973431;0x13c1510179dfdaf0cc7a6fed6d3ef292bd9d24a9
788118;0x71b66cb0460e9baecdd9dfbbe9f7eedfc68a9577
579315;0xf495424dc3f59f7bc19fa8be7ea8d38b403e96b0
1084574;0xf3198523c512056d7299dd4288f6c20021dc7f07
1234897;0xcc8d8d4964722d128d679d17e96adc8bf0b4c445
1354382;0x01436eaab900b2bc26e449b1e831048e00f6ce7d
1078205;0x17f82e01aff3101dcf5103bc53ffaf7ca465d342
1306828;0x24d41da8af81912d78a424c633211835723f5c0d
789840;0x86265726175b3c3a06ee601be5d6a6c88434ef70
685203;0x40c048cc3cd16f32de8ecdfed779aab567deea4a
707602;0x65980c4c04b385422d92a5822d1ef6626d46c35b
982568;0x2af107b36e68b9b684a2e4540386cfb17691ea9c
1064363;0x3317084398712d90d6daa6845ce0c3fd1b1be515
1045895;0x23182b6683049f84674a86db6b745dc6a2217ec0
1032358;0xa77827d5e5590aeea275974194affa9b824d109c
302114;0x57bdb7a4c13d964f6bd474879ad881543b542a6b
395732;0xf992efe52f078beb72d942f3af84d24572aaf328
1085120;0xcfd16ab9b1441820adf0bb50fcf8a6d27383a8b1
1085195;0xeb613728593417db34b3780a9ebe7d451e12f002
270514;0x7aff98ff0799e96b053e60767ccffc0f1855735c
924491;0xa6ec7ad04cde97a784578eed83677531f0eee174
272629;0x882c4bd633b0036b88ab8bc184980c52f3cb5a28
469236;0x34dc6c1d0b6109b59f85e576080a7a2809311692
1078926;0xbc76b554d032862aca1769fce8b17a89feacef21
1306814;0x199e95824119084f8986393e52be99794bc7178d
1046826;0x67ac2e5fa005b27b0b19df117086602750b5010f
663988;0x5682aed75d9faef2d6e743b63a36789b4f2285cd
544485;0x0cb04ed203e0c7ff5a751aedc8dd5675a3da06ff
701226;0x810b9e3a0261f2e80d264b65a5ef310b24a8738b
1148799;0x2492b265b8b8d0d14f1f82e89e210b6dbc7ccacb
1010502;0x9234ef2b048dc418a59b765655ba5e5b0e9e389a
1073930;0x91072b2a6b7a9cef3168df586a694897c368f628
914962;0x52926ebb937ba44e8be9bb033b52935076fa3cde
1044194;0xd6a5b72b2c10da7de5f10709ea4218262cc0748b
408509;0x8b2393f81de6ad43588c9d8036a220ce67891bc6
531118;0x1acea8f14a2092d71fe1c4fd467be1c29ca52b59
1102953;0x394c941722eff0d593943adbe60f8001d0c75942
726631;0xd744f052f0090f28cd7ba9e572cfb661d03121a2
525599;0xbf99f3351850f9964c407f5bd66b9873f19611d4
1199815;0x07ff1590c6d515bbe6159a54caa0ff3d4f30d053
431440;0x633e2ceae5088b769e1a5f29888f0b39f436225a
1148914;0x781f15de3fe963dad53671703a6d2dd91bb0c518
16755;0x4d1fe422dbf77da09f793e44fc3daf6d3339e509
868721;0x4b81857291c374d2a230655d9bfa72c69f3c44fe
989821;0x69227a17952b0510e30ab6580baaaa34ad9ddf8a
508665;0x3e5eb90e695212cd0f4dc7ba61b12032c3a44ca2
242502;0xa052a8616ef86906a6aa0743c1273ef4c049db73
687556;0x65a660e1bb8d4396e2b7e98533b84025ac969888
300992;0xf1fec3778d3a1c4f941ae0bb483eed401a2245ab
291297;0xbaacdf602f4efa26931a3150df0e6836e10e3d79
1306859;0x0b7cded03e99533d2251a7230234eec678915ed0
333525;0x8479dc4cdb97c737022b9cbb6adca487e87bef83
1306880;0xff05f9f86b63d8f3eecf29e182761fff48817e22
769574;0x3502edc23c5be1d4efae92cb586d456d5942f477
1142600;0x86f646fbe3b4ad9ccdf47f3026611fb1a266aa9b
513473;0x0aa68018b98ec59023f6b18ed54353af5805cedf
500162;0x575d8446b5d5477989200df1a754177cc7c22e9b
856543;0xf9530f9746e2fde2fa604deba1572502bbf1c894
1047411;0x633671b874a3151b0623a290de50a694fb89da34
740158;0x47dc49a1d4f03d7929dc4991dc8337f17c283165
753947;0x936c6da2d68744250e59125b18d95a1272f49475
696733;0x09c656041af78435940a3fd0aadc54796432777e
608374;0x8e1f2c05654cebeb3319d7636bf655050b57e8a7
386613;0xec7b761e6ab66ea66fdd1c8fddb74054ac9c0ccb
610245;0xc86ac712e0a90bea87e611e52c37ffd261560980
1047150;0x1d3c61e4b40cff8ae7d6c8629c40a6aa53516f90
429973;0xadbd1712d5c6e2a4d7e08f50a9586d3c054e30c8
308219;0x174276eb21835f0fcf8a5308c680352da8d46781
404029;0xb833b1b0ef7f2b2183076868c18cf9a20661ac7e
1201341;0x5411ded1c983608da3813a59625e386836559cfb
610093;0xf9129da1060365c759a3768c9cb09f2b9f444689
732949;0xde7de756cb5c1f5577652866935f5c1294794f7c
1107818;0xe78b32f7f633dea52d5e0fc48828846a5b222e0b
1021179;0x7f892e92186772f4f22eb166e2df5ec6b6f5ae9f
610246;0x0c487e5375f23bb0124c6654acd840b2bccb081d
1306874;0x454c0ee51cad248fa4d61bb946433cf6b59e94d0
855857;0xd6a4cd8886b8256a7f2c3fa26b4c0e2c6c79604f
212411;0xa003bf68295d0fed6c4083206091b5bb93d9aff6
664618;0x11cb997b7cd89d87279736adee3ed489f1ae33f0
854689;0xfd3bd1aed3e41cf4c708c801a0ed703f35067c24
661325;0x188abdc27c8b1c74651bb895893147762bb5a605
306276;0x6e990d1a6c5e4d98887e897ef2f68ee8b8026748
1100616;0x2a366db2b3ee4acf4d79670e7484f7951acdf8dd
929622;0x6fd616ff48a7af40bdf543855b79cf991226e07f
445100;0xae84b05066ef3c9532d6d80bcf309d9c75be3fd7
1046837;0xb27f07141597cfa76e196f3c25f4ba875b933e9f
1004269;0xb8a4ccf0983189c4e0c0091815f14af1cef758f2
321417;0xc3f4eea0faf0c5f92edf7acfd0c92a4e6b5b3241
715610;0xeeecb00e111bb9707f2236f07b9aa20047107449
757898;0x19ccf50bd4ddd485dd095189b90d9a8c5fe0a0a4
614072;0x96a90ed5109e9afcc39b9d7e32b578e45af74c7c
453089;0x1f29f82f7a6626f5abfb7a70697802608b883fa6
900649;0x300ab2d7b8d3c0826651a8ba871a3685d71f3995
258080;0x939d71c1a60af095a7862f141df72faef3fe0caa
903905;0x667416da3228d5eed706ba156e1db1e73bc8b097
1233304;0xa25b34adb2ee2ce5151607a7268f4901405aeb17
1097180;0x5529ef290b46b0dd450ac3a49108959a5c87eb6f
1102366;0x190aa4cbb201a6cab71fa406f8b5b66a60c28a2d
277195;0x93d48405983236c733c8bd417871d09bfbbfd97d
910863;0xb87344f07615c7c852039e65eb55523b70fb5d52
253488;0xf308aefbe6e492c43275035503edaf6d58fc80fb
635964;0x730a7f1b0bce4f42e66f07b94b64a09058d1d859
1046536;0x63095cf3f13513cd2ec7926274593cc4eafbb016
440916;0x7b4939f6d99d32e9da74233edbfb63973cf23d0c
325385;0xd6e6b15b5aa9fd6396a42e12c8e20ac9b3019a17
1047337;0x5ce0a82403172dc885b6bf3290300af8ddf5e119
265214;0x5db2a667c102c589a70e1b01eff8b37b16714b86
1047712;0xfd44c69ba8c14e2486319cbc2f5ae48b896dafa9
854286;0xc0c3179f40ba83e65d77f31b07be000ff47f63ae
1074438;0xdc1ce7e772c68ae94c88d293e64ed4cbddb5348d
1044381;0x18f29c88dcf6b086c69c7c79fb1b6f6febbe0231
1049094;0xa71d19791f497c3479941c56e42d78ee73a995e5
480721;0xcc3e5be3cd011da67b4fb540707eb0bdd344fe23
379785;0xe41654ec54daf325e4bd0a824a6cdcb2be69b3ef
598083;0x5bc39a6c88c1c3b4e5f0165cebb44e8e5e452d8f
1051900;0x4e30bcb75310e375a62864aec69c28d2503cba0d
1046765;0x7a61c2bff598ab2ce7a1c0737e71e4b22a1b917a
244119;0x45c008fb83c3ed16cc8ef59c85a988815f17311d
1059765;0xacf52f06186e20542724c6aece2696f7d8e69a4a
376235;0x80eca1e59ec6890027e8474579bb23059097c543
573822;0x727f53a9459d0c09259efada98d59672f65b6331
1106237;0xb7279c2d23a32c5674be2562ad9ddf26a586c29a
555340;0x8acffa55ac6490ac62f32b22f9a9db7232c2d38a
558909;0xddec2ff39b6477b2bce4e99f5eea7bde498c35fd
350139;0x2e5e9c6358c201c4546b971c2b41882585e270df
191815;0x6ac08ec2e6a61993222fa49bf8c31533a9651760
252010;0xe210ad9da23ae25fddf127be2b2b48f74dc76721
987191;0xbd13b12f103ca1e3ea594caa30ef0e9593f6b750
674169;0xbc848e8865150ae7934ee42c2f6841081e89107a
1139449;0xebe4f644702f1d8fe71db18c371def988987b3ea
873522;0x8f7ea56d33cb858d356fdac5e4542725ebea1546
874088;0x0b880ad2035bf39a0677a2628e0d0552636377c6
664256;0xdb68c9e541df2e6ac481c1c72fe25a94f0075350
1023807;0x953439f2c236176ec51873af51f853beb26fb8eb
687559;0xdd98170ad521c966b2be5bffdaebd3f9b23ba798
433343;0xb4c378fed1343aa4a71fb7aae22b8ac6953de30c
818736;0x4f916ed477dfee3acd816b584be4da309195808e
537148;0x281d7906474552224849e246e030722777f40cc7
671293;0x5636e054e68ad50f2872038209d52416ef0b6a07
756597;0x79da4d849e849b2b8bed34896f270f61884d6544
537153;0x490e845de9df8d3f122f6065784057ba43344a23
486873;0x3f34a4b1b24a7800ff9bfbc50d1feacdc4ea36b6
680358;0xe4c96a149a0e4627b4612e9c4a1ad466a736dacf
1027167;0x47aa94839e45e714f074ef56b363c26d4f5295fb
819339;0xa398a31f5b5c6ebcefcefa1bca1a49194bc223f5
524123;0xc842575acd573015c982421bd0b6607d498eecfe
1113944;0x669869809064ecee728efe7da4ed2a8b1c1642c0
926377;0x67e180d20108a817aca7ec037f232512894628af
537157;0xf74d8677d240eda3652eb44d33ea589155c47ce2
1045210;0x816e3c83806c33ea981e91579c93c93ea1975c1c
541589;0x31a2860d6c8774be975a41e5c92d5755f0be73c8
663969;0x077337354dc1c9421dac00556cc4f03badcf85cd
1004489;0x14a895305dad240cea46a05b46cc7cfb487f9f1f
868801;0xaf4a4f42f9ebe91ff307ad18902e73c6d72f5b74
333468;0xba3f637c34213916b59018ae67fe01ce3316a3bc
1048210;0xaf56dd0a6cd5fe539d79797112d66c7c53d3b16c
560316;0xd5a7212dcbb4c34a06efe0ba3a89423cd01c603e
537167;0xdca26f2240db564bddd2c103c13613e66f612ab4
947894;0xd3ab8a2a35c6601d37c507b4dfb35ac53a39609f
314380;0x6e5db8dc6618d764aa95cebb167c3ea009412bc0
1081623;0xf979d6920de13242482d9b82cc8a9c494ed6172f
1107341;0x0a4c865c5cd22066c7b0099827fa8d0eedc9ac9a
737609;0x609a4043cee3a89a12fbbb2ed6868a424aaeaeb5
1320826;0xc0299185895ceb037dcf97a825dd3c22efa7fa3d
485511;0x8ce82c20c299b0f0c2c50d006dc57488915e3f4b
373775;0x9c2f8d4d7fa964f68e83f6c9e65584237c6437aa
1027105;0xcd082358d6d1f5e3526131f0aeedfedc370e2553
241259;0x5743204a3f5c2ad991254dd844ec8889a310e998
1228730;0x9681566bc68038f239178a395e91237b13053be0
1022141;0x70b930dbc8e972c46a43eea1419a2fdc2ae60096
301336;0xcc55ac70dc958ceba6f434a402750f74cbf2eb84
305405;0xe6985dc67d8537fe3790eca047fbc24570d333ff
1102293;0x3c55abc83ea73e2763643f9463faeb9e329f8080
537173;0x9912f53cae3c30d83bf405989093943b62460b05
824275;0x0a7a2d19b8dda42ffdd0e2fd0841ad34c54b8364
408061;0x3bc87dfa1adc75a401ad98e7683f53f0a0b52daf
732515;0x0fcf2e27b9395a5a9953ef45243aa65f91237c38
268973;0x7db3728c175fac6af9a69134477b4b7e6a74be6c
1080986;0x23e41decfd8a43c51fa9f5dd986a1110e6969227
872072;0x47a9ff6cea8ae3c13109a9fe908f41fbd350782b
1096948;0x668b2a1cad0630c04b621335db8139c291ddc1ed
1130206;0x95f165f049d20d98cf685c00190c56f4051fb6cb
1245;0x00030f4b6e66c1e83d36d35be888534dad275bd0
323383;0x48c8a5158f17fc07d924f5ad79debf742637c672
753130;0x7fbca766eaa26035abfce2d0393c1ebe1c026799
691849;0x99fa21c808ebc80103c2227b1d328c5b0714dd34
487441;0xc606b7254b07d8318cabaa05dd200a74ce1568b8
1084910;0x8ed501bcb661aa11fde0356c2b2a9c8a233e1230
1159836;0x664cb26a4965e322e98516cd2fd2cff610c3366f
391066;0xec630a0221f07f4a5ac88af3ce41eb3fb52b5b29
1136845;0x92a72b9799cf0e9f071769797041e019dd48a3bd
1165955;0x7dafaea2a8775b07cba240b4231a9fca174cb9ba
220856;0xc933d1d9c16a07a4bd21e216f8251a547a3eb952
1058436;0x5c068edb6b2e00951c312a990259203f7a37f96e
1230237;0xf293fea9e9334b5002ff3d8cf33ec30d168a9b7b
701575;0xa993177ba8a196bf57e63c89c2dfe3d01a49dfe9
816612;0xcb2a43707b49f1645412e43629f5cd223b10436e
259606;0x67817b128ed467eafc744490d39fc8c4f7378a2d
1097694;0xa6a02a8b44ed7372a4adffd351c7b2814e9b81f4
1159863;0xb5ff9ef711b96ae1ef0748d29be6fba793075cef
822634;0x92a8f1fe99d30b11d602e3f8a8078d125a158f7e
445725;0xad259a989cac3e13e2b87a4dcd5510d875f737e7
573768;0x34833f6f8d0414b4d4db26b4de04f758924aafea
929797;0x0a101e4b6abe8d7472769df30438c69fdf1316bc
1135152;0xdb99e6f8135c8bc11140fcb0e66935992655a2cd
329951;0x5a6ccb748abb76685628096a134dc9ca8cc3e208
1049729;0x1fabbcc7f98a72fb7c3989672a0277b2fec19f4c
319160;0xff3b0adb35b5f1ce1d88776e9315a50631d9b78b
872711;0x42a9adb8b3e53bac0e39cf2a374d0b447ddcdd11
1111443;0x6d3b020f8b6cf2a519c2ce303197d15b704f4c9a
519682;0x6fc804a5dcc02f84fb9cd4291ef80d93485c2958
850575;0x3f41274816e430e316a79865be6b4230101f2285
19349;0x203ace3c1622d0384b1e7a6f8fc2c6079d67f24a
1070032;0x0b30f1f0d3dca72137b24dfa3d692b80256dfdd0
872709;0xc3c77919376f731b4fa2170bfc59f95799043567
1271340;0x26b86c0c24b87f6df9919f13ce4a411de28701ed
798269;0x882415bc997eca851758a96c272a31e56487d0ff
235935;0x904179bd0b2e7919f263ed7e17a02079703d450d
1033719;0x7c35533ffe681a1c2e621ea185448824b6a50e3d
338906;0xa334f275e2db924b9c2dab3e6df4199cb35d1358
1081466;0x00dd4286573e51de5f14fe8ba8971618dfbf0bcc
412953;0x7b6d822655968ab28fbad50adc3af97c0ba84439
230869;0x6959b78dbd446e84d111c33ee4847bbc0748ecc8
1133484;0xc7c541744d61e1a4fabecf577880e0fbf1e6dad4
1007637;0x8744d22532c4a34605e30282a7c3ca095ac39830
301983;0x3a1145f2195e634646e5d023671fad3db7a043da
788754;0x7b88fb08e2c81465f96d320d1ebff58715d25bb2
291803;0x0e84d6328b955aa5edb061a0e9aa0d43ab459802
820357;0x3652e3ee5af26ec38314ea933d587a51854a40f7
755803;0x597404b1f51cebb9a32f25de35375c002ac1b965
626719;0xa0f9c5daa6519284e9af34f76268b0efa9c70601
377232;0x1c26b248d3e6ed38478e5006e7a82eafad9d085a
591357;0xb35973ad421f20bb45d4151fae01c46a65d27db1
894829;0x8dd923490a9ed29ada52ea01f5516f530e0e81f8
709980;0x4d5bf333298359fb7236cac60dc733647eb7fe67
1319831;0x3b882f07256e1585c4e2921e28d03c8efd06f9ec
843769;0x55ffc2f2c37fb445196ac8a9ddbe398400d5c425
854402;0xfeadda323c8253f6578db5613ae69f1a0fbc29e6
633485;0xa695bcb9b4d75726015bdc81e553219c8aea55fd
1318553;0xaa5e828fc39247b3c1921cb20028db29b5ae2939
727156;0x229c75c2e02f06f079e37fc78a4f96771075a306
429226;0xff81b6e6599ecd876f6fcf4eadda990153fffcf4
524858;0x838e6a5670ab164f093a7d246e64ab2df1c75fd0
279974;0xe569f3a4a23a90cbbd6566fefb54a8f0e4d4de5d
872744;0x5793b8b5ccf121b94eba483d29b85e6a8e31b9de
591578;0x10f3ed82210c18be985d76f2e1ad9c8c96b1b15c
932182;0xb5cd4c5bbe44a45f5fbc6aa6fcf0575226b0fb92
421041;0xc0509a3ce4225410c94029c3834e493b9d7e89f2
687084;0x0cd04411d889cd324a11fd09d5462697d5e245e3
592213;0x34c704c4fe77c096afbc9770ce5e6dc7e3a862b4
1159911;0x07020155862eaea4b3282eeb1b9bfa03a65db0fe
1097707;0x26cf9a358d43bccac34be6f0a4a5d1bd0cbfc44f
754059;0x361a85e5063890edaf8ffcabece07d380147e57a
591359;0xaec8aecb9ca708854cf52df9d2fffa1eb31e3fcf
526891;0x9e24549b48788190e44138db3b1043cc2f089cab
707047;0x535481e27be792edd856b284eb0d2043c41ea411
444845;0xf1a1c16f93797fd02068255e26c5a36c55d94b74
760262;0x0fe4dd004d6238a46d5cf35b17844c92433a00d8
989822;0x14926e549d2517fd340d9973b79be564294fee8c
22472;0xe09e069702d9d391f2c546585cb70d1641d05355
872747;0x3e1dcd69fab70a77326f70f88b0904e2a9c15a75
1107640;0xd15cfb3155188e8368152dce7ddfcea233dfddeb
190795;0x29e1a61fccd40408f489336993e798d14d57d77f
722203;0x1d48ba2f436b8f507ac17a572797dba6c6679994
803842;0x52000d1cf0e06e0cdf425bbe457570be535f4d55
1258372;0x0f71e86a0dc92c3333e2027c5cd3b0a9fc27c824
23788;0x74fd3c82cd4289c68601414d7b43d40a69086ddc
1045285;0xb88b16c075d6a372684d091f6fdc1201d7c59164
549963;0x11da5e6d74e4b27e61d6abc2fa885c6aa2fc3f06
854382;0x55736546d959403061177f40c327c9c817cac8f9
775506;0x8d7d590e73ca494a9a9979b58a718b11f48be81c
341510;0x92dd489f8290d7ed70df68a9bef7e3b5658c421a
926661;0x30a12f03d893c500aa57f461eeb580657dcd05bc
979646;0xbf5fdbcf5f4e8ab8def74567d4b10fa6f5e28a9e
514403;0xe3a008eb97a8e504216c016914023dc550a87456
797211;0xad5d58c28d88ed76ddc8272e58126e4ed7c6b28d
1146439;0x29af327c31b1676652f3d971b5ada010ea020435
949679;0x3faf67e5acc42026dd56f15a70a87e704b277d02
872748;0x1ba1b3b8e08adc4272273f7c1a325dec99d9a55a
860637;0x14f759586c638c5d1faf88543d4e667d8aeb119f
613203;0x5f213f11be81d49064d7b2954e412527bcde854d
711595;0x00e42b98ddd9e32bd4c67800eceaa7ce97fc0699
1193993;0xf41d16c44eabb7d113bc70dd6d1b7ceee8ff36fc
274733;0x0b0a02d6d1ad09cc330de5df3bb3e5e03848d342
682649;0xabd25df0f53acbf51e8f9870295960f15c73ced3
564105;0xb0bcfdedac096f5d793c74fe0b80ca8c00aef22f
337090;0xdaca971ce8f68736bc37d35d0efd2aba3ae309bb
1126791;0x52b5e15872495ca6b7ee4af39a155f2be06e99e2
981362;0xa7dc1a4eb0fc5962e4c304583d96f7518e7e147e
590824;0x0fd7badfa7c7ed30d06a2db4be0a7d11c1d1e9fb
7242;0xae15c584bb3839ad1743e765133d6970c64e6394
537183;0x84dd209fa655df25afeffc1d4c1e86a1d729fc14
1047714;0x517885e478b5a3856d7b58c7ef69c2de4eb6441f
537189;0x5ee5ea35c33fa7d94efe002b065ff59ed8487dc1
591015;0xa1aecce28d054ddf0ae51846423c9f65d808c74c
236543;0x551ca0f4505e78978923f6ab8dd22ba48478f217
1118901;0x7d69ac6a2e04c53523fcd9e702654dc77c094a8f
285807;0x382aad35a4849aadb73edf60d841bb8c36a2e979
327261;0x71c3d4faa11476c5de458d60f184fc33f8438b35
265137;0x8609e3a587fdebecad1c46d4b1d766f8cbeca74f
687555;0xbf3d140fb7676b199a05afb2e9d4d914cee67268
1039131;0x9fec77470f1a0b090f7643b96025bc6bc3cf5b7e
889314;0xdf4267fb400b8b42bb064409a1f5fdf3d2b8b532
1084512;0x297610cf00c84045e3cb72ac79c9deb8be5c04eb
1084511;0x18b03c7ee07bfc88d2cb3a74493481eaedba2d23
1084516;0xc3553cb20d8b04a9cd3d02e541e130a2beaf401a
1084513;0x6cd6dbb5f3691b719ba28430ce478fef0711e262
434226;0x01c4fa9dd9a6a7d5b4fd87fbca137bb8a77e6c72
1084515;0x85f300e80a5db13ed47dcf5686385744ea866ac2
19218;0x133bb0332c9337c57175f62d0eaaf0e6497a3c08
1113432;0x01768a8593bf868ae05bbf1bc4112e4bb2853666
398893;0x7dbec5ef8237ede1a58380102685608e43f6f713
701491;0x0150e40eef6e2634c8ed6369ed6c82927f9a7a5a
1084517;0xa2a2892582c7f179d4c53ed0ab1e4ce543802647
1084518;0xe00510627e23daa17972529ed550f0f17289c7c7
1042412;0x1ceb8390fc86eb3e0ce3c5d3f18cc59e938a4354
1084514;0xe3b0441e448da01e0aef21a2fc100e96ddc58d71
813520;0x5698008d0b357a9f20086f5ab5717d15488799d3
1059897;0xcf0d893e330a973a08f6582e0b2933ee45b57189
524203;0x69498d076dcb8f0e8d00e4ebe030800cbf414b1a
683025;0x3f38db24e66c590cbf295b3052d343c43edec60f
789600;0xbc1630a0d41b4843a676c0dd26dc83687f8ba48e
342179;0xe671f7a4f3d5b855c1e1874de4df75bc337fb751
1089936;0xd2f3bfa318e7b30c81f9422bc10588c1809beaa7
1141582;0x3c59eb2ba28bf9fc4634e57f959d06f4a2f843c1
854885;0x0f334e99bc081eb4371cade4563064334d9481e5
441490;0x37ca098229b0122af089c1950b380ede095c162d
1328806;0x01df46e99d56c8b794360059555e15fe5d2242f6
593929;0xb4a685f72371203a08eedac1eb193de99c9e4396
1141028;0x97e0a68309ba5121d7e26e1c7e5a803ede451fdb
1319766;0x798ab00356c51a108b58605241df9286fc6b884c
916110;0xd668e380fb152831819f80307396182451cab8b8
988786;0xa8f3018679bad75172b5f1d9d49c6e5011274c48
5406;0xa7f49efdc904e8906817afbec3e2ae73e2a4e113
1120332;0x490e56c3cace7b4cf33b5d7176ec53c768d9cf03
506540;0x4f0c3c3f0eed04a25e872ba20d31fca006d2609a
245922;0xcb5c9ce5cbc8b42853642a8a3bca81de01c50591
315983;0x4718ca8ffd14b4c4a051e5ee22711c7a18d2db79
14251;0x2994333298140b8da627c08438f220247e25878d
244363;0x20092e2d05af1744f7c34c0a751761628d0a6a44
1046834;0xdd1616751d48abe6362b89aafd47bf53149b635b
1204920;0x022f50a9c9cdb89b6c6a11ca9e7b0b3513d03bc6
1034712;0x29b89f2bcb69e90160a90bbc165b411fc5124021
758290;0x3ee1ae5460ec8608e3573f244dd84ab2fd15a866
758048;0xf1dcf89871847c8266b90f69c6fbab5e4bf4c0cb
345047;0xdf4a612ebc3a4135d55b576bbb6b78543c8be261
586309;0xc268177f33ed54a7d434df95a8f93fc9bf31adaa
1055378;0xb9c442c77a1f5be5a9b9b5781aa5efeeb05a3bc9
1106828;0x7dc820fd0b572f79444a1482810e908f37f990e4
858488;0x4dd4eb62fb32144e90639e2a7e6c1720fcad3113
666181;0xac5a154e209a6ef7aa5dc904f9c5eb313da2a8ec
518695;0x254674ec7f5d4830a2949297de5a65e4dec39507
278197;0xf0428e00b1e62373fb9adb07385885434ce10b37
882974;0xee6a5ab738b1cb7a3f9da2efc4291c1c791f472c
936497;0xcc23c05a7aef57f316e46eb5c6d6f5df396e03c3
303662;0xc953160fe6c1f3c946cf84981843e3d633e57612
1013665;0x922cb1089984e92f7dc929dd1e94093b9d58d4da
17294;0x8f2f93559b5f11a52914736d270fe400f7df033c
728702;0xffc7190940ce61b88670bda4f184ee6fac3c0fde
545502;0xdb3ac254bc6d1c3d0246ba661bf1d54d664f2252
722226;0x9a6e322fb38141586415f2b2c1400155fda43606
344326;0xf8f86b7033cdeece6f3f3049a25098523679494c
1146394;0x532980ad94b8be6d1a542cfc5ae1c0738a5c450e
994211;0x6daabd698fc11b35e148fa4c0e4f95ab60d8a040
757197;0x0ec3e5452a8dbe59df25ca86ece5306fca721fb9
488760;0x5668c04f322cd2b2975cce0957e68b75234b6ac2
1085569;0x029b36bf0a1797d42d3c6a25af7444c778804249
1103791;0x4a8e12192a4be3cf2d79fbd801c1a271d07b883d
190534;0xba1f1932d33ed4bb953c85a6a7eb71977ecc4a9b
1050913;0xc53ca23176e32d3a2bf033b80501cb47dc41c559
529776;0xc23452934ddd67c8d1b721a53312cfd226311f5a
1354388;0x63e90b3cef0f5c6adae46f09e65ab88c563d142d
972284;0x63992c88d59ed5bb1e9d0a46da031a2162e3c702
1200169;0x0475b0523d9fcbc831638f9056021f3318638b82
824724;0xbc7ca4dc8ad8cb78a7a68d95b596490fd96be00f
589382;0xe86882bb764ca2e72a7af016fbe462b6d6507e99
1190586;0xec3d846ce8d0a0b229ee866891fc3780a06c4600
918927;0xda4766df74196f6d339d9d90f3c7f5b8dc4f9ae9
2434;0x61add89e3616289978ac0bf2791cad77052a113e
1086025;0xa48ef5598e35387beace1ab3c6d36f5f34607f1e
338756;0x58b07e2922ae1d267c667aaab7c68adde7212ed9
1117453;0xe51954d217807e6f9105cf1efa0b4de05c543307
687562;0xa7d45ac527ca3b3ca32648a95af6b970bc001ac8
266442;0x01a4367f57728483dc703e711ed3ccbfb40462d2
536923;0x92860d4461387716118132bb6fb94615cbcb535a
1024042;0xf7e73654d96631ed2fbf14fec1644c855043b5a0
1047711;0x231aab9f857343af7e143184ebb5b68c1ee696b7
549820;0x444ab3f96c2fff76d4175f286024541b7658a06f
1024967;0xf6e2e4f7e7c1edd8d564b3f965d5befda6a65b38
1201912;0x3bee6e1f86df9ec3e2252cc9c027dafe5d9e0847
1303636;0x827be809de40d0a55db4f7457927ea7e04a03c49
399867;0x1ceac3742df847ad64da9e681326d6c15bbd1d31
263820;0x5d46c6599e0f3661edf64e1f469bbb9086dd1ae0
989852;0xf9dfe21fedd2ea46d176ef74dbf5e9edf71dcc1e
762752;0xc1ab9e55894c8dcb227745416ca8b48f8ff5212a
552908;0x495b54672ec8034d7babd5dadf0f3f9a8fea99de
929919;0xab59a8a1bce14c0bb5d40f2cc191d7f7cf309b9c
290113;0x4b7b53a1dacd07d351a49aa0fee1e504308c522d
936496;0xb4dd8a507a2021e2e86e386697a4528c0767ded4
1202091;0x38ae674a2276e73a2d43f1959cad8613fb9a3bf7
1000215;0x1cbde0af2628fc809a737d08ac028df04bb03410
1128552;0x70fb2a5fc17540d7ae62ed58c915db966b6555dc
408410;0x9c5904b135d7fa272d670f84a7fada087a996889
1276128;0x49320bfd4727463adf75f1ee4f9fa0c291204f08
1172357;0xd45b42b2c04a845036110eb94343542423d2214c
859230;0x0e9a059d658f910797d0018045e1ab9a926257ba
854933;0xbfa38ce2c9683c671ffc96dc0f3337f44e213753
941591;0xfdf13ce82e42045fa8df8c25d01842cbb3f27ec6
389620;0xb4b9e63c02b0e0972f8bc44e7b5f4853c50a462a
936494;0x05a808042beb07f05cb5c4ca815e57a26ed37de2
8408;0xcdd1ef7b221eeef2c5f13bfe1d0b3173af719839
1105413;0x2523f322b53ea01e7f698f9b55f0507ae52e7928
263850;0x427852a1136ad2b70af33bf4072f98066bf4e437
936543;0xe35649677f70b7494b7e4857bb5efc96a3a32788
14850;0xf016fe00dedc4e4c4060203c4f3feaaa653fffce
266922;0x4d154c5b9ae211e0807e5858ee089cc88d54cd23
336983;0xac11f5e56719a4b28c09472e866ffb7d0a4bfe0e
974873;0x6d1f2e134713a320465e1b37db87903537cf9ee5
729739;0xa7b833acb3a367259cdb7673b9dec2ef32a257a8
278287;0x15f2272d07c908316c7110fa9389ca89855515b5
1048094;0x05847272e01f52978dc0164eabf9e3f8a59c603f
655986;0x4f425e434783843d84d74d5985427e3779e53a2f
447602;0x361de2118946f2daa3cafcfe12012caa0d520c27
544370;0xaf6ece023621e7eb96662147446e5d3d9ac5d2f3
227879;0x49a64ea71d22edfabbd0ccdcdd3014c720a015f0
12262;0x91d41d7fbf716b3574339c3c8a45a7d129284d7b
619616;0xe651caf98aabb211dd9fc4e0d971a6a1cbd6e270
983982;0xecf4efeb4bee9473dab11ee1339131ec8475bf30
929639;0x1261f50da83f4fa5ab0fdc84385eedad17bf0e00
1104196;0x9fecf2b19944a221a777c2bdec5dad2690fd31e0
517172;0x1fb149290eb55b462c86d9345395599c9bafc393
196776;0x691dd72b5d42b20c8358f47ec2a19a4972b9d13f
965312;0xbe90b0af87f7669fe8a58a62cef3ec38df396b13
1087204;0x4280967ac314e20e53dfbd7614852cf8fe7da4a4
897242;0xb05db02b095f5dd96128c0fcc8d4f6090bfb0a88
775487;0xd2d290a8d125505bd2dfac867e42cf1b0ddaed02
936545;0x9f0b4e7a788d57d88d8f4de6dd995417d277a0e0
832152;0x7a2e0a37ae04c476b5f2aab3f3c301c282bcd707
285637;0x6cc7d092a1a098e8cd8a633790edfebb57bcf9c4
17549;0xf91daf80d23b825c18e9a9a8c72105e4e24f211e
264730;0x6f93d0d2be7a7e7d58769ce8ba50203bd1474046
1115946;0x010af6b63068e96152f7471520762ee1ddb680a5
544545;0x483d1dbd2846fe8db1aff3ebb09623c696a41736
407049;0x5f5f7e7595b154bc819cc6f8dce90e7fc60cfc93
263871;0x69755c5e2b18285ab4048fbfc6e68fc76ccd3927
1078194;0xd7f8f287b814d960dcc3f391421e84a598934ecc
218619;0x507edb05a1c289d9880b84b90a7dd755ee00fe3d
310434;0x094cef6c207096c77340cf84bb388ed252f3ac20
936542;0x8482f991a50cc84c6510f225d726cf9de30058db
817898;0xfc49b89344c57761b603a850a3efa3e035c7f8fa
843760;0x5034ad072f1262f79d2f5964a3c9ad57ce08ddff
417777;0xa629738ba2a95783b177764116a511de752dda43
10665;0x0b0e9700c258b78b68200392790e7323605f4880
1062272;0xe9be25f6286c7c0b65eba06e52ac507a293c4dfc
454414;0x2488256fbf652851aafc18c27a54655c3e47ee2a
926479;0x837a1a1426448b137ce39e1f2986ee0ba4fcd393
1141605;0xe9e4f3dc324ce393e09cc2a99647d50c4cbb31aa
705140;0x64392ebb6a4c6af62deef214774fd689ffc603f0
1045741;0x189944acf134c6e158a2201d1b9a63eb94ea3e4a
1017575;0x95b02b5ef2f19cbb03a65dede06d8b5fbf5d8f38
1047686;0xb8f34a79adb5bbf8a246a6cb7357f0fc19b0d372
806146;0x62459f7121cd2ea632b038ab63abec03f7aa0451
507883;0xdfe6de1c316703befddd6157bda27e267392284d
297066;0x172a77d409c0aa422ee88514181765372c1eb8f1
647960;0x0b47d6af8a146b4cb939437e762b5f6b1a770cd0
983721;0x779224c1556a84260067f55ee8c61285db949eb6
784388;0xed988c9614afdccfd4d0e71db81b32469fc28eb8
881818;0x5eca32fc5e5bdb3558252abe02fd55b57f5fa033
1060849;0x2964311f17dd4300fd9e72913518cc3394854f28
939913;0xb11c435bb94b6d763ff6ca3365e002e4ce1482ba
1352543;0xbdf5257ae762825048f1a609e299b72209369127
873618;0x3edc9f1157ea7896b3fb697aa6e2e1a9c9d6b20b
690090;0x537347a467f441f3742de98ef11dac0be7c01cd8
591355;0x21a8d52754cfa17c6e251471035f781a2cdd565f
509892;0x1dd2a10883df567077d45fe132929c38a561a487
797859;0xebb6466d179bed52b00a1d186a7c26b35a635d5e
886342;0x4931584a715dada118357777a91382c0bde28df0
1084330;0xeb893ae39826ac720ab3c3a4db90b7960cef1291
527508;0xe8a4823e0978d3a71ad94e726afc0a49a012d271
264820;0x808c9cb38da2536165f2931b84855e7db6164ee2
965372;0x1ac70c384e3c6cab08fffe52dd6796845feb91ac
428017;0xda9108c91a3854863e25ba7e61c9e1c436bcda84
500762;0x5bf54163c77cc19ad3cccd8b06492300e118cc44
796351;0x75bd795118de06887780eaa32c96cbdf189ae957
503199;0x63339628d929eeb67fe8afe62440310317b1cb7f
460795;0xc46fb44a4913b751cc5d198ecf7d1fddead8521a
628994;0xef9a7e0a64fc96e75273acbf5e499d0ed1277749
821588;0x3d56b8648076015199957273e412b1d4a1f88a63
428725;0xb2a00e523d8a3db825ea7e112039f6d3273dbb1a
888502;0xe399fbaf1c943ae8c1d2da2065ede651da14efe3
826990;0x85672cdf1253ff17e00ca1bd867a548d5811565e
240528;0x6e3b716358b38d5a26e566e3a8d04360260240d0
532597;0x38239d78a03e0dc0adeeb40d73279183175d4440
311446;0xf49132a0ca3d0bc94d844e1f07c398b0dc5e5b44
708;0x076c4acd3e85b0d6b6b732f1dc58c29e2bc4af45
560372;0xe5b6cc24331882cec95fb2ea983060408527e7a2
1033623;0x48a8ab26916860324c2eb1ce757740faf683cd50
883619;0x4b8afd45687571e211500dc4ce39c1391d693da5
301325;0xa2a20e5539c184a51e49bd2847af062e3ed69b9e
691905;0xa60eac42fe8cdf6f49760f85f1bb8aeeb3313040
468679;0xd3c08ac9687472a360b87322874b8bf27a9d4fa5
496131;0x14217e5eae0c11bd86f0e2a983358b1483a5bc77
1053320;0x202e73f0d83d4aab1ffafa72f69cf334f9a22e16
1074467;0xd0b852ef6efccaebeec711292483f6307ac83384
1162325;0x8cee2c4b9f88380ca583b9a1956d86ce0244f323
970102;0x7ef80ac0fb557edc5137323d12a66391dfec4672
822034;0xf401a00ee9d4923fe91b90b7293a7a2e4c88b85e
781074;0x6b747192bd6a64a7c09f9f56b7d2d8644a06a5f6
533430;0xdff3758d9b3d9ee7a2aa85d0dc1fda93f8775ecd
844361;0x5c59dcea2528657dbbeb94aea5bc7f92ad3e5bc7
528563;0x4afc6fafbe1cd2b4c074107b86d2fb95c4c76abf
1039416;0x7b613fec6f4abfa4da4c36aff2e59a3c7fcdea5a
1332422;0xc76f829f6da86c9e9e39ee87afc39805315554a4
1105190;0x234dbc0e037af7cda77501e0b39eb8470fc27b85
14356;0xd8f9f4d76706c706dc067899c037614f762aceb4
870836;0x84fd0cbc3ea9ee02e4a06679b4083eb90833019b
235724;0x0057bc621d6c8c016478b8a9fd82d84180519ec8
321654;0x1b2fde854ffbb40c866ae40fc532257c71aa0e4b
880274;0xe8f94212884c4bbb631c108a52501b6ace095d47
1100286;0x121e971d0c7b2716afab3b052edeb084c12cc556
701235;0x1fea51a149ae71f1942ddb8c59890a0f65c0830d
1122390;0x2bbe5df7b22350b5468c310864d97519923b8f48
1126766;0x7d06d7b0a9f382c15ee563fb228585525005eabc
783802;0xcfafc6ebc8d082c2fec827fb2ac8ba679a93903e
839483;0xa25a7a25a4eea309de5066e250a0e88dc3c6f892
888448;0xc5bed7561811a99d1f21f77a62b6cea7eeb6a4e9
836525;0xa73058bf45a82ef04c710cc06481e104e7a2a1e5
1070974;0x955638262b5e53e84851bd37e3ae3fd9707eab33
1022188;0x2c336b2d8e9c4a1cbcedbf4d93d0b7aa8455a0ac
862972;0xb06805400bc064b8a1e1160498dbc1e9dc996de1
550918;0xbc81d86785a653ee8ace6c26f17717037a4dc762
1149143;0x66592b7000b579adceea84fffecf1c3937ec4388
901342;0x3708d9327519d273c4aba949e9eadc2bef88e2cc
927270;0x13ea53aec6a495ec1c1e97e730c5b7f742d598ac
649285;0x1c89e7f16d8ffa02e9f38a8f2e7d1ff3312fd8b9
537058;0x286981092a3d0406b59cb07b08e0334d5d53d278
893167;0x7e1f3ab06ceba5e2964bfe58609d4a6c50b1d64c
1106525;0x6c4b8fca5106dbc74779e0ef7b54eada931a4955
1007300;0x0e2fd472fb18105fefa366d0c39ee0854e01f961
996370;0x6e6295345b4ea29fe7e2811b65e7c4ae671a6cf1
530045;0xb7a0d3167070c1998f7cd3b1f2ab174790db9743
1025625;0xe77a0de73f9127060b1a7889e37adf9896a91b02
1041706;0xfbb73e86d2a089dba1580a638f20896795f491a4
193378;0x5872a6f271867bac7c13f31371e5f31ae872ad6b
402738;0xf8bca2fc9cb222ae1a761b094f0fdbcfc25bab34
488786;0x4f0fa0be18d75e867f0916d3a11676b58240f5db
1070589;0xb95885ebcf41c4ac6efcadeb8f4a15c4846f3c20
261460;0x38629dc237855ca42a3e68aea7341c484b3991b7
695730;0x5bb58f878d4ebaf68fec29f32f3d5e972eeab312
371846;0x017f51722bd8c7d58bafcc3bc544ee36eb1f5583
770612;0x27927a2eb8343d193ac2fdae8dd0f5c1d0ce5124
351514;0x227e2d24c30e89a9166c9403820b6001ffe53d33
1345801;0x340e744741f14e2d7d1429e266de5fb4027b1a75
1097702;0x7a33204165547a42e97bd740c8eb5feed0cda902
1022044;0xc10c88304ac8796a1f4b98ce6da708d82972d200
665454;0x8eb10e5469845b7810b10fc85d39876102f4194d
688153;0x30c6aa59c8fe3e2e19e0ad1a090841415c68d914
261463;0x4ce389dc37360b7617a6cfee5ec69d9e2c85ded8
1329499;0x625df80fc58c5805b3acb009f92dd731a72d1bb5
865811;0x684ac308e2880595a91d9f439deecb2d8c9010b7
327204;0x401355754bc7af92ceae46685e3bf9a234ec1b30
13169;0x64c76533a07746a29545522e98a3e78e5383f8b9
447455;0xe938e969f41361a2f10c13fae8bfa9fcadbdd911
924831;0x0b46ebbbd56f8a6be81b0b848ee28f459e3d2b2d
497411;0x5f0bba26b1bc4719a78eae5523a9af0f08c73786
1080180;0x162a46190dd46d4cf017fc176620bf8a7ec98256
391919;0x197b931c284b5310b4b605ded7faae90f1d970f5
1300255;0xd559e433718b1f2667fde7c859fc982cf0bc491f
1068326;0x2475b119bbcdaffbedfae8d3b2317b9a9a78e894
537194;0xc8c6f56dfc1871b08030f52c8a90f44a4ab55cf2
1109566;0x081183cca86d99f4248cc1c756e8424cc9af88ba
1167852;0x5ae737ac416b2fa1429dba10b59087129c7e8191
1088716;0x09e7a5b4196227ee111075eac0ea263feb6c7005
920196;0x4726a4aae85a3043c2c84384e8107825bf67a5c1
920205;0x76529e30c49ab08fd4e77818d0cd824d8e5ba93e
1166704;0xdfefdc2babfbc9357ae6ea474c49ff914b5a2143
920208;0xd98c301060b3bf02694c373a6bd4dcfdd915c938
9458;0xbe0a16486ae9f82657e1ed04b8c4d498925987ab
641128;0xcc751615c0304ab13cf4991bdf725b9b92a96405
1108098;0x7875cda4abc23b6d6d7449f0fb5a9fc601f8c8a3
837397;0x4d0fe323f9d71fe0fbeabc5833ee39f987cbf458
275361;0xd0a3c3d58491c7a6e95d5c6823a7d08d82f3ea82
619915;0xdfb77cbb40db47e47ed129a304b5f6cfb8aa867b
1130543;0x9889bbb86847e13d02e2181011a3efbbfe25a857
932313;0x1ced89259bad77655eb1e56f3012939f2d146f79
1136653;0xff44069d94e24650498894c31b5a40f1151f8351
272509;0xf1b77c66c45e0685fc584c09f6ccfd2fef1e37b3
1280143;0xd218ed240fee5e7479a4a57a8bce2ded653c8e4f
798877;0x22c1606013c9a2adc998b1d98bf85f18da88c477
1620;0x1a743badf9cc9b3ce8f91132d6347640af6bc9b4
733616;0x8566cf069b198e3a61793bf993c1bcea7907f5f2
366044;0x33a54a8490e9e0366983df0bbd885ea917c9ea3c
1130792;0x60a0885c1a864e6ccb632b447d982e30f695dce8
815694;0xa04a2c0203ec699299d403b19af4f20364539331
1114617;0x0cb2a7109f4be910a05866607cb3464561b54780
12351;0xa00d1dd309bf07fd922a2ebbb951b74857d16963
943557;0x05ac6fa7fc1a974acde729cff93506ee387e61fd
939177;0xd9aae1624ed420d284230ce6b210e21873c9b698
1354400;0xac006511a876d355f691a440f7b661371b68f690
550230;0xa33fbd2357d89307a9627ebd9df70e407ae86d0d
229556;0xa312fd9981d63d7586537200f174de008246e5f0
1191479;0x0d0eacf8a690e2dc6e7db1852cddb2afaafb639b
1031079;0xaccb74454ce3fcec5ae040e2412d45ac1533554a
573222;0x20a2936591201e2dc0317d75d603b33bbdb8db93
23278;0xaa88bd2ab70b394a89b95bbb5f48378f75e4847d
488796;0x91c427a152cbc3d0fd308e020892ef30b31c0b2d
14742;0x01af6ece5c0da793acba6ee20014ea4904162075
282162;0xd39a6627b915240ff2975ea2b057ad5ae529502f
974162;0x2e85e1fc6c4776d0f9beef3df947923f2abb3253
1084500;0x10cb93a1561d3fd7d9c11f42bd418b9cba3b1243
1084507;0xd63adef3d730d98cdad44c36c018b7c9acdb27a6
1245145;0xad575f625d6eceeb4a4d1afd155e937f37ef158b
504202;0x942583e320198630db2f9f10f627c8b2032187bb
686953;0xd401d5e92cd892ebbd82d05f3462c3f9f7cd9fd8
1084502;0x0d24ecd807788ce49be2da238dcc4d5627d7e8f4
1084504;0x911b64598c6b7395469b6f133778aeec8f5795c5
1084503;0x755876aea52faf46fa52ce9a237a95499c404343
1158381;0x1a488153314e879f670846a2d235606c097ade7b
1084506;0xc890c01e6c920b4a1c14e964b1213e8f69dfc719
975816;0xe4d9c7fc433de71a39d98072cace831d30d682ab
1023511;0xc40a7cc5a87800d3289e03a6806d5de9cc071ce6
1084505;0x4a516f0e2dee8f5b7edefef418628826452e9e37
931362;0x1426a58ae1761f2db2a10e6cd2b269da350b30ab
1084501;0xf0759d1c07ceb8437107352eb092750f25b7c8b4
517522;0xc10e4571991a1ea90fb48c46129bffae676511ea
1314460;0xd9f2377b54d5f567f2bac362e3d72934e42523f1
403553;0xcada3fee3d6bdd0c0622726dab4021a8d1e993d4
648363;0xd390d05c394257f09a34fe11c038550a978b822d
552383;0xcd4f27da058d3fb133b37bdd9a0f6df08fd81832
279084;0x5387bd2ca7dd25557edde700568add747eccde91
290988;0xbe861fb471b96180e18515b6ef748eb9e777b31d
590984;0xb50ecea7a355d973a0341f51fd79aa6311f304a1
1075873;0x72cc78cdb97f89c320180bb539541f288f9cacde
425224;0xb836f54077e85504d4d1fd7fed2cdcebc7255080
871713;0x857cf5ba1b79306669bab2928941a5fa82018e91
1252779;0x28328bf2d2f94586d5213167c2c79c7f33916b46
280595;0xe193e713dcdd3cfd86a4b6c7324bebc883fd2feb
592838;0x582538e556316897e9eb038b0cec457ec1cc8626
375760;0x11dc9e50a0655df181858fbe1df43bd503062f88
355354;0xb2e6afdd5aee27e7ed54f189d15627d1d2348ac6
192317;0x15a1bd808ef58fa10f4dd759d60ec703cf34f351
953234;0x97f20bb01afb40e0df8190de94ff9d9f930a3dd4
950328;0x21f225b24f9df81e6e77f7cce9eb4c3394920fab
1080561;0x990923565222c4ce6ea44abe5f6aace2d9ea555f
669045;0x6a37e5df64392dad07fdcf2a17600437230708d2
488809;0xb057f23595c2f67a800c0c082066f370fdb7f3a0
1198086;0x9a6f9800f2d0513a3fa3ebaa484216e6a994d7bb
195125;0xcfd869ac70653ce506046330222eaec06e4ba120
1047280;0x5d076a842232e4fff8fe5a9bb0543c76bea27be1
701227;0x4a5e877eb991f77391881b253c534f964a634997
881716;0xf5b2dbc1b5a1bb71a4b3b0597d045dbccb35d124
1041123;0x5184e989b6142e9c9a23422e15e43930b5b43623
1112121;0xb84586a930e55cb4088da6d4a5dc318a299b7bce
286853;0xa69b74e55973e57b5faedbe280660f39df007893
775466;0xb4309966073cb384481e8315213b224e18c11cb6
1095928;0x847f603a162b9fadccbf55bff7166e42b3e89e64
843781;0x6bcfc1100e1b0676dba6e8d097709605003b3bc8
1113368;0x5cd2a0b2ae8c222f2d981849d9c02bdd779ad79e
1130724;0x13a49422e92c0f5d0b97c1411b4923f5a44baacd
779174;0x151138186b4a46504dafb22b5c93b4c2b523bdfe
814111;0x711c761474148385cfff5f305904f01a9cc5d1e9
1103309;0x70d64b55bbf1f9d9c221046277560fe4195b9d45
843299;0xd203bf63a03942e5ab500566fb903f680e704b27
800323;0xcf3af5112a2dd8564f69bd34b3accc1ca86413a5
1062469;0x43864e0c28886979ad4130918927683430070c1d
801214;0x5ae46301cec689d761c75959a51d1a9ff142bd79
1327677;0x0ae925926472f2d239d61719bff44162a8776718
503439;0xc5e0c664705686c05a95fbfcff2ced9654b1fb30
891505;0x738aac459d6c16ba22a7a5f94f73fa712f57af5f
768858;0xceaacfc1385c3318990dc32a499a19c6df111dce
1094106;0x35feff73c949b06d6678c592d5b4d49077945a79
281285;0x1e3d49a7ea1e38f5d4b7afb23b9da6f216f20893
1094908;0xe63eb816b9c62558c22ed860ce49d1a36f5e4e9b
954421;0x13af064703edcec0e144eddafb3670d30147aa90
1135139;0xf364222bc52173bfd7bed1e0a04ea43379bbb0cb
556996;0x5ac6a70cf98dd8c30bf36dbf986abae2d229fa27
234926;0x0ad87e4dbf8194d7b9b1a1dfdc97d9dc52990d57
1277737;0x4dc7fe5dd494539212e8fa7b29cefa9f8e22ab6f
260908;0x8c3b191e464e97be20b56e66b655b415d0b4db79
422245;0x6589442c9a836e7ac6fc9b0e41bd2fe2c749843a
1026527;0x1f0d6f3f4e595e306d11ece1d59b1b32fba16c46
798891;0x14b6a95f0376ddc352e9bb65ad2ce357a0ce64bb
537199;0x17cd0c999e4e96bb7d83955c54206ccfd2b02666
549447;0x4895f46a83068ed4747c66518885c3fe2380a4db
548773;0xb7775ee39d48b2f3712d6ab23931b96d6a853e76
603574;0x4e6f8b7c959fbb31941b8ebc56c6c94ff38e9a6b
304954;0x5fb2ce41afcb8dbec351121427db99a523101159
295264;0xec19060bd5b06b6aeb99cd573e88772962e3c65a
664243;0x13547cdbdf6b183ac51942241c4860dbb1f22ade
1163046;0xd4044109fa9733138ca40bb4bb3ed034f93b6431
304132;0xaa30e0c93f706e002f7d3a7587caa748c09534c4
1053021;0x31347f95679478ff364556976a36fe2cbf8197dd
977253;0x67afe0136f8770ce144c7d23845114e80e386f69
854613;0x2bff76daee1df4c203085795890d59965d957412
488597;0x11aa92d0647a9e42d1f5da72123d5981d7e0da00
1162388;0x93f8736590636df65774e8a19bf50d91d6c04cad
511855;0x0824f30fe538c84c67070ef2aad6aa66707c88a0
1092797;0x78cfdad63a88c2473dc05314c58d4db5aba4b48b
710794;0xba49998ba0047533b62e54c10d283863730564fb
481131;0xb2d079e8fb3efeec842781e74e664fff5d8181a0
826755;0x27965b8e15f5b3403aec2831090ab364e2d7d51c
488996;0xd91c0f7d1e52742acf10302447228051f12f436d
261274;0x02998e65fc8de5fa604bb39d8dc29ea97913f6d3
20098;0xd289dc41ba68c03c5b6a6baff750504c5e199063
248695;0x6e48428d22f9e7c9de30eaba9dc8ab415c27b5c5
1089654;0x90212f9cca904f9756f8e06466ec1bda380dd6f0
929631;0x6c6c7145ffb654bb647087c1f75dc2bc91e456cd
457372;0x5b9de7f0a076d020b0c3f3e21e11519175b5cd3a
306510;0x64ff43392a3cd7fc2bcef25a2631eedd1f31f83f
1006850;0xd40a964170d5b21f8ddb247fea9a522fb1f2637c
559836;0x492ec86b83f917d8a1cc52e2f8b24674c7452c5f
857123;0x15b536703cd3d04233f6c84cba4cc45e595d22b4
1065042;0xfcdeea09f7d1918622faa9a759e8b8997df790fb
1018798;0xf3b827c5876c8b648d3fe9d25ac171417dbedcb3
841126;0x82e38ef740fb75d92739b14e869d9b172d8f9b8e
631446;0x80491eb1a2579d593c1a79fb4faa6c6bfaba5ebd
891576;0x8d54639032e98987d41c2bf69a917362f1563646
863335;0x2fe353ebf677c2df80317421a952e71885e5c143
939841;0x81c55070329f6e733b2736ec282712f0ef71d49f
421512;0xcfeaea13ec92a619f37b2956c2480e084daf2a70
1345789;0x7d943ef33163e5bb453e2635a2b862f60658e960
286743;0x671e71978400dfc254f14d99a347eae20a9d0d61
982120;0x16f5a37b971f8aa8571bcf98bb2094467c325954
1150222;0x45eaf6fd53dea3f9ef224da992ea28791864a55f
1073959;0x5e40e6eb4e56fd57f4affd04efef625be0b2d76a
329319;0x57f18fef5170dc75e61b9a4f53d4304ba3b2208d
1007064;0x522c126ecdad3c860aa2cb696f75a946fe618f85
1102972;0x9d5de13efea248a992f6420e2d7ab19f23347ac4
591312;0xb9c4a140371985f732570d2e629817ccbb387a24
1070579;0x383d960cc61ee650a4ed7e726ada6d9dd8b5af1f
1167875;0x028e57dd463a6a8811b56c2541a349acc66939c1
908714;0x1781eb17fc7bfbf8b11ae89d0753a9907f5e3b96
1003044;0xc7d7e9dbc03244ef70fe5f749c8186eee3c7af3c
1332266;0x48145a3a0599aaa3e903648f2a108a567103330e
873468;0x8034071fe6f0d40303ba83f66a9580d5cf820d67
410657;0xbda13ae15dc99a844924d56671b7289cf0c6479a
659377;0xc8168505c6c4619c6a3afb9c4ffc8121b9009147
1331933;0xd59c082c454e720e1ac82de21fa5d2af7beab38a
843751;0x7bf5b3a2003974357fd542f2c9d54a990145d46e
1156490;0x6f5fcb40a9e690e24743b26cc296519de9b5e31f
402556;0x3ef0ace073ce299316bb22d27756ddfc2daab3e7
568718;0x7cf387a237e8f167179601026c2fa9f4c87f1809
489019;0xdacd306fd2efdf1474cf1a3072eee7a06f5f10e1
18838;0x0817b2783f18d20f04bf9a293446cebb17b72585
1182691;0xede2675e0948027d8654c4592c63f4b5b3322043
188753;0xe531f6260beb09d9b122dfdc3d67085b77fedf8c
828049;0xd1c3bbe9552707088feafea08d21a5c5c66741b3
251187;0x534fc620a4b08e43122971a7c04bb456016f0d3d
1101152;0x70d948776432e83fd7b471f5f34925a2859a5c64
362494;0x3e972f181b56c7026899030c540bbff2fdff635c
386885;0x01dac828e76bbc98e62ebeac096a36458a6dd5e7
567937;0x51132a88dbc9cfc140147ca8e64086c41256d9a2
445562;0xacb73b94f50d5560ec8f36c8b462963a44138539
509008;0x194ddd4448801245a9ee55bad9549fedbcc21133
800896;0x303b7c53912e097122fe427d667b5436fef56e64
1121113;0xfe8ea795bf7e649380e574004cdba080e8b75c23
604555;0xae6d034628ca9a6adb193f2e222f1f25b478ca20
1064809;0x239fc2eeb2af4e68313a28fcbd43d2f79b5b15e8
823820;0xcd64702437b8a067da386f997ba5eac89e6d2398
989851;0xafa0e2d02ab22600b32599904f6dadea9ec28693
410519;0xe622b0711d2dc9ccbd93096d6a7e3375f5527929
1084539;0xe1703592dc4f6ffb3cea4d9802ac8fdec53d8ace
969321;0xd474b5c756bb5f3715552ee6dc0e87800605a203
610314;0x2b3d145341cf9d30cbdad673bdc5954e78e5780c
691692;0x5020232086dc9d9ac54437fd6f42fcfd2e031694
1082926;0xb75724cc6f60a3046a093c431bccd049d21097af
889576;0x0e6b03c4ded69643bbff80f7b003287e6c2dee1e
695625;0x9789cefd841507bc2739a4a93538e1167326294b
1118159;0xe9cebdaf73d59ecc0ac8068a8d071095c16240bb
526357;0x94a8d6b814260a368b625b05cddff573e483a63d
1039050;0x2f1fdf22ce646af1f92187a941bfad8a8462c822
1000070;0x2d50075c9e5d3604351dabe75ec5aee25e7ae8a5
1208120;0xe704639c0f3e83b328ad55991ee47c2691c163aa
655918;0xc62fb1f83ec3ce01b1e766bc70c043a1692f0b2b
451460;0xbfcf6e9faaa861871acc80542f8f12e43251d98c
844575;0x1ad615d808f36857d1ed0e67a314875a7cd1f89d
1101173;0xbbaa5c93052151defcd48fb9b890f9a940690549
599354;0xbb85ce4f02800d25e06ace9200e64e193e93f0b5
1118805;0xc32174ff14279099f9299606e97f256152b795ed
1135065;0x5bedf0dfa459eac75b6d70557e9a2ae7dc13af03
1026067;0x557ad71d8eb7d76c3cedb68295be3a559dfc867f
249365;0x0fc2386e472b09967c74d0289f50697a7cc22e74
1025719;0xf646ab6a2244990b246f22e38f92f596f5964b79
260657;0xb26f8fde3746c4865d842d4f5e0b6c2e51d6d940
1076113;0x20281838d95d2c012919e76c769cea87c6bca207
921146;0x28c2b6aa3fa7c6e5780a98e1182f4034695ec5f1
1345709;0xe624228d2d073dc4f36712666813aff92371b8bc
604582;0x3c056a71131f402bb3c159f10a1855972974c9aa
899362;0x372222f68ad9cff28f387acd4a0c3364f62e2036
332058;0x243234fa1c5d7c0f2ae9ae3fcd121108d908a0af
1114561;0x784a97c5f5ea1694930c5044f51d85cded509b88
885469;0x013ffe5876861166696a42a7d9331baffe2db9d8
312625;0xabdead5c71e67f51f5aa0b9f25d63ae8f44d8cde
650832;0x28f6672d3ce971a76e9cde95db9416f5f39b062a
980845;0x3b5e6efc46e70e4b65d8e22791622f719c11febf
559285;0x0fef18e60551f34395fa27e9c3822556ebb6d5d5
407635;0x96712c498d9cdead29269961f3ee4d7506cfac8f
21491;0xbb9ed8892984c1fdfaa5457768bee952ae65681b
213063;0x9fa83ddc747c7c359efc2c4a653f25430ed09ea6
714757;0x9a2efcafe6890fb594f54b8dd173309ec03822bd
1084577;0xc8c750d0b2e45be9b4ba7d82634097a05b9ea722
977780;0x029aba3027363cadd9214512f0f05b20dc63e518
691851;0xb0b94d20a032e6f571116b8e27405fac1d07fc4e
247121;0x9ec5fceb76b0bcb2f8277ef703f546e2d8a72be6
644491;0xee4dbdf74779d11f5abd0dae2ee2a87cfd5c3080
1003922;0xc1047414b1b4614bd84e1437b064db544eb74aba
713240;0x5f0fdc6f82cc7917617d49b65309b7595ca1a10a
1077163;0xd6677c96932444fec0370a8dca46a368b71bc97f
1075357;0x9fbff82136c83d1062722ee13bf73a38e41c8945
1097389;0xb0e8cadb24ce34501d689dd54023cbf5a7d150af
1118911;0x7c0f409aa6a91fbb5cabb734291c02225c2cf2a9
858499;0x3a754d7abdf9e925a9462204e0151cab0c7d7311
192165;0x4ea10ab1a8da9fa028b1823c09668296b1f7f3bc
285604;0x3f356a894ff5f599e023864a6393d1e1c7d56c31
826704;0xe057de5bf8aade543134bbfe71cfadd743ccfd81
514366;0xbef7abf18d7e4e841a41581ab3cc0cb3dd97412f
1127615;0x56d65449eb86b16c8d4fc7403c0a0ea48b1801d6
476846;0x6ae5a9b7dc4b06b84930760fc82661fae3823071
207371;0x1c12eef7348f265be3e88146ddeb1a551f6c64bc
701219;0x09f836306623bfc1a6d9f429e14fb52c71069a81
973146;0x722cc6e8450eab9ee920dedf96ed88aa7754fce0
292776;0xc1fcd6122327b5ddfd87eee46a503ae5625ae58e
873459;0x5aafce18c8fc973c6299e3200fd8677f3c3dc059
499741;0x6550cc54b9c4c5184082a2737af7cc4567f790b8
475229;0xe7345e78d97d0e00318dd5b96e41e7c264df314f
1216222;0x3aa8c3d4dbf24fe0e896b298ddaa17d6b91facab
1335636;0xaca8ed338e0fd56abd759f756989a7e64c516f7d
613980;0xd17ac8f0bef00bf57c3d3cf6c0f5b03f7bd2f691
1135147;0x80bbc0f049bc0b560fe2a4e4d05d9eb71e470981
1022825;0xa674b4f90cea156f385f6e66eda16e1da73fe31e
196810;0xad18e0565c0ebb27609ce9be53e31a842ab9c455
234663;0x3aa8322ec29fcab7289f8cf62b68850d06cbf7a2
341064;0x9d09401eb622722d5439cc35bf76eb16b9d22fd8
1084402;0xdac1fc1fd9780a1640253322420beae3a9e1a3a6
799324;0x5cb92c6d8a989770c18f5cadefe5926e5fa7f6f3
1279908;0x8d817cde094fad23500150c96497ff76c362760d
1162344;0xe9e87b93cf00aa62da8be62dca30d5d31c7c1be8
404232;0xc1f8a75f97acad958ab9ffdb51ee3a9359f25f70
235771;0xf7808e74541e71cf5e3a42ac649fdcf292da2f81
982524;0xa4a8528a7f9b97f8027d31e1dca94ab0e6732706
367123;0x66672079ce209698628b2448c0bac0bfbac90dee
516558;0xd5c3aaabbf1c995d413b52906bb326c2d8e81b33
259074;0x0ec94a2cff21eeee6341c93a09c397df070aff9e
1187310;0x6688e27a4e34252e2b600a59cb0b45ff87255f04
348522;0xb85b43d71bb70268518b465dac657c8c6d966114
457412;0x56f7a9c291e3eab73ef9e1dc0627f86e4b6dfea1
969236;0x9784185c3c6d79556c1ff90f6ba48987797c7099
784946;0xf4c9ed4879f7daf0819accdeca0598a01aae1612
284679;0xa33cc67e1dd105512de3b94e86724c8876c72de6
1130081;0x85ecf96388d12bd472c8de5845e463b9a7626262
497068;0xb0e062d8c56a718e39e3f67b7f8f1642af9799fd
410188;0xaeb565cfdbcf8a05851c2a43dd5eb8012143bbc9
382261;0x3d1aed0bb00f889e5ff2ce540d01f1e788870bba
273364;0x06610a834d5838c22c6c760cbd3600729350c69f
1128222;0xdca11798b0277292246da4f57befe232b614cc44
258194;0xf3e87bd0e19bd0d00cca8d79d2f83705cece6291
1146483;0x4a2050a4ea79a964004c22e21baa667f706cc739
502773;0xc7d081bd3628de08ad5434a5f9ef999320651616
1060495;0x7cb71fc5af75e4879869629977b4e436db3970e8
773165;0x58b159a479213ef96fe2bfbceac39773eed5681d
982056;0x3350eaee0c3c62d0964e82c902001bec2947e5d6
1114623;0x5169a295cf9316033bf4dad5d15c8237f7d039c2
714824;0x5fe994889069059c1bb70ef6b06c3c190232a219
464505;0x6fec17215faa14b957da9393c710a842396c4c14
824748;0x7ca891102f2810543706dc5ae5df792a7f2faa4d
697361;0x925b0366961c4b74b37ba52ced0bd310745201ac
1143753;0xd9b2413bd7f0ad704d275e0e7fb03ef46f0f364a
1051278;0x4e18a03e617745afb0a4d461c47854d82e4003de
1058051;0xfc974e45554977be1e00fdd3ed7523dc3d8574df
574458;0x87a698a48c6ae28349bb6f60365816a360e0abb0
902358;0x9e90128e7c86d72ea3b84e60e97549244ad6cdae
1079369;0x32d608485e9b01b8c1f5d0382cb2d0856c6b8356
1130726;0x062675fc224e434ffefcd973e0a1739cf1db3f6a
1080404;0x062bf080b4c73700ecb416a7e0d589fa21fc4af6
775455;0x098969ac9b978f2d53f58437ccac25b08ff596ff
454291;0xfeab3752c6689a3432af10f29d63500f156c7bbd
902353;0xd6ea36f37ad8bfc23aef5d26b89729771b6a7f81
1075697;0x32857d99f08e7b775e834fdd436b0ee0523fa41f
433811;0xe4820a4a7b2475d64f6da3508fadd218f54c44f0
605109;0xddad8a677a3be875b6800a5af317bbe08d90e120
1321275;0x158ae2cce2956bbf0e320e1ab91c4b0bb3a11ac5
435855;0x62fa61f334b39eb7a566288e54d218f152cb1eb1
902398;0x5da6a4af4a8b8f1f61d010894bfaa4711f3da12b
205766;0x84385ec63221f8104420018209e904a0bdc49115
663055;0x3776f087eb474dc88fdcdc4cfebaa62ef37ed575
586294;0x97dbd1f4e54b69134d27510497ef887825d89cac
385769;0x0eeba860a6a846aa3b5b8051a448d2911a14680c
917691;0xa49df0c39e6d2a825682d3474e759980bbed5066
519551;0xd34726bc2f02677bd4c0d06925281ae3de6de1e3
902402;0x3d8e99ba8f6a94fa928beee29c45dbb04861c80b
325691;0x73fc3f827782854dfda745b9f06bc043ce9077b2
237649;0xd4de628526fe612c4e288eab74e6f79f22718e2c
1072953;0x8eb29de91a768d423fb4f20d291e6f35becdb77d
606212;0x436d5c63be84144b83f276766943ff95a2d80390
517394;0x1e05b31932837d4e6003a6e7cf44957332df46e1
902365;0xc37b4bea5fc42162ba473b8cd92db57d6890e450
383530;0xcea04b1c8fd6b8689057b94c98529b2c9d70a2e3
495231;0x673015c930305b9b12d283c8f7a23246e91e9b38
1085157;0x3374ef379d4b2091e6ab9eb349ddb857d07250d2
902389;0xb1f060968dfe49c235709c332c5d5ff6d76734c0
421875;0x9afa7ddfde26f51999bb25bfcb970182e86dc83c
1001159;0x2c7be44f6483653fbc5649b263bd5354c9eb0c6c
793032;0xc015c94d5079c2ff35057f5b2e12363357170701
606233;0x30ec518c71bf08ff20777ac3ce14a5ac85c336e3
902371;0x8338e324b16aaff777602a94fefbe5ac60a20a9a
1329635;0xbc246c4e4fb09e28c0ca3c7ae2970babd29494dc
367537;0xaeeee82a7326a429ce2a49d665d47537a71c68aa
862235;0x55740460599c6c72961e772f0c83edf7dedd42cd
1065310;0xab6265e78b53e0ef948b30e2a2849b265992878b
714935;0x5507448cf33d9873c9fe06b45ece8c213c668ad6
902377;0xb28b365ca3daf003ea6c8eceaf450cb3c229a674
902382;0xb5a6775b472fa5c541dbfb10a7133a00f2381687
902386;0xe6c8b88f054ed3fef83be2ccb451041411af063b
352882;0xc4c23e8e21d53f56988718e56b686c969cc21a0b
515220;0x16d44859c6b4c0353157148438e7a9ddf5dcc3d6
1201236;0x1b02ecec3b569bcb656442b4de9e0d251c316d31
389607;0x5e6cd37e3c93f7bc46e26192b158a3456fe53dd4
845053;0x384ada2922b4ab9ab9b8409a9bc09a5356d93d00
1154261;0x895aaac2c89b9f7a5e65575676a28e14671b5dbd
597063;0xf6e151e9204dec1547c3ad3ee016bd0e87bcffbf
811355;0x19e01d38f70543808c21d876c5b1de61e3226bbb
720178;0x3d923dd1246e726a918c429a33840a8dc91502ed
1156294;0x2ba3335e72a60d2b71110225f41da12d168f2bf5
308414;0xbbd636385fd3f069a3e640048e2454f8b555061f
881706;0xe7afbb06b55f2f133b3c32438cf8bb63d29a3387
237829;0x53ce838d63763cf6272b22ebb8c56feff775d983
803935;0xdbd1afbd0d1b89ac5a638bda7c680d20061d4caf
540796;0x11e48e80301815278569cc7cc6db97fbda3efd27
921783;0xfdfa34fbd1dd2847562b14510a11817df1968c37
368417;0x25b044aec210f2a810c61c08490df49f9ca3fdc7
1078710;0x7893b0b5e2a92ca0ac4653269280e79870b58004
761652;0xcfb6b34f5b3b58f5c2414d861aac80aa9517888f
380039;0xc15b449cce93502e257492add62352e7b92d5bcd
211333;0x318c82bdc32ef9bdc1cd38239a71cf0c1f813046
612459;0xaad24de08cf9268e362ab1bd8967059fe4a46daa
276854;0xb6288ef804bf814cd73399cab76d957c6dc6f9fe
570102;0xfab81dba3563f4458669a1e77e45e0367b40d39a
973270;0x1e64aea6c57990c448ddeb969333f533f372f2dd
512100;0xc455f33b9c17a11ff619b6778fe7ba50821b4ecb
471798;0xbb5a1ee99fc9e2edb78276809bd8ce65a4335cf7
658000;0xcffa5335584a71c683c4630fc8073482b7d87b91
369489;0xfbb3eec02b6bd75146628bf884dfbd3b46f65ae2
1074542;0x25016b3ea943449ffb53f1d2f40904ffb70ad4a0
1328801;0x30a934cb94090d2c2a119c1110e4d20064120771
616592;0x594ac07413814e2e8608c3cb4ce16ca21cbd7867
1135336;0xddcced42e8d1628dddb2334a58a32f65b90ec67a
279319;0x50fd5d36205e923396f1c7a9f0d0693062410bd0
617398;0x8113bbe6f1553182856056c024af6c50433beb07
920578;0x8201d6c5a9fa00161bf45c9cb56fde1c0f0dbd62
1187099;0xc73c775d6d813fcf6832ab04bce0cf36c8b6c573
1149679;0x7271c4e25e30c77f461c6a4a8fab6502fbb1e3aa
843391;0x90bae11d55915c422f08efb4848227961222f9fc
864741;0x35d149eaac6887d066916cc78718fb9695336395
261781;0xad027a3b0b35ecafdbb58fc88f8f3f9d274930e4
270148;0xac14fc23ad6b36948fd767fa2da35e427c34868e
993898;0xe7ffde8b8ce7e3685a7ba52f4f9d5c127d58418f
1304223;0x03475a0d82e738a01dc17851a627815129c4f6df
263545;0x3a2237abe193c8079135471423f0e5a0e706ceaa
294488;0x01054b983478c6c2318b7920538752c79268a25c
514819;0xef598172e008280e22658f16f7b1ce7988154a30
819359;0xf772ddb89f64c60f84a202f6b2f4077cad61cc49
902;0x2f231bbe89b86023cee3272bd61414ce49c3de15
455443;0x9c3ca8bff4971fc1c680afdd91001099d30e4d01
1085441;0x2a8030a7d39ec2edc93b815eeb7ee2d0cc5e4afb
926486;0x8edf085cdf6ae1888034ba07ce6fc9d55b738580
264518;0x7d5a62f3bca666058e816306d6a958029238721c
1023886;0x76abcfc1565972e021cd9984173b8da4a58898fc
1141864;0x1c5664ce478b042bca3f72b3c7f63338373b684c
497387;0x64dd49936b4da9f6e763d3b8dafb7a2f35c31ef7
454484;0x194c12461ccda8ace4044fcdcb2975d5fa081eb3
553805;0x32c3a8f44fbe73469684fd4e3376a4bc2b121ce9
1354405;0x93157e0e6f6f43cb45d95c24d110a870541cae42
442327;0x7764a725cb537a2b1f78a00e519ae0afcf44611c
1085200;0xd40e99e5c72bc5ed0b5a6a7dadc3fbbfce3f1c0a
362724;0x9ee8be005c06295ba7b39ad7cdb8b828e7f902ec
1080049;0x1366578c2c770e3a97d20f12aea4c75a02dcaafe
1088126;0x7d0bdb7f33292fdd53115b0f3097c0341f4d2b4e
363060;0x054319999fdbff9e7af4ef9681ec7cc23d66034b
591360;0x5fcbaf90896b567724d2725323bf56766a122339
413578;0x2d9e4d4db4590474149d2605d5e5a03087c5a2a9
652875;0x0f55aebfc39e12d22d544e2b53579f028834f101
1087448;0xd2bd1a720b443ddec1752614aef80b510ac3e5bd
1097522;0x8e018c12a53ff25bb6cfb5b74e69be8404cb531f
1116038;0x5b17c1d0940b726ea199e3d1396c06a92ce92bb8
864362;0x345ff0e44ba5f7a73cd9861ce47ca5935f3ed9ff
715000;0xe6f099ceaed73ce0cac72a3a355381cada379f31
449774;0x55fff971ad4b5f62f1f4c9cd6d716b187b4fd3ae
696662;0x82fce08fe85aae9174fb7fcfb2b9e99fdd31868e
1071114;0x6bd3c82f1ded1da303bc7c0cc128520cb8139dc2
893246;0x43a3c93a89d8c7c9e3c05b26c3922c8c477fb248
1061613;0x85a6d4d13da5e8156dafd57ddafb498b23e8b9da
1007479;0xa45a358ecb077e2a619cccf2867933a6c454ea3e
382761;0x6b965113303a16cac3a6eb75b651dc3e1bece7de
591590;0xd7f53431cbad745f82a7c018f1584faf19f73196
1146244;0x8f2cbfe500a7f6100217455c5577ae7efd97effc
532275;0x95d6ec39cda0dd56dbfad10086172cd3fbfb6ae8
1082375;0x353cf748c0a43e0d99d72f2f4f3e0291e2dd93e5
1159852;0x5c3e106cf4f2d941f540e6029c26881aec601dac
779603;0x88c13d12b5d06ac5267a41577dc670a6fa65c2fc
191651;0xaebea1a38239fc421ecc394364b29be36fcea1a8
701211;0x74fdc00e26d80b1ae63c6dfa4c80625c99030605
645977;0x2eb91def93a0391155a4defac6a6508c868e6dfb
456735;0xebebf69bc8ce2092e3b765583b1a94ac29728610
326432;0x21fac72538b5de85dccab203a5d9dd00aada9267
826757;0xab0da44ca17c9ad9183abf7fba3c836246833a47
314904;0x71c67546d5c2dbbeb4066154dba0a79351a7ae4b
1145765;0xd246dfa72ff18b2b0541284e129769559fe988a0
1065631;0x9a2957615cfc1d9957b05a9251e2bdadee5b85eb
989850;0xd4e73416809bd7982f563f44adbbb8b87a6e59f1
1028666;0xf5f4afe1a3a42edb062e703cdf1764a333e8b74b
264741;0xff768d53f1c652f321075a14967a423221467908
257910;0x0de01621b48fbfd0bb5a94e7b90ab34d35f129a0
1001206;0xb1ec5e77edc64ea8c7d073445707d0e31b58768f
873483;0x041413e9f6e521007169fdb453a850521ca0dc6d
260872;0xd1e0735a1ea244fdb6442291261ff135f9008477
1112287;0xc1037bb751f86f15c1a2b60d8f69629d3edc5b82
436947;0x3f5b4f74255ce44863e1b90da39b853424ce8369
344022;0xd78cb44cd88137208f7220ade496b2c4a5be3299
1003954;0x84350f6bd355fc46f4979c1d38909ffe4e3941e7
5066;0x791c88f96c56c45c36ad7b0e7dd51f485af9c03c
642016;0x31395582c4c2672794a377f2b0a9f74c334abe63
377462;0xf205f0f7987502a01451d14888c3c28f6be32213
597047;0xb6e073b835386a47cc78ded2d6b6cd64d3add61a
950217;0xe8a5829d4e645f3b221bf71a744c91f21db63853
1106118;0xbbb913c9ef9062c66482d4fbd58354d68404a8c5
946337;0xf56be8f7614097920f581b7e689fcab8795f4d40
868064;0x28c27d1d13432aefac32fa6eacb459a0e4238b64
288324;0x8c55c8360e63d56abd2b14c2e7ef828037b9bf36
267448;0x00ba15cf5dc64148f550f6002a472eef08ee0dbd
1084498;0xe24a10e5dc61724f6e3ad03205427dec7cc7cd04
1084497;0x3ae43b6d7cc4a911075e606dc837ef9a4e1acf35
1084496;0x5fe08a32d8e9e4acd585674c5f4afe8c580aaa55
244245;0xd4953ec65495a53afbfdcfb0ea4d3e5ba8ac6a41
1084494;0x6819745981dd766c9ddd779d8774ee08b6adebda
195984;0x96564d771dcc9c776ae146ec421709d7e47fc760
1084492;0xb85b4a2bb0fbe789dc854c98b907c0c3d91763b4
1004480;0x60410eb6a88398c04cc7335480ed4e3d92a7d83a
988642;0xf8369cb18a37896c6b2fdfcea0655582f22f457f
577853;0x90950c3c0fde1f71e5a5c56bd6587083d8cdb8b0
288446;0xa9079e2f5a7441bb955057036a5c4a305d1f3be8
809640;0x71477c51ddbc2f23e0217f221f9708c60a823a74
1084491;0xf2e8e93a3d50ff2ec3fd8376959559209543a66f
1084493;0xf03f30a233a0fa6051e23eb7cb340cb4b28fe756
857101;0xfe5ab85a5dff1dcd7d21be71c2e5849928822590
844373;0x84da8a7758fe0352b695a93b1bc790ea24a995ae
311108;0xf595ba5be8ddcaf5e4a0f86e767490f733f3dffb
902133;0xe5aa857d5b5e0be7ac137b9843ab19ccd086a276
902122;0x66bed456fba740da08f80971d8e06c365a4c531e
289465;0xf2c61e460f60987acbba0a4041a31e0b89c297a3
380293;0xa96833a6ea6dfde6ddb390178c24b94d33795702
555713;0xac50453377ba68269031e492fe983e011750b73f
268754;0x79158a8b77646f512c5bc6da80bad83cdee17291
343747;0x47eb08ad342a2d69165fc87c2ba5c4f91168054b
604203;0xc7a35b250f0ad6c5ae4451d06ac23c767ab66cd4
902128;0x3ca9dc8dd6966dda08311579c70a20cd1aaf38c7
1094246;0xe80d837167750901a0809aca3b9b536633479c44
426475;0xec60df1af14be2ddde6d4f23777babebeca04e37
902081;0x24dabb8a288ccef0195c77f3d54798ea65038e10
627488;0xade5307a1cdd57bc903e3731500362a3bdb17763
902108;0x6c1e0b263253635354a6545ed9d678d366bee6d1
982311;0xb05e3e647606a170a189cdaf68a60c0d0d060554
902117;0x9a5010babddf48415420a3895eb0904ece8f0fce
737008;0x74ef7aa983329c10195d8ca03241f58a9b00eafb
902016;0xdbcb5cdfadff58192fe5bb8ea6fb9026d1298759
1149413;0xc0335060b0a9bb1c92245188928f6f82f9f83879
880405;0x4b6668858fd5375cf316235ea6cbf9f9c99f9587
577114;0x2940ac440022200e8354b8708b6cc4021788b235
1066470;0xa50fd5861355f32935e2cbe906bac0001ed92133
1116605;0x339d6161457ee9183cdf0523202fee3048a1c20c
1111355;0xe6f3800f645388a201e98e0622a33bebb0565624
1112213;0xea4a3b81351c19814d08fcc81968df37fbd8f2b4
1000044;0xbd698d98f38c97d64e0dcb6118e5e0a312861ea6
1072600;0xaaa078eaa92f8bc107e4f94415f4a78ae14383f6
1103760;0x58a71cfb29ac76d1dadbad608f1acc009874588b
1131115;0xd6826db0673bac152fc6f01d1161287e04baa854
902103;0x24a946839d65fcfe3ed447491aaa95f62be36dfe
1120010;0x762490c2ea975e5e5dd2932bec526261e308d808
530433;0xc8dde2d9cb2c13ff951500633bb0c68a6be71584
1007889;0x2fc1491c39b958568b2f04209c297daa878d9074
1084495;0x48f1d695fb032d9394477ddf142e21a479376cca
975087;0xba6db8d444bdbcdb0c1934431d8f9f282a3ab2a2
617469;0x9e05d3569052bda963744675458989875ec94262
253747;0xb7a400f01ad6d339ac6886c5bf53088f9bda0f13
1047766;0xe2357e2673f3177e2fb88c7d981ebd3c92a9ef53
269413;0xaf841da57a0cf3373433d69d8ac5e99492ce8bb0
210571;0xa7f210eb844c61723feffb473ef10ead1095ded5
1047918;0x6330a07839eceee5ec7cacbc54f822aef75295da
902096;0x0d912927e8c02ea409be29883869c4eea3edd56e
234650;0x4e846e2ab6a8e2565ea073a5ee9839fcbfd927d1
203563;0xdcdffe36e15bad089c8f6089a972645da1672030
271551;0x4cdb287ba8fe60f0b556a4631f764d6bcd1f3b8f
914045;0xc6e08695ff30a4c0793273df0220f06a03c8a116
1007253;0x76d051c4b86c5a7b54a135db88aefc154833d955
828293;0x185709a41185c672a774267082aec15d27e2b3f0
862283;0x7d583b4be473d07db908aaf3d48f2c57e5b82d76
854740;0xcee6bad5042bbcaa77d0c1e2c2f8da3cec783c21
387919;0xdba27f1ce648c478f8b0aced2cb6fe41fe94a591
1280369;0xea019baad59f11e94e0ce20ae360feb56071ecfc
1135159;0x7697ca72c882d3923d50a5ef0e99f3a66d86d61e
800169;0x710c58b545296a5a3cbaa6af6ccbc15292a4e575
833258;0xc00cdcdbf19efc786f09184179eda1b72b07e27e
1050440;0xc903cab8c83ed2058afb2677401bea6bf059a2ad
1072837;0x4d9a6cd1365213620901268db2a5f76e05290db9
929208;0x269ba7cd818cc94cf9d4e51121fe5baa026c206e
448431;0x2c80637eb01dd35d34ba768352ae9b1b15824620
902141;0xaac4b66bd8ad01e252242853815a4501e25d083c
1039609;0x759218065c64f783db9a80c3aeb682bc5e431788
1079901;0xc79fcf7255daf3aaeeadd91cb4f0074b4c616404
818409;0x991849f893e9d8782c31567c0b7141ee8b494a89
887105;0x674a4da406aa4ddf5814ff5214325eda7a74bb0a
989865;0x5bbe644425baa6b65431d316c4dcde34086aacb4
1106301;0x56473528399f3f9414a723cc607d2e93b780ecc2
876872;0x9551ec253420cfe738d967a27ec4d62f7d3dee24
526774;0x186cf45ba08b6a3adea7481432d711fe1769a1d2
788808;0x57e5b2c216146a04f7b87d3e24ec733e193f185d
920785;0x1b9f80505cd076b48694479d922153659c9cfe62
745869;0xc7c3a64e0f831670f7a58e663469bd1c022221d6
247721;0x87e6d342219752297e32caf02ee1428fd4b8e452
1044394;0xab6b8cf29188de8b07df89390db8de0b174a01a6
455356;0x610823b8f8e581a6c61279b385f4870dddb5691a
1128024;0x921a105c2d705925ece17367c84151211698ef6a
326562;0x8a5dbc11bcf37d6d98a91f2ad26b66d99cc6d156
1087419;0x81f887f5f81b8d3956b6715f9c045c2d60dd964a
893788;0x30b7b4bebc6ef30bd3b8cc9a5355f424a6f48a95
845748;0xc1f95f20157a3afabe3b1ef6de72c347939d7d1f
393476;0xd6cec6927ad8892d1cd78933c92544f0ecb98380
857508;0x4ba555ae25e442b92beb94bb9568d49d972be42f
923673;0x98399345de318076a6161d03c19ff4f90778e9eb
773005;0x3020742f1f99af0de9083e1e1bfce72530e957aa
1089575;0x0b2ef6ac6bde7929902ccf5db491085cea767698
333596;0xa7c4c8e447dc702c2967b5dba2f09abffff971d9
210957;0xbaa6654c6178c5bb0b288ae6261b3d77f0e9fb5a
510076;0x904a33b6ff512a069b8d1f0c5f54cae850ff1643
1009420;0xe798e5425377125896becdf8d134397ef1474791
829490;0x305dee1390469d84fe703ed3447ae8a32126c035
394953;0xc250a186735aa6620b9f05c5f24b00d8fc9502d5
504518;0x06fd7f1ee091e00da771e2c54d9433e847f32a0e
648688;0x2c79216c498e4352afdcb3686f6411da3eb83733
1054298;0x6c658d24ab516c7588b76b7e161ff9be94930b26
451536;0x9bcb03e9f9912ec9b65c8ca4f39d7b6b3af21355
941207;0x075e47ff206deca4760e2ab317a49c5a2b86317b
943578;0xccdbb1dd119036155c64b62db4ced8a09966b536
1094087;0xfdb57404d11b82d7a4dbea1c44d369008428e851
1101475;0xe28bbd4b3d8ea30a804b75f447b3d172e071ebb2
1120643;0xdbadd297b928265934c13f303178cdb49f10b887
634774;0xe14d1cc9b194f64712c721057ff6c05df847392e
484153;0xed83508017540bd06b45c2968b8ea859639aeb1c
513615;0x68f8db0c2da865eded80d5f8d07eca0ff4dc92e3
1084260;0x8c02318bfd8ba513e334316ec5b3f0a16adddd5e
14056;0x8a539a9aad79d654dd5ce8a3f7210551e339bef0
251268;0x2197d4f1d08ac82a62e09c71947a183d864d90d0
554902;0xf5516530d73e0dd0ddea1817cb381a532edfe43a
1291975;0x47f53b9f82aa9fc1a6a44b60b75b52d5a6f9a4b8
725271;0xeddad8262c3101d145c7a4a737f6e6d1822a6120
274540;0x50ec7055bb7a280d1227aad393ad81e67676f948
518169;0x891ea5ab047a98b3c7c095d23afc3ea3e0c953ae
591384;0x3d4cd53a4302d95b4aa2c3a71db46b781f082a97
339484;0x5407c4b5faa9601e1da8793996e9184c6055c87f
376192;0x45b39137a43f878bcbf1390307adb8576374350c
985816;0x151bb2e0dc1805d6ac7dab53b35a92961e823a74
1061646;0xf4397157a5d18b769ad0c903c41d21435f3946ed
1039524;0x4be094cafcdd91816e951339b77bbe76e7acbc78
705700;0x5b5d6a3c20a4c1bb8f52b74e60d5b0110cf388fa
294091;0x1ed430391b313122fcd1073d3783644b1b8380b4
531158;0x73694f4e6e5c8a8418d7d362b43b18113d0a8f05
1354403;0x08e03d43728ed6d9bd8ddf80cc2d6b74cfd85aec
391717;0x784c68f1276db5229a3a78cbeea82485fd02a2b7
570780;0x54c606cc3b5d118b3607b6016f94035c66f31bfd
1053203;0x41541866c87d8cd8d6079bcc805020739448e6a2
699136;0x822a1127fd4b5f40371e274764214a926267dc6c
314520;0xbb6772f8d00beb690bd49d6831f95c691586d637
289378;0x6b779cb4be582d330c7b2f7d4b4cc464b1dcb22a
1015956;0x05bd4487ac169346d6dd126fadcec61224aa5716
910024;0xd6215835de2f56510433e5a9f31d982095840ba0
889704;0xd0db44ae0f51654367eaf23a1e2cb9f79af5c986
1656;0x67ff6eabaf19a7b5a7a3f42610f71eb54c7c5459
1101774;0xcba80beb6a5919792730d982ace5da1541209680
7181;0x9ce55a6fbc2c7650b33d5f8765d52c26956f13ec
1117188;0xd14ce75a353457614c7eb8d2b277388fda7d2799
21325;0x8c451fdf1b757860866274fe4846c98eceae5ee3
878319;0x2bff69f396a7ae8c64839558356c4b981da3f992
253282;0x6debe4dacb54f0990f34072e7158f8e25bad2c30
1126325;0x0bd35218f12b6d4b7fe929e918996a82c4176807
1046211;0xe8de5e95ee19c6f4a9ed1e38e67f6e388b2eb0bd
370344;0xc1cc5cbffe4ab96165e402f813effbbc267d2167
847151;0x40c61650af28fc0a40a1c3198d57b435a666fbaa
1085131;0xad61d3cfd32a543953476c00f4f15a7bc9dd851f
1096930;0xe300b05f84769f59733d1015eb676dfa8921d16b
766698;0x6bf08c03e42390f6ad666253198f5c84ff2f8658
983609;0xf0652b69c5e747000ee8a7a17a3944c7888db8b4
17954;0x3d81fa04b30c7ac4571274e17891fbb9be8a5bf3
263023;0x5a81c17c2e1cc698858377c33440731f9dfe9b8b
509487;0x92e5df14e2b261a9fad096e6d86229fb046fc94d
565961;0x7c5cda76f611c5ca7f700a22c211a3758b729853
556210;0x7b74708de305d8d0c64e5bd60d90b67379b302dc
1235725;0x64cec84079c755e14cfc51d05177971dbf77bea2
946085;0x3c11d751d5916f991135970d747814a98e6df503
574847;0x10d51f061f39ec8b13ff6e4444d9f751b4de5c60
947607;0x3e40fac18a2d60020b3e80362e58e3ae49d8c292
947611;0x9350b1f88f7fd0ca18c285cebe3c8d91c485ef96
947609;0x7ccac3927b268499ef2cb8875cbdf48d93924e4f
1067498;0x73cad47229e62fbc478eb0ba708fbba7156da0c5
947608;0x07956ed3ae72d55a37ae0e5e0a21adadd4010fe1
931399;0x4c1c65a84f5f2435e2eb4844afd6eea48abb23c5
256311;0xa64768627f4ebdcac40cd830485987ac2e6a760d
380202;0x8dc8f277a55d072b825e3e24f965a3087a535461
947606;0x3188ba39e20c553f4cb2f7c18ee7723e2a1571cd
1042194;0xce20a9c79fa115cd8f8b602e6d7d000ef85ce696
390710;0x3ae8c2446cbeffd2f9da5d1196fd34177d9da1a0
989868;0x282495a3224285414545c9ee4da0d099f7fa9416
522947;0xb292ebde3d7d436d3ee6456d1f162bb15e534106
869520;0x9224696851b9d8c69cb5b202dd87cc014270e94c
573811;0x6b82a47b5cfa765c0752b4274250df87c1161f0d
1047354;0xc5d9ac395aef0b745a742a4612531bf1a57a698d
269719;0xc819460b12d3c622cb5bb5b49da856048454f992
16631;0x4adae7efb25c9be68c4824819f21ce7645528875
527776;0xa69b3a4fcd227f446b20b83575d03cb999e1cde9
1030061;0x1d3b2dd4b6427c8778a2c32958f7f039f2ad9583
1072096;0x046e4e93446f0cc7a9aeea56fb8ab36da6cae69c
1097709;0x60e7ed183ada1f3b2fc12912ca3fbc08d42ea819
414126;0x211416b90248a845343052417626a00396c21feb
946080;0x457c8e0af34db653df80281f6d9cc6aee09fa1f5
626167;0x2fc63b38faf4a9a774b824cc498370a80fe354af
811641;0x323cb531e61a6331c13da109fb3ce0910b901d91
1010636;0x40a77ab66faf6140db328b6b4840d64046662a4c
1084266;0x30cb0646771942553c37f581a71ad368c2e1267f
293853;0x0f33a5147457d9d1daef9aad83500dcef1394c13
436754;0x332f59146bddaa1f1be5e1146f63a192acf20f66
946083;0x5d768747002d6e8eeb9232c919d702ce878407ac
980611;0xf51943c551f0c527f6f3e8ca9c08047edcbe0eef
1108303;0xab5b8463ba510c94f5c912cdc4f858734d08c2d1
552570;0x150dce9c3f973d353483b4b404e7956386081fc9
1007232;0xf9c67863390551b9c4d0ec0b0876a0529a19c866
946078;0x37038991a3aed45b263b74c272152388479edacc
630149;0xf398fe8f0b4130297b6a6dbca6125853ab3f20b2
538612;0x13cb61d8906ce32146809fc73a7655ed0f5cb57b
604219;0xc9ff86841ce4f7a05a9c01550420aa51034c0d05
1147576;0xa75dc7fb4912a1974b3ecfb7b3641d38758720a8
1354407;0xc57451958137506206bf6651481033c8bd4ce78d
1045526;0x0ac26809da94f17a27daec7d3a731487970571f2
8520;0x91409b7a1f6ef5240a72e8f26a41b0bcfa691213
875709;0x65f04b4d07dd629c351b572941bafab7f7083f06
245841;0xbf464357ab389b35fd310c6c32c1782c2ae73658
1076006;0x3617b4b7b133a33141e3dbdee55b5ed7122b44b7
946089;0xed6464300f473c2f1567ca7fc79652a692c1dfae
462213;0x9d0df2ee5fd8fa8b711cc341131c7c1e26508faa
1147827;0x1840aee9d14f9243fb9d2089c504b25d78f8a021
798853;0x0db5dabccbfba60e3c761723896c8694b3ecea9a
866583;0xacf31d44679e5956ef8276d7fdd90591675bdd81
701054;0xa678a735f5fb8fc68dd613fb554e5b345516a690
540507;0x1991cb9a03c422b334de039d1ee7dde8de1a7359
710873;0xf84cbfe4d13c7892472427536ba675b8e775f02f
452581;0x1afd643b799b0fab19ef3055dea4addfd424056a
401892;0xeea4f894ddaa31b2b892e084d1571def20f98e32
246679;0x971336868c2c1dab62789be14dbddceecb8182e2
1087466;0x94155b3756ad6bce2df966f1784ec9c5d9ac099c
1047349;0x7da11a48fa466223c63072a8016aaf654fe3dac4
256855;0x3f212bf75a4e4e22ed006b5df4c4952f34d5c560
884022;0x0918aafa9d02c9799f8e6e84f53dbc8146754fca
1041366;0x4a91883775b4e28f483546c7555f24ca6656071a
1175945;0xab8a8e99858f2d665e7f800b836c5ef8023ef9af
1049061;0xd80a2126f2c6c4fd0f871fb4d736bfc2f1cae831
499342;0x1f74f08ae9a13adaccc14d95ddd0d4c4ad290f64
746586;0x46dfb8589a8e7bd85d2d9af001a83d5b0f4a6aba
1115982;0xa01c5b4faa94696a08101b08072618cbeaa46a37
258924;0x9c9ca8d8ff95d89d13564f55b850a9e98a7733e0
737118;0xc9c86228b5deae2ad936fecafc198505e573da90
18377;0x928a26f55a7ec05d72c4bd9dd7ab5fd2969af2bd
497464;0x4083ea338a2edef9a51b4c0daabc0d5302ce9dea
409857;0x6851dc5e4af118f7821bb798df56866cd1491f43
751555;0x0c423298dcce3af4be32518fdbd2130a94095662
759149;0xd1cfd41385a36c5ca17d54d01aa4a67aebb736f1
740260;0x3b5ae7a7e2beb5639ed6362589c35d83e01de66b
432162;0x8cf2fae6de458cc51acff0d42b772d24f46c131e
1016728;0xfe3ee2e5580b135cdb0d87f10d8d4959e095aeb0
443358;0x5047c31bd5180de32f217fbcfe0084cb339cb33a
978309;0x6bf26ef2f684cf640bc48a4dee692147d09d44bf
915525;0x77e41350147eb8140d73faaf3208cb9526a1acde
1107886;0xeceb88847a43d46e134caab995dffa359c023e0b
1198938;0x4bfe5d3aff355695e741692156c7b44a7103b412
1108800;0x72230e3c72be28527cc4763fa3d7cdcaf83cceaf
1063867;0x0822aeaf767dadcab49097abef78731d7cf3b02d
1146469;0x6ff549a4ca8700e84453d06963e90c511e693a26
1022689;0x6ec1e0c27aa426f0653578c73e0eb8a6383264b9
842073;0xb11110205eb159fd80b428ce59512ba9b816ffc5
1280402;0x03e0644c7524b5c24af6639563dffbe4ae56d6a9
1067570;0x950c8a3d79eb3ec84ce2946b379f536fd6f3e441
597464;0x282c2a9abaf76657f07e7dac335159c30d052eb2
659685;0x10fba23f2dc79395b5899cb26cc530194f44f0f6
1027755;0x9d87fa3245fe127d3b787b1c9958790408afc2e3
614966;0x4f311a2baa1b551cc2374f73ebfa7fc4d067104a
956905;0x819cbd8485043f72869932eef63a5f4fdcab546e
255088;0xbdb7c799f418ee4efa04b1c021e4e4ee13d30aca
401949;0xe10740b47ca979893f8fddbbd1ccee5a3788ccd3
1103788;0x3df73e38713890e5a78ac1898bcf88f54683ce87
871402;0xc291d964414f3c80c1aba4c95422406470f835c0
570069;0x5c4d406c4529cb3e6b91d0e1ffcce140091d421c
371747;0xc07fa79f16b10e7921c730d75d1e40eb05b6d983
456731;0x97af41af37f5e91a221719bd6be41b04511bdfb0
304543;0x6c5f91c26c36bcd8af9979bec4f01cb1d4cc8094
460700;0x3029aa8ef0880fcd1e714e2dc42561b9b9ed3c40
872546;0xf01a6a9494688be0871d7dd569b0ace94a69c8fd
489032;0xd47a86bc61367903b5479d3fa6345a6bbef2da5d
1143276;0x6c84174454d1813cd9d5518bb0186edcd2780cce
227824;0x3415187c90ca060591f74565cdb67bd0c931f204
867835;0x5f1f8f2d819129f0cc7af681e223ac546cd83a8e
867502;0x64bd2009b57f659ae0e5fcd805dad48bbe4a29cf
548543;0x0533f6da40d7ac3729ef9ad5fbbafcc21494b2a0
381941;0xf0023217b5974b5b28fe7450b19b433e69a08f7f
634708;0x2b1054c19e657783dd827638bb50b570a1e2823e
1031693;0xeb1236dd6045f1d6a638344a39729f944de12da7
1066274;0x483808572a0306c8d51566ac6a69410f0fedc061
1085422;0xfd2b642f22fa23fb7f6a9425ca6f5d17ec4b5ba5
723939;0xcb0f3fa16d7c20896fcfa5a07c4fd522b56dcd0a
451631;0x4ea4e100b1e5c35659d0b503fbd446b77b0395f9
885388;0xe7b7fa73ca105c75e9d4b12f7a6ffa4005b8f77c
1030551;0xe69737a9b9f1789aeb92c98dd643c7c77f0a283c
1037938;0x9ec6e291f402be6b0672978990d6234c20496049
283000;0xd426b5c8cfe4c2dbc3d247f00263250668436112
1147580;0x0c33c41dd880b63134d26c5badb20d739670cb1b
4976;0xc9cc290312e75959715ce787bf4d17a197c9f26b
1067661;0xe5c99be8a32a2d887b7eb1d22b6e08cbb42fbcbd
494172;0x7fdda45010b7a9acbe486b661712349458ae2f54
1102961;0x4d2d01092494182c5d2259d3849d64ce064a5de5
841249;0x20c6ab87937d5e186ae76f50738debf7dd816763
261763;0x764a0f6c8de13416d39421f8aa65c77b23fd68f8
668451;0xa3d28e2651997c3ccb80868850a3b5df0fc21f17
1034501;0x3217c403e47d70b8f10fb059ed10e9a160278199
618350;0x094288638344c3f746bfee3e38679dee8873dfb7
1120726;0x2794e930718683f0718d07454b703e191ec5b109
1113631;0xc10fc89c6aaf04f2356f9e424761f07e4700260a
719816;0xdd54ccce39907a7698f6ebeb63d8b9261518f789
327346;0xd4a65c790c8a1573d4f774cf426b28e4386f628e
750567;0x27949edfc700c6184b1b799a80714a42c5eaa0e6
1050275;0xf24f5e32d1d73d8fab88b959740570786222f113
990499;0x73a32a8db54de4d6ab3b481f627276b9349a0d11
1344408;0xb95842ae50a8a76974918b7fdc61031a0eea65e9
803891;0x356ab70b09d43fc4fcd32761ea780c55e4010530
1130028;0x8f2ce833fd98d0c0df687ffcb763a5b7e3ea47ba
1100855;0x050db560d5ce899ee561f080931257bc7f54f6b1
1075520;0x9f4d8b04259e211318c741bb27cf33b4cd5c6479
10671;0x9a098274038ad06f496005152ddd231af7e3adb4
874635;0x3cf1bcbc855529a2687151acdf8e445b8a246605
485997;0x63f3d66b7e5c5df15d9996249c2c09c6075ec3bf
419187;0xa1014064db3290d068bae2883099b878166ff99c
390353;0x5de57388204a5b02ebe81e0e2cecc98f39414163
800457;0x41b834a4cc00a75e2bc72f21e7ac2a7554358cba
11444;0x1970654d0bf7380371d106993fae320bf584e076
513505;0xfe72534949d54b0bbacf7912d7c9af8d2e7f8d8f
1075069;0xa088ecdfa9a89e28734ab21e276c043ac38f9817
363914;0x73417d2f963ba18e4c79c70bdad5944f63157e39
318523;0x3065701e059a9777ddb7f8f41848cfc19e5f8160
852383;0x55eb295e24f93cf9b36764bfdb4177f4022d0cad
981977;0xd37371050a9f630209e6227ef32d5ca63db83e43
929943;0x5c25eead202cbe4b2e78c26dfda5129965266fe0
1337808;0xb70861b3f39278ef0f3cec8d0aa7f8b3b6d2a53b
246189;0x83ac38cf17b70a244f0bbb443d1c9f9d8648a790
1045901;0x8651cac9e7fc7282bc22768d2462bd8d6f574dd0
1047646;0x269eb9bf686502bb48dd5da38199c42bfa7a30a7
1354249;0x6a3409b0b8052c4b2a1ee0c76fa509c9e7ef2105
370064;0xc9ac0b783cbf3f16661d0c4fb0c3e723c4dee8c7
1047639;0x08d97f929cc8d6079be386c416fa66da98472e47
1078821;0x249a395e16cb574493bd1a541fa2509b8f1beb63
617434;0xa34ecdf05a9303c911b35b7e65d07ff3e08ee65c
1356;0x8d5044d9ee7cec41eeebef12b749e62e2ab9f131
1047739;0xb1c5b54e66a93110a9e135cd4fbd75d8eb4d5ffa
22635;0xe626bf200e50cca3ed21e1e805e485f8ec1adad2
535437;0x035c57c861e45554999fd4c94c7f536f40dedebc
924638;0xcb0911e08617aa195b10f9ca144e5f329d12d105
989872;0xbf50cad57242a36249caf713db5733fb477c7a14
1047723;0x27a5a283a72fa13887ff4ba1ab397c1a51745d61
453591;0x1030541380a6ffa7d17c41514574e64066dd653a
850783;0x7b2fe58523d97cd04d300eff4bfc80d7b52cbeec
238764;0xe84ffd14e715373968cbff554a55a6c545547400
596034;0x3570063c67c6323b5c8868365ea1097b71afc85f
256454;0x7bacd9f8a0f02c9e5b2a71dfa1f0e28f875c0b0a
1019871;0x201781058851061329e0a6afbf09313fd839f61d
327405;0x76ea238162157d9c3b5f3fe4f361d3bb0a5113aa
1047661;0x56d65c123b111d035d7f7f918a2a7ba5531ce6d9
545028;0xda32cf15e0579082c39f2ac21d02fc5892fbe114
1086927;0x557196f6f82eeb140e3f8ae8ec65d0f1165a17ae
1064566;0xb042e7f4a2d8287ed1249d3526a8eb9aae901a98
1080623;0x35be742110fdf5da11bd638f17feb6d6dfd85598
255570;0x0033f47bd54b89459b1db4b5011df7c8fa1a3d77
1111373;0x8dba1c9f7f8d360a057b975572eb7cd4f690b1f4
495588;0x8ca10cdefebf62bc8a7fc9bee296faf033ad6038
1084542;0xf5cb08926a1bb87c61b9149334e20c2ca6df0c19
515994;0x745a0bdd890c693fa9dce84ca6b2fedadcd4e123
1345810;0x3de339d6475d348f746505918ddad8cac33dd0ca
372117;0x554fbea6eb6aa309cea283f06c3c950ed4135d78
1110427;0x173a5b3ae56ffa9aacd0e91783b678fd50e662b1
247740;0x530de94e66f7ac6349bb057022233cd60b50fcc0
701368;0x2e834ebf0db26e66509bc0c008e22d5e43488371
499153;0x236091f2ce15818bf1878fbbee8947f91b7fd21a
434390;0x2aa085cf55daf22c8a6dfe853bb4aa38b6a15d6f
191317;0x2b7af0dddf8a0ee6003ea4e3a2ad143630e89530
1197721;0xe1cd978164eb08fdb1e35c3a40425994575019cd
326487;0xb84493aaa78e0205efb49b063228a0dbf190adf8
365836;0xf5452355c78a9b406642e9176acece9d1ccfa8c5
492899;0x76f394fb8b1db9b036ca82752ade178a60b2958c
569735;0x04068657ca3e7c01ae43f6b62e9cbc310a298fdf
1124343;0x1d0a345653c8869a954db969413a91eaced768e3
242421;0x465cc02e537717bc03f9e6d26540c0d227c20599
275697;0xeabc032a6e6f254871633c92341724f49d88042d
577455;0xcb3f71aedea6dd6d0918d0cfda4f1bc89b3d875d
1143279;0x29b112717c5ca24cae9cab4bf5afec7173e0f41a
445498;0x3b9add3feeee8c3d6109469d0d62f2e5a95bc300
669753;0x63be776a02ee274edcf3ad22745b3d69a76fbf7e
806930;0xd648c10313811dc9521474cac1fe6e5adf127c79
291770;0x4587dffe5cfcda26929614de491e32f1f20e6e6f
464538;0xfd554522e4fee06fb0230039185a14f156557bb4
310316;0x7754aa9cd65d062b9bbec6c5b1dd06c92c7bd263
346024;0x3ef80643927d769ad993926f5843f479fb640ea8
210680;0x077667e9cc29c22ebee931e3c885333139cca0de
960980;0xf9b576d55a22b0bb86be1451f0d6d655d602f148
742609;0x52c0da2a359cfa63d2e6e7c37cf697ffac443d36
524928;0xbb5d4430e4e67f455d5c0276a48c03a440dc666e
1073727;0x676f73862280e3157ff384b92efe41fba3520e49
211006;0x2c50692017bd60449b28df7d3e88222e015fbc1a
1076569;0x57f26dd43b0a4b699f0674a7738fe390156ef558
975572;0xaed596e566758888f1692cc5be2cccf42368de76
242495;0xba8d6f54b06a3ea05f8d584c8a07caa8cbf04fb5
1016403;0x3b85f040fd8071d8428df4d7b2b784d36b7b3f0e
588335;0x2c79c31d0dc4ce7899be16993bf69ea84a1b52cc
1101055;0xf4cad08d72e57ce1a732bef648380933da1ffa3e
873855;0x357260b89b461ddb22622c562f3530abdc4c82d5
1095366;0x0ed6ea5dfa3251bdcb15e5d17697e65e907ce2bf
544449;0xff07f290c3fe214d3f393cafabc5260967ab1c41
404956;0x460125931284a83487569069c0fd9910156089b1
636966;0x43f4b38c270dbac1ea1f487228bb39bb5b3d693f
443244;0x4cb19c128fe738ae283adaff1102e6ae0c68af22
455549;0xb7caf6b6366976aba93c9358c92fff7711b75e9c
914358;0xa0273ce39cda5431102f58bfc5b92892f8ecb81e
1117579;0x338ebd0b45d662eeefc8f0ae626fa78abf6cf682
549198;0xbbc7b3b80d75098bcf748e09bbca4bd904db0e8f
602890;0x6aadc264313c32fe85bedb121536ce813885d568
863564;0xc6cfd180b313d45f34d1d90c82f86d0c6bf733f7
1179464;0x76e9915942bea2f1b8562322d26e51ee56a960b7
474342;0x82e3d7e09d95e59358244cc94cf8487159ad85ac
1217002;0x7f08323e6691a794a7eb855e6229ccb399a22562
1327741;0x4e8035231105038c3b1dfa0a78ff5aae5fa5c019
1006241;0x46fd399c9742bf62841a526d70b348bf2f81bf9a
1094471;0x718f3605262c01fb44cc114f77c81d4bf23beb77
729894;0x7b8c423c17eb8fdfd580f30f650bd8e93b18e735
309397;0xa6e2e98c1d5cc9ad532a9395f3c0c085e4357198
868223;0x7fb00394acab0fe2a83c815ff012f6186622ff52
497547;0x785d49a9e7d02703060ea97a7da1799db2072081
542351;0xf6cc71878e23c05406b35946cd9d378e0f2f4f2f
1139355;0xaca249b0defc2b8ad1a73337e1eb12e7d21e36b2
941316;0x663260710c896722c3d881419ee7c3b4dae215a2
1004716;0xfce25ed78b084e697d13f632f44ce4a562d7a4a4
694018;0x01c3464e48651baa0c1d7084863592d83a1f44cc
323808;0x8e12a20a34eec02489d6774b35fe30daacd018d5
660867;0xa4027e5e345c998db82dfc1afaf6e6f881fbdf9d
497290;0xdfc3ecd6d1b6c051cc361d6836476ec76c78f86c
794160;0x9bc662fb00451d47869401569e7d0a47d2c4a177
960990;0x231e7c553a9de3e957a755e5d45a8ccadea2273d
496322;0x1dbae7bfaefd5b1b2c983d34a6fdb1a8385d7258
1044711;0x1abfa703028661fffa2ce859e0850d050ca6f66e
1096353;0x3f83c12b0407bcac744bc5d2c3b3574d4305b271
314835;0x83dee633561ff8d02f6ede7ea82458931f0262a4
350643;0xf019137ccd78d76e1cb64e59c8b5bfdc8a7358f5
1067449;0x1359628c2dbef86831a6f7c155d5514aab841bc5
1047727;0xfc3f99f1ce26618bf9129e01a8557b6494cb8672
1119815;0xb5696caad19f62123110ffe5232422ee9e14de8c
989866;0xb896a08501c5de3aca6d45f5be988b41253a911f
566327;0x4af23d53290590da7da17ba2f76941d5d19df93d
1020227;0x4b1e3bf188cbb5b6e4fdb28215fdf331050aca3c
1135069;0x95dd9a2439b455ac77fa489274b0740bf89a89de
655602;0xc3dcb771d3505c7d2a83c78ed675f5284b9f9b8d
560263;0xafa191f5beb25057b7e40fa5a5f1da0b4694cd4d
546813;0xd8f23e586a9b874215628a612131225b09a75db9
882904;0x999b5554b0b2866a0154b3afa56e426e7f1680f2
563310;0x874688db99eb298773cf02041ad59e4ccd173436
563465;0xc8035f8ea7e6c7238a9382205af10f79519252fd
563520;0x8a44852931693a6a5f6135f208f69cbaa2ed02e9
836626;0x83e20ab73707a0306a252295681b2ec5e43b9810
563554;0x593129c443ff97cdcbe7a8c7cb99f39c3a5be243
563692;0x8494e4be6cec6f7a2724b0cd01b3567eda22f0b2
13974;0x6633bffdeec6ad22aa07a598f9e78db2635c5d4a
1076512;0x759c56b5d7e29957b01fca5cbb6a670f325f5e74
1305957;0xf964efee159b251d59c85cb218dc23e85c87d96a
466899;0x0156b94b4b74005beb1c9f8050150fb76f2c858d
1146500;0x6c094bfb0413004fec0848948f730b681d5d5189
522595;0x65738d0641fccc3c12855690d1b2eaeb53b8296d
1317042;0x5c2a86835daab07f836bfd9b3e55915937cf080c
349370;0x29c74ba4200f4f23161ae95f1cbaf9e64364bf1d
1329078;0xa238c47235140acf5bffa3b5f5308ee14d220031
710603;0xbb3dc3bbaac87fc5c3a78d5f1b385fc8375e8c3c
1050784;0x1903e80844c15dc7ded240afb57ad1cb5a47f67f
1147075;0x36494e5720b75b7ce0640bba4ac6081ad3bae57e
460659;0x04a320f9115eac2aada3fff1f39de6f4eabacc22
1253325;0xa07f635be8b6b70164481225e405a66130d1ad58
1108468;0x1308b3cf82e52c7e7ec8040e2140263a5aa953b4
614190;0x8a4575b1183eaafc40f82b75c77cca62adbdf3d4
579495;0x6ec1b841fee15c110a9d0a41ee6114c1c23e7efd
522885;0xc29556948dd4de10a3b9ed9e7fc76daabd73de28
983907;0xda10b00ae5692e433591f3a9195fc889486da6e7
965315;0x02b7994fd050dfd7dc01b9fdc4c19485cc47b2ec
394270;0xf03007f47cad5c08b619b43af45e8abc0025656a
575398;0x3476e43d2963cf9b5cbf3db071ce6fec324f0cca
494067;0x9a64901d589fc2ae26e4cbfd1c820a713ee8df0c
493752;0xcfdbf735ba74f3249ca3cd6d54e2a95f94326f9d
607799;0xa6120656566296ed7c842df747908bc1986b0042
506509;0x0581ba9f3d81fdcfd6bd7e625ef2ca463763002b
1074457;0x3b91af10c24b19084d22d023e5bd0623f1c4183f
804046;0x252bfedf9205829ef2bb7256b677a0d7005b4aa3
572808;0xcdc28d428d946700c7fcc2877b6bce864c8f8f45
297049;0xb86ffbf7ec4393901b212968e14e7cf20eaa7126
554273;0x79915045e5a93b8ae133dcceecf869bacde91d44
1198409;0x4f303eb30dc72d38d2c30c45cec93307c2486f05
936540;0x2dd02dcacfa1b4f8585b1bf66b19c4473a26c3d8
293643;0x2250a13fede97a39cec431a95e07208fc3014eed
440214;0x05e11ac7952002a3b28ffd3e12e9d86fb4ceee91
268821;0xa0a8fd340ea88ccb31cb15e569e8f51f2639ef6a
918432;0x2d4f0928f86b4aef860818b0d843eda38ffef4bc
1015882;0x235ba76419ce6e6a3ddeb8727202c87ac0373e70
498400;0x8c5b0098be951eb5d7b61b2442adedb85070ebfc
972481;0x64f3b1b8d560d69314710e9abe351fed186755b0
781517;0x9d386c6789468a1979ddd352f5103c2cb7cf1717
261102;0xfdd19f0a1df6a4652c6f27182430ab21e8943718
245096;0x57a150482f7313abbe64b6dd31ce638d75a6299a
1092940;0x807adc6d8c3c129f11079f887dba33d3c5833c66
760548;0x76133ff913d08cd744311eb56831bbb655abc14a
420026;0xc3d63bf90ef98622e7b220d662c14902a9a60ed6
523720;0x351e4d52704d2caee674075ac72f4eb938eafaaf
573740;0x0d1faeab3159e4212751c32d1c1cd3aadc7bd978
395412;0x0b5ef645f13b199f0b348966e2d27227c0486f59
385581;0x48fa6467820cda294e1c2ede2a5cc6b89aadf228
644465;0x9aa8d9360d9e62e3e93f2a20f71a1b61eac4f62d
408979;0xcaf485690f38da17feb4f99f7e4164fa41f94e01
506051;0x1fd82c8323c1862c9e3a29a27948ae9b7668c454
907533;0x4851ae2f1ce85410cc23c5184e22e90e647bf70d
1143275;0xb8c4041f8720225860bb3c87fbc9895582bd9f86
1050560;0x1cd055eb9e6802bbe6d8f60701a13446e18beb6d
862002;0x702e77546a7682a2c626bfc57b457c012e4ef3b7
196227;0x491a31634f9e4d3b29f0765a0377a7ccee1d53ac
867483;0x3feeda27fe15c5bf98caab8085cafb25309a4720
680699;0x09c929462d2a8321a36e17635f679cbc8317b7e1
1078827;0x43b117de11475292ee4e993e92bd0ae376837731
303609;0x2b9446be36fc9b4dfd77c69d7a36a1568d6d74a7
915534;0x9ca4506771ab2efe8701a159738343a4475d83e3
937463;0x9ba913c4d6f6c09ae2ba94d3fef4ee9d955a374e
1097747;0x07749906c8a8976dab4450b5d040281b0c5a7c6d
391444;0x156aa5c224c034e79da12ccaaed6cb48a6e11c4a
860115;0xd60b6d3798449bc8baf2ae8d7cf270fb2b8cbccf
937460;0x371d8f88450cee4dc0d1c912078ff1b84142a33c
913727;0x9ef27fae9ff3b973ac32e3add624050c58c4f557
937488;0xbcc480d2fecebc7e5f1425bf5904df7e0c6ea317
937459;0xb43db70dc6025c2b2b02b6e31d949a992e03e781
617443;0x09e5145924bdc481ec8cad6542438c4825a56a9f
921949;0xff43f4b644e83f60e018ec2bf24b433b64f0a122
1035115;0x78b7805b5347fdd89195b53f4275db9ed537ad87
712899;0xd5ce8ad626ff1a38fba80b2d243783faff8484db
1068509;0x1a64dea11d14bcc0f3ae33c04ab605717eb6500b
366306;0x457d128d2a939cb94a6fd8601d13625f936d5e3d
1353940;0xa9f0328a2959092da1afbc254850b44be0b6ca7b
843008;0x02e0f28b25930be0679941d030333aa240bb83fd
526262;0x847a7f81bf84d0218d85a0815b840d4efa643ea0
1040762;0x02f9835f364b6805cdc83469fab20b438b84d6d5
868360;0xb14bbef0ffa68dd3071d17c29d1d94c294e8c964
1025368;0x77b144ab09235b350c8ba5ac6063cbb27a1cacee
441529;0x5c49f0f58790fc9b02b70d31a85cada1a6421afa
823434;0x7cc4d9ceb419b23f0bc5b0b0f7fa5f06bc69fdfe
692004;0x18a281ef2cc8c663308a604522f064d2326376a0
863714;0x91f89be6d98706e5ad6d6d5535db753e05d709dc
826627;0x78494840aec8259fa9e97976b0103246063538d0
541702;0x349cebcbae42eb7033f787f3f15e9626646c1eb8
305079;0x4cd52346d8502c6afa6be2361398c527d2fd470e
974355;0x3d3010b1585080e1ec3c42ece357efb57701d657
1158217;0x8f61cd039ce8daef59ec60bd62c2a1411ed4304d
396395;0x1157cfbfea2ce6aced994afa643efc4f5191fb06
399997;0x69306acd4a593bcdc8cd77c6796be29dfab3adaf
1067621;0x28331ba0f249a0b745ea7e7ccce76f9dc201029e
855926;0x89bcc952f78368a58793d7e40652a47063c2d13d
1108686;0x7384e48e48caf143292db13f9224beae1ece4889
442521;0xefc10f5e03c31762f19d0244d64b9ab38e3cdced
313236;0x73ae907428bcf8f9652847c179d04791afccc830
994564;0xa62700b491f65876635da00946df16fbae00edf9
1071878;0xd027b4879d85dea141beaaf04787485d2e3cb9ca
921932;0x61a2266d8d0e90209b4ef57786185fecd3fd4261
1048886;0x5f07fd31069456da2acda17f376645bcc7975dab
1014030;0xe9cb8898f8530f1758f0c81eb02eb505d97df1f0
554781;0x7445e5048d0ec1d280a42a0c6beabd1384f4d6e4
781251;0xbcfe6a70b882779b6ba6923104b41100c3952881
224152;0x683eda680f4afb05c65a2ef4fbbb1029f6b02ec6
911856;0x32d305dd99a2012ecaa7ef3242062a2ad6d14f6d
1031823;0x9af4c307d5602e8408bec369c4ee781b8367d021
600124;0x852a522e21f84ac26455ce0ce904b2c13ffd658d
1014940;0x9a21393a5f10d647fe84ba243e7b35db6983d72b
1092257;0x9fe4247ce396c8be0a3391f8b49ff452356d122d
645175;0xe78bc5e743c793fce4dcd33eb2f918ca31b10468
625444;0xb86e5852fd2d7af2fae1f74c5a30f3b25f6a3ad5
567025;0xc2a8f49590a523ef991dc9c677d28f5e4513e028
859054;0xeb870e4e5760186203851e4d563e5a28420dd250
1048958;0xbca84c693635506d48bd2c8c6e4a1a02e29b1832
1045367;0x7be102bad13c267f0629cb83e33d044706c31136
492157;0x20e1130c37f065a9f429e34b559c432fdb6c0aa2
858746;0xe342f437be7cec5bd5ed19fc3e6097d821f3e059
982991;0x2edff0a4e379e9e2287b11f3615922a90d1a4389
386878;0x5e24b5380d2ceb9d8dc64f4dfa478f1225f7565e
456143;0xe5892ba7447816269579717bd0f61459305487a4
1164733;0x127a0b8dc9567f838c72dd2e2ec747c130280088
12590;0x55dff9e00d35a07797d3d03e95f8119ee21c2b68
509781;0x0f027313886c5f9686a23202e1ff77b7824dcf44
1319160;0x4d8f126d1804c118939b82598d336415c3d80d57
809229;0x004b4a37c930775afc102d435f7309669aa4e285
1197850;0x89f803b0dfcfe9d41069a9d5b0594b581f03817d
830254;0x440835e628fa491f9baadb7131e68cba6d90e73a
445247;0xd7838e05dd7ce88d57cdbf0e91fd9294403a80d7
979500;0x6012670b8d41f0c4fc29a15bd7b0abbedf7de894
190653;0x7ed893ca40e3d9a2be42a162d62d82b444a88d0b
983069;0x9e5befd335bbdb2bb03d62235104209811d40116
1105602;0x8b501e021bca3e1fb8bec7eced2cc48b760f6d9a
1065187;0xad7617e139e6c063d1c394738b33ed0f95805b62
883709;0x57a066946157b404bc8ca558348fb6c5a9ecfb78
240855;0xedefd795aa45a90ec1caa50a507729c7d74ab32d
13119;0xef957119252b2f003950af76188c28b6a992dee9
347569;0xad5c05b6a025c9dd8ec3670b5067846ec53a543b
1028535;0xc6e2bc731aa73952f0d747c8ee8b07dde4aa9a72
696635;0x44ed838ef132b446930fc96b7de9b00662e8ede8
1143274;0xe00b577ba50fb7ce478b1ca571da49819d30262f
567418;0x109aa88b870c2d84729a0ebe80cf5d5d966838bc
206415;0x8a258bd993a534057beb0c25a7d8c7141c1fa441
771041;0x8a9d41a2643bfa8faf5f826be0e63b1f60737a6a
1280486;0x0ebc59d92e2af7614e31df87c8f06293df4575d7
1078277;0xdb5887a747bde5e0210e6246bb11c0a589520cc6
745173;0xe1e8a5136314f3d7891cf9719ea3c84e97ba4d6b
6199;0x83d6ea60007480b989b89b6255d05519ab3cb76a
939931;0x2cf41604c595a81b6d8299bb530994bcfa3b0ec0
1010689;0xcbd811dd645767e16432d10ecd788c342874777f
1104593;0xbdc398b65f39706dc8234e07754bb8bab5fb2027
927834;0x621d9f1dc7273b813913f901b2bf994c7df09483
310840;0x84823b634cc46e2fae8b8d8b5a2c0f2c59742bde
909759;0x17bacefc2309495b5a2a1673f970c9ef568a7399
1105847;0x07224cb5624982ef9757e2f2aa0c9d1720135726
336211;0xa7a746de87e6a14d8197c19ff81b9faee3005416
475696;0x6177aee410b5867b6ec1e8a1fbca8ba5e0a32eb1
585472;0x6fbc2b7a8eb1740ea7932967cf56dc225696507f
258456;0x0d346f0735416291da26681f12951ea17c6c4452
1082259;0xf368d8c08b934e3fddbb67f3def359597b194239
644623;0x7171992a7c3676092c2db465c16d75b482463f03
551646;0x4ed0f6fe7156efedd299812b8d27f60a6c70ff6d
561552;0xab56fce2bf9be7042efeefae40dfabae4c1c77d9
251454;0xc04f6b9d82eacd904a144671a157988099843d5e
705836;0xe0d33e633e84e0705f39491010575dd82b9513ef
935188;0xc0e9fe138104a4a2e2edf42fd379fc70c4e39e73
470143;0x8eb7e1260e9413eb3a3d68ee6586c4e3acfd7284
1102580;0x8c8a7884c0e36f19d634e1a0f300632d0b62ece5
1084480;0xa2b2c0f3e7ba8dc48d6f26b689abe7c051ecb0b2
287181;0xa56056a2e15146c5078764483ec81e3f7a4ce477
969219;0x2024ac169b688f7b85c57357bbc627ddff758ec6
1113109;0x574508b838f8f4c28f965638e62963772e502886
234604;0x5f3fa5a23ce7d0ab2969cf3c3633bdf9045b595e
530843;0x56c75f6a548acbd0ab045b75ad39d1ec3787f296
465630;0x5da8b8659327c4b8d443fd1e8e9ad34d0500bef3
1007011;0xb7706fa3979c3dd071e9a065007420beb3782a4d
587852;0x44a35acbe128656f70109ff4a10d8a1cd34078be
1090088;0xfa84512c7c486775ea34f1294a4a7bcf2a50d004
318912;0xbb5bad1f606bd1191402b012d2ac2998a661454e
1112664;0xd94532f4c52329496c821e2e35943ef2f7c6fd43
292350;0x6ba7eb3a39003659d3f8072502a9cbbcc339bc12
373147;0x500a53f949f9884210bd1ad127b6709fc424212c
246397;0x40ab0c3f49c25eb7f5a45eff2e483136f48ad011
378069;0xc4b1188d394925075ae9f6f36766fadc4b53f24d
614248;0x68239376ef024e75dab868fb68a4de0cf9b4287f
983193;0x533f0d7f24bcc0d3348172f0363475334d24107d
772864;0xf13916f3d7e2ab5d2953efd1748892178aab0795
468188;0x22c70cb7726cbdd17dfcc9ba419afb51c4a19d8f
35;0x17cd2559e4861dc83a1c61dba21aa2415ab10ecb
1038703;0xec1e7444dfaa72afdd2b69d667b86a44c715af1c
508648;0x1ef6ef249017b4b16d35ce6fa6cd0e5ef39183bf
1100464;0x39f5cc2eb5493bdab6f6bb36301ae3cd1ad7bec4
512722;0xbfaa13e1542fc312dad0bae75b356b19aa39a97a
275308;0x7326b07834c9e20dc3fd73c441f8077d2384abe9
1166242;0x19e907dc9112832962d0bdf44bc7c031556f8a24
388634;0x5ca9bfdf47aeaa0b15cd058fe985b59237ba8f88
1013202;0x03d3341a6b5097069bdf0b7c6312b542654344c6
510834;0xb9741bafde428c9c7ac63c8cae9cde0a1bbf884a
1074453;0x0d4bfc1fab0014468e655d2c5ac1b211f5bc25b0
920221;0xd6d6c1c88c37efaf621e254e253c55e6e3651d57
920233;0x09ae590d283191f185ab32a1fe9c26034b044051
840008;0xfe04d5f5e0ff41a667a1cb012369a250fd8720e8
687160;0x13c796afaabbab309047f8695e5b3e868794ae90
1127448;0xaaffea3559910034c249d00570481241c6b35670
920228;0x8126fb94649f2e2af46c006957a0dff4aefb86b3
509756;0x9da089e5580f007bdd70a6cc4f6a022644bce7b7
902418;0x235a111ec4a36a9a7cc99e98ae6bce7d066323b5
1108230;0x9f3f87edd5983cc6c8048a273b766ad88a3bdf97
707566;0x7a62dda2e25a8971530ae3dcf80b1bcc15418351
1012923;0xfae3db219da317dbc65e1ef176f5b8a2be0d3818
846304;0x853dd51e66fa1935b48bec7b0865d5fb481e798a
558868;0x0d797a852066b2a0d526a04e1fa7c4f0497649af
848294;0x3bc2b4255633b65e846117162cde3476eb5114f3
696937;0xf2e22b69d55325ddc60b04ac109477d8c850b954
1106623;0x0698222c1c5e26716a68c46312018899f83b1fe2
879305;0x7d1fbed57914528e3870b3aae5a1b6ea0db92f53
1024728;0xeae1f33486480d614f558a27c5681b47579f78a0
1117633;0x683474be73df2b256229bee15fea0ca451d2381e
1071454;0xcf5da37af32682b902c6e77911a9a6a959838e5c
1097026;0xd8888d748bbd786d9e3efac857d36cbdee1a8fe5
841668;0x9358fa787ec79537e7873ed93383cc2d060261a0
8517;0xa01a6cff76d07f4ab802581a68b9709ad7fd21ef
490684;0x2cc22de6ba48a1ef4ce5f9ba8b9056b8ff122dd3
937462;0xeb130378c60f84e079b6413c439674d2176a090f
566307;0x0804b1bcda39edfcc874319cdf0dcf68da183b53
902437;0xf98d4787e710eef175359d680cd9701c26b3e63e
723964;0x80b53f2ce8a2c98958277a0f4d31d372a8b03ef8
246078;0x6c0ab4823ddad87dc632c7fa9004b0613e241ff2
855807;0x9af3eba2a97a9153debe2c571f3afd9b5ea35062
322525;0x071eb3522ad3b9d9cf998622ad41fd8a517dbb4a
424769;0x6b7e54f81ac29a61e82f01eb0aba2f71dc41ffed
950304;0xc94b8b2caa5c24a13a542c82273750026f6bc320
601593;0xa17ef5ce403994975a7949ceceb77fe3ceab106d
358147;0x112059a81607e317e1a19f735a5a5840ad57e675
937458;0x3e82032212eb10b7493a478b134c57a65a0a3c50
1081651;0xf58a53caa9684f015e1078a2a449002ac26482ec
465309;0x11d5ba0aea3a5a78528c6f420e27e3b73a92347e
1084479;0xd0b099ddef435a214213d113e76e64e9bb847285
278935;0x80fc60f45b91741a9d40940cd4ef441dbcfa213a
993656;0xbe4748c9958d3253a5e35531e0de49808ce2364b
808646;0xc12037f5b60cbee1b4466031e9aab68157c6418f
1000586;0x4c737bda02ba0a20f42b753d253337ca64e21860
572442;0x386b407cb9947f1419125078379035e3246b25b7
541273;0x1d4b3743a783c293be962e6aede959097f0344e8
902434;0xde18f27bd0005cc4b3d54c58245f5407a590068d
1008423;0x172c84162301631e6feb14687a44654800ba02ef
789084;0x715d1d79696bb42fefe0bf23bdebd73cd6214942
822052;0xb2440980a8b8a1304cce70877e4eb2cd80d977f7
796563;0xb7df19fea996ef4c70d3e014a77b7be72df8f9b4
524209;0xed99f7cdf2308dcb4f5d6c6272dbfaa532353b4f
902415;0xeaf554b52fcbf79215332d22e790bdfaac796540
728773;0x3587018f5e5eebd61b8a48a196f23cdaab5b3b29
1076003;0xc2b869a21ffccc968ec1276700a09bb510428a6d
989892;0x0bfff878d95517595bf3fc395af70786fc3981a5
1084485;0x075634691ca82947e8fc5ffa979d0b829c0734eb
1084482;0x9705cbf9450b49fe10e83b3eb008a7bd9d2d2cba
606581;0x0279eba209f75bb6e44b29249e03622cc8b5faff
13476;0x71ce57f97b39ef45f37094be3e27267f19f94ba5
993652;0x4e9326285b4a3e4138b80038ec3dc29ffeea0e87
1084486;0x6bb3c501e61af4f8a06565742622ec126c3aaa12
537141;0xd85bc7042c6843978d8fa085b038a875d2bb0df7
1108624;0x97339a3ebb6166d8e973c9c1ab3dd0165b8dd4ab
936544;0x9a9a2c9269c0509def37fd9242281a7ebbb6863d
397925;0x0aea51df36f96d319598aa94ab83d1230ca5449d
1084483;0x7b37a4df68a627d0422f184baf05a91b6e89c224
1143302;0x6c28e6062a5d8ce4412089d536b015fe657f839c
1067311;0x4bfc41da18ca93b3189ce4b62ef891afce225012
854624;0xa58d7cb1c2c10047c11c19e7b5d7391731a7a8f0
11959;0x5324d9c607844704c5aa1e27dfe517bbe9bf7bcf
563687;0x37f84f698e47415e95c19ebc7768edad56480fb9
902411;0xac1d42229a6abc5c8d4917f14053622c884ad727
1345816;0xd28cb202dedf7bcabc078e64bcebcfc677af981f
1097728;0xec32af49a7a211a1a0af010112ce7501630fa56d
455792;0x491ed436043e5848df10b79b8ba58fcb87752b34
519314;0x0014bf3e51a954cae09982ba61c7ab8ff0b6ea03
1146204;0x66e4316585bc5df4a0b1fdf4b691fa39159ab115
739258;0x0ae13b1cdcded0840d84896ff32e7b9036c25471
902423;0xe3823d650f10f9a0c9b78cc7b8a6df2bbe02557a
1094622;0x070da75dcf5a1bcb429044bea6bd5c668ac1378c
262200;0x70940bd73aceb8ff672a7c1f48d1d618bdb66458
701797;0x3785192d1d72ca7b0e8cc9c15fee4b6746f90339
427087;0xe4b5839f1615260326037cb2afebc749c51052e1
902420;0x7b0159da1bffbebbce415c4af5adba0fdcd81606
588725;0xbde48658c88cff1ac36556fa967c4a123b65e0f9
708281;0x45dd80178d8426f82df56d7fb8ae40ba7938d7d0
771706;0x0b2f007f9b4b168411d3b4ef9b228dce9574207c
993660;0x0391bc6774d7aadebdd5fb67bd4361c314dd5e5c
1040627;0x5d0e4703091621b943d59597734fb2ddf3d07fed
1040650;0x46a5ae5c03316d7fded6c96e2ceeabd71b8bcafe
445015;0x4ba800d0c0b0d0fbff4cb623e070aad62f50ddfe
1040659;0xfccbc8d90f9375848a62e4a241d7c50491c4981f
1040643;0x30dda99cb16d6ccbe89130839969d8a511578889
414210;0x3745b0a20a9b063226ce401ec980dabceea1e5db
993654;0x90568b14e74de3a1a8eaf99fb94769056c593ecc
200160;0x066788c0b763ed06c64085461ceedf862dbe0d71
897787;0x2bd2f3d996715357d038290a4ae703891e130c6b
699130;0xb4073e902d4dd1fe5bb10387195a00511d604e0b
1024874;0xffa2a1a89043bf0ee4360d1977946c76e233444c
1084481;0xf2caa6684177c47d87d4fd0fce02c92e7bb9270c
409956;0xf85150804bc8a3c06b819cd288b1b94f0a5ca9a8
400212;0xccec42a04fe102795bf9343077d732a36f100625
258603;0x836dc1660e0405bdcc46aecb2fa31ed99b885ef2
13300;0x36dac778973f06c72ead57302c79b32d838467c6
974013;0xbd05a8dca16417ea8ed11e295ceb579f410c52d2
1100817;0x3d508771bcb22a8da2624089019e3791f4cce54d
685193;0x17aaf3487f4ab82b0c02e5e7174c8cb419dbdf14
1068807;0x0c8248b12439927a07c698349f845e1c73002889
898473;0x395bf5bf3e55cfdb9ad31baf4daad2b6bce98a9a
1084484;0xa1cfb9b94e350ac744d0331264b3f6a723337ea9
498257;0xc89d940abeef934280d468d172762a9bf9c8734b
1046063;0xbf206d58d3f578c8bb5e2a3df9d93d333ac66a09
612658;0x62f64e07cae6c71d93bb716cc80f5cbd36f2f132
1074487;0xcd49449778371ea2d2443a458cfdfe2db8f23cbc
315565;0xf5ad933ad3cc37aff940b9d23984f52d95b80777
1103123;0xb0cf58173f0ae0f9b73609fedbd72f88571800ce
823903;0x7eb73b583e9b792ff06afe04ab06423a7959999f
954441;0x686caa30a272986b91a4a20ad74f68845475d7db
993657;0x0151303c2b0b6154aecac5d1b90f605c9fa1f654
212854;0x8a7338e6ac8178b65f9e7d79f0867cfcd8f66086
993659;0x210b3df647a36e0456101762b5c5379fe8496037
695119;0x9be0a8b2363e9ff73e977edf421f3b2a9abe01cd
902409;0xd6ebd1095894575099c691d0fa2780b94d02f9f5
1092015;0x2dba72e107246a44c9df2739624ab797804fdd21
895062;0x858a4f2df7e6740ad388a66e1b323bc349c83cb4
917125;0x6b4814a41f9c6e5ddfb41fbfb945cc49b06a5dc9
277291;0xe13d3a0bc2b7ad84dab768be02d41e330ce43930
229335;0xecf58b6d9c5ab55fd44fcf9f7183cb236b7c2b44
1085240;0x5e880e021c26ac1ea78692a1cae1f0f66be134c0
951628;0x105abd6ed78bccb715da0bdb83941c4a06fa8f73
638607;0x232791efb239523132e27d459519eb48e377c2b5
1345524;0x99c50976b7e1cd13e9b2b8befe5e24c7ca964be6
1038518;0xbbc742337ef99c06e39fc96417dfa118fa3745ed
798449;0xc49f35774c6077e922a99e8229071337c06f7c3b
989893;0x8e09150b2d680b5309f70228c8940a1b84129cff
1161873;0xf2c8d5c01f1b835b26bc8a0b7e4e853b9281eb89
210831;0x05efa918289eeccbcaedf9491a025036e78154cd
453227;0xfbd505d1a5001a5c3f76a0dbbd6d69edec662076
902429;0xab941a971eba6003d52c8c8a289e4e6068076aee
995310;0x7040eba9836187aa2ba262583a9eaefd84093e18
749699;0x510c2cdf49e18e3bb579878f953e793dcaa1e083
617282;0x760ea199a3c14b74fb1a68cd72e5e5f4ac57f182
460752;0x848d55b1f643c9b017461bb4d0d93a48885ddf82
589775;0xe082365b18a4594b4d9a9f006d491663fe0f3738
1040674;0xae1e4e9ff4eb4298190385e803e63cb1eb78a517
1040668;0xd72697c00f42a8f936c091542d3d1f9d9d0df2d9
1040715;0x39da1ab420f7fc164ea62d726eced9bcacbbce93
1040711;0xebeccbef419df6eccf48d44754503be41d21fb53
1040709;0x235438335dbccf48cef0d4c2c37ea61a30b12ce5
1040671;0x4f56ebc78a0af74fa80bb281c69f11344ad2837e
664837;0x389ca4761fe6463353dfecac0d1365fd61f1ce57
737214;0xf1bcfb2b171262947c958019317e695dffffdb3a
1321705;0x254374cc44cf3eef7dd993a44db0105e9ad491ad
1216066;0x1864d0ea7d7dc1a3e895263785513c0fbc15a8b5
902425;0xdfb3ac7048c61c90ad164b9ae4b52600d2cfd803
602789;0x29ca0ec0418505d2593745cfea29b66fef6d4274
1019134;0x28236a9b3f4e290fa6fe2163f24ac538eab879e7
21609;0x0792e746e362f9bafb0114edc10a4a9ba8c039df
236564;0x341c0737f01c6d51ba934bad01c5147926abf38d
1153457;0xf724a487b0f1769aae0b6a6b15b23a343dcb6784
1062883;0xdfd927033c9228cdb9c28ee70635de177f000011
982887;0xda2e118d3a4d9bd2e7fe1e4f01f4ffd77a12e3b3
1337674;0xe02505dc0d3fcbf27d34407f3b9cd91c1460ff84
339320;0x5035e87a0cd660359aeb4d90ba233d54d9b83a9e
549312;0x24ee7926b6ba4a4813603785210913a0b0cf417a
491537;0xcd2724eb832c5ade4a0d63584c52fb9a8f9270dd
857644;0xaa8f1906ba1d75a31590c24075bd64ce25f4061f
497634;0x9b2078774050290a9465664f83ee536f3fec8fb8
464297;0xe928cd0576fa03aed52382957fb4f378ab679050
1074231;0x70fab61e52e3ed43827e82cf99a39e2ab2061243
188985;0xf54ae03ee8a9431efbc957c1f33b6ee872c3a51f
841408;0xb28bdab5a5e005e120e8e6e4da6dc7a62ce9a714
1280271;0x15f76d5739d20aae9f4ac2c811738e4b5f3a9cc6
1235733;0x00a9db16fd0bbaf88a389778b1a20acb12accc56
509670;0xfde87642ae923788ea9a944d3a4017ec9baa90de
583057;0xaad4f54ee4ad9ae7ddd915d8be07d6b75a6a5d30
989894;0x18186f69edd0f1020861064450b34451826c23d8
980412;0xfe92d657c57634f284a1f03db12ae2b04e6947dc
1104658;0xcb5fd4df73caa8bb20982b1285bf455b03781d91
1067157;0x4293e4f3c4fca4269e180794e5498083bc004e84
266890;0x68021729e9c46d2136234556e254aa45700fda45
1190979;0x8f9ae8b0b80834e0c06e7689116ecd9c35a21f70
781334;0xa8e71975ef6155df8fd769fb1b608d48ca7d859e
993655;0xb5dc28f9323d76950a73c5ba9125431436dacd77
1070598;0x2dd92c380ed7b159b070f148d2c8412d8cb30e0f
460801;0xb346ebc949d6eb7da3756281f70437302a86ac5a
507681;0x725e888b6b66a1ef12241c3c5c1ce6d993efea49
567099;0xfee8a7537218518fe500799325c69188e5644e2a
489039;0x60b6da00ce3a62f4dc8f3acc04afdfe99154f8ee
261279;0x0e302e5bd7bcaaabc3941d4c44692e8bd6152cfa
267667;0x0ff104944594bbd7aa2953a5bea1dac1c7f330a0
664153;0x18af0fdc30a2585b44f33c5ad6e0f377c5d63c75
683102;0x578cd15db7d1776b76ab0e271c11bf3cc7daf147
826445;0x466dfa7a05b35affa82919a11f3264e216a003f2
1093741;0xc313933d6d5f1781c025a4a7f612a8280266ed4d
19859;0xbb8dadd410eabb59a84d7b27fd43e8c39219d5c3
567179;0x031892782dc595f14398881a196eb86c6cad7685
780383;0x2792d4caf540fcc73f461dace279763c59af25c3
664723;0xd7ae4b5512e78ff9ecfb7833faf4f058e92e3972
899254;0xbd7e76ff31a7f159475c07970204b38d0023a8bc
1098166;0xe19c008566625ca918a83ac938e070295dc39122
492140;0xa85ff617360746fcfaa55ccdd9a7c0a0b91031ce
719584;0x680719ce9c404a9bafbb07b98923d63f06d88b6c
532080;0x06145b71192439bbe29f0b6f23ad3345d227c18f
480086;0x327f36e2cb89237306fbe826fc773eecc17a12ba
265175;0xc1430b709364d28e55ceac93b96c3691011a46b9
800934;0x48aadaf868935a97f6faf4eb2f6cee6dfd1df882
685878;0xfaae1e4b9cc528c2f3e932db0899e9f4e54e1c8c
587374;0xdbaaf8ebb4964486139fbc69954ba87c6ec56004
979102;0xf847d82d17bf49ec6027832be3b5bd49ca1b5302
641975;0xa8077972e88691147b47715a918d025de6681ac5
1041276;0x8ddb4b19c82b96af76fdb9c20f888dc86a28f1a3
1041491;0xcd1084dc85099bc4578818246cc364da7420ba9b
296362;0x3a9ea1bc3804dc079c5243a211c8782558700f56
1041281;0x1af03b38ebc4c15f5ab1a722a92e90db1772c27f
1041270;0xe3bf97bcd32f6f1018f58b2ffc69d86087f0f1f6
1041286;0xb144e5f24885ef0641d12a217b1c44d3f5232058
238783;0x5f6b39bad43871c8750d59043375c15bfac5c488
274500;0x7a9a4931b509900bcce4e170dba00feb827e12ac
346754;0x82fd6fbe92e78b5a7943eac909228b4ff5f61f06
1068411;0xedfd7017272df820e8a3ce8b86e52f04cdef2796
487172;0xe38397a52e0c77bddb30519bb474689d938caa37
305357;0x37ac539d330129cdbb0ad0aa05c00e9df013414f
1047122;0x188b6a0993591b8182fb32010f781255aa812378
881762;0x8b6bf2c65ab33e378a3e18a65d7b9b9d68426a36
788021;0x1a5ef6dd829c86f20429c7cf718f37df31284353
1081019;0x34961fab8b0bd036358180473ba5f1ed48b1685f
517874;0xace5446e6f96fc25ab660ef261e1af9e706784ac
1001954;0x855f5c829741e4989ceeafebf353b00f10ed0bff
464750;0x4a1d205f5a3e80657d5084d73dea40f188b1a165
407074;0x600bccc295fde694ac2acb6c68fb6d65da633cee
811193;0xf4d13d65a51fcc090843bf429db4a285adb04b75
858344;0x9e21825f2db56b51394fa4211db6fae3501823c1
632162;0x307d336ab3b36d733f8f5d27a3f7caf76a622cc2
289335;0x44f7e71a79c632a0a3264c956921a5aa80796fcd
615898;0x35a221ef668ff46e5a98b03fe8971154cd9ec386
550101;0xed5a46086d965d7ac81bd11c4d91cb3fd184dfb9
535534;0x086544c623f1bf3fc57d7e82445dddc13b59da85
996029;0x857a1542a7896a1b298af897081e4345633be73b
885132;0x981da14212140d41a51402b98df73c9b8bd9e17d
1065429;0xf33785284dc8cc3ad87e52b492d31d3badac755a
636612;0x5bd0c63a40434ad55bccc52b542b0a8dd3965df6
290016;0x6b842d10844dc8af37fb5507ea11f2404d1687ef
886272;0xdce2248f8e667297b6b27b12b1775c00c4fb910d
1107168;0xc62ebf4751d7055c049fdd8ebdabf3e7b4d41efa
772842;0x7bd6a537cdfbfa014ce449cd79f0a77c5c4eb4c9
1131088;0x77ee3c42d75f31d367c0d979e0e6f42bed0e608e
1123798;0x4e00ee702828cb681172a365e45c3b85a5c76008
837994;0x0e0c54c4e7cc77b9b8dc8592e66adcc4e3c3bbd2
1089440;0x5afbf1f89545ecb17126c96686d9e764b18ad85a
443123;0x65a7ebcc77827537fa612a27c9f2187f7140e0a4
537191;0xb2a2bb8cc14006fd607f104c3bf6fa8af7d99606
632458;0x15f70e3753f921520ea05aa7491b7c37789ff629
277937;0x86530fe0e40fd71edce4b66994c8e28c6cff140d
852144;0xc3b7029727f0b371744e440c73af668ee60944ad
425522;0xc4aa7ce11d5a9c459fecfc5b4454c65f3393944f
1080233;0xe33b1ad6e36be03a6795674e41d6959869a7e8de
237842;0x8826a4d87e954c1717451db18f2d8c71ea37f1d5
570031;0x7b1ac19072f0e48b4fb52db3b58e6bcb0693b330
418477;0x995e2eea40b064d2462fb9d5db334f6f9d04cf13
1046698;0x1dbae249cf44ebfd4dac623c7a9b4d376790f206
451183;0x69bc45ad24aa8e49d095a5ec3bad7b80a294481f
490092;0xbb2aa074ba24a42aa7ac5d073bacfe6c7bef00ac
1041586;0x101a4d5e8b02069c80c23a24fa6b6bfd87ff722a
1041540;0xd4556eb10bd0fdd0f6cfc3eaeb446626abe1c6e3
1041536;0x4e6ccfde922739dacab884d70fb84cbdf036195d
1112340;0x9139367a71b8c1cb6eee80885cd2614a1d85f8b9
1041557;0xfc705a86a3919c2b16cf927ff5d1ec6270cf4fa3
1041564;0x5b08c72c7fb012254f96df2b98fb2ea9785b3d0d
1013013;0x178cfcd1f18ac7ef0317924f756bfecb58ceed0e
1068101;0xb81825e9cc2bc68d0563ac9296628ff3f69bb4dd
1103521;0x00d588ef05c9b756cbddc1739e609f2081d0d0eb
1102256;0x681cc1fbb3aec2466a88a32cd9bc7884258f758a
1031762;0x8c69234f2aff610d968eead41430e5b3986990fb
277688;0x1301f5998aca3fe68270a49b42d88f31fd5b2eae
687584;0x912e73d04c755cb8a84ff8dd412b74ba2d522bb1
253810;0x76f81addbabd0b9b2c45a8ab30e9702ed8de7e8d
963426;0xe892213730ff2599f3ae891add73167643a0b34c
218064;0xd91941f4f868af331d911581a247cadbc1fd7a76
317453;0xc21da5ddd4f12de17f8023194a5608be70506621
440859;0x90a86d6400e0973e021cdc81da09c3fd5cdae78d
1075659;0x068aad8a24706f0b2d87696263b8bf905eb472ff
894036;0x3e589274e8adbc52db76db45f58ee32df08b3601
316033;0x9ba1f52cf16b4fcb7c0b8d53bbce741ea1c6938a
511972;0x44d0009c504c185756cd404c015b48cd4d0513df
448746;0x0e46f91ca065fd0d6f08a045a38a571326680196
295819;0xbdb182b63f0b7862a88f8db314b664e1b1ff3779
300970;0xe705376a5abdf0df57a80fc3e633ab4eb3e5d648
927850;0xcedc965604af9e38473a79e8c3ab582384a374df
446115;0xbd664b7d6d2602720ec624e4ef6be24abc679e73
419277;0xb699d980c6fcd93ca0015623bee626d4b9ecd226
651432;0x78a9d577fe6fcea83c967b625c116507d242207b
351843;0x84840c011776254fe57f3834a6130c88a0e3d031
1125407;0x0152a557d2ea56151a93ebe396908745c6fc5d45
1052314;0x9d2f82315398d8f43b01210ec8d78e38b6d1e122
1089188;0x399918b5b1bde71b09c2b6179edfd9d3101c3320
900947;0x0b12c607956b32b0fe155e1267ea95722b621beb
578503;0xa4902386ff91f3871d2c08df8cc9120cc0faaede
586778;0xaec5d3a5cdbef9e1c7b0f93d26cdca02d0f51288
584082;0x5dc936efddfc4c938058bdb2d1b6e1b4569657c0
397551;0x9d856bd2dd667cc7df7ea96834e9cc1ae52d992e
803486;0xd4e0cc5e3882b82ec4b6d5c64a611beb3e710a24
983370;0xddedcdbb6dc53b537188081452d2a03d77e9dbd9
335852;0xf5ac0dbf2bdf9c776c88f5753fa25b5b9d09f437
1100191;0xde501ef16faff980829983385c3c72b83d01d49a
617421;0xdd392f06d60e4d66abe895f93cd40ddae331afda
1098282;0x9005ffc4b7f0b6c7af83b33c6d818d14f2e1bdfb
980647;0x7b2ca7a9afb1368f94b9e0c0a5500f3bf95f3c53
1030566;0xa08dfb30b698182ad4b272d8551312d4e464b460
196446;0x4edf41559350dadafb18625337dfa1c719586601
854056;0xfe9cc5dbee0d21f48e7e1d3dcba51f3d436b785e
568898;0xeb97c31d825193ab8c54473b55b93520deb992c8
609067;0x453e5775ef692fe1fbab1d122a3a6ee3c28719ca
313094;0x9ff327c1126759f303111ad5a8baed42e12418f1
992325;0xb4b348754f911b02d021950a3cc49bda37c82177
302973;0xf94f1079f7460a9e786cc16b537f1b1e8dad83d9
983263;0xaf1c54c09b5fad7d6e5ae20665e359f839eaf47a
1188925;0x064fa61c4b6d2f0336bdf5f4afb5be28f8743d57
1003492;0xdb95a4b72c248a8d979c901ae7b5f6377732476a
567615;0x6f46fa4516c6416870c88b46f5b3443b59923c16
862642;0xcd409677651046d232c697ac1655797856bb389b
942636;0xfa5ee976b5c56c0b2b849899c727b0faa595cc77
1064579;0x7d07f0c0f189e5eacb41a6a86f7293c7e6b617a9
719427;0x12d3997707d8a3267a25322c4d94ba4ee8545364
1038058;0x32d539062ca7f1d3ac405fd6e3d620c4d7c11321
1103361;0x1b9e780f3a93ad57f7ff0f1e81e83d6a5a6fbf73
854357;0x6248c2b5348f3398ba839011d5a55de3d2351abc
1335652;0x49fa992c1dbc9a40ab61186e210925022b531c0d
693726;0x54a073f78596f3769445529279192fa3fc2aae7e
502748;0x544f704e27f7be34c4e71d29fb56cc07a98ca9ab
505299;0xe75abc13342d67b40dc6c83d25f3e3d63654c6f0
832054;0x7fdd969f30608bcd9f0b62d5adcbc18f65fb76fd
354266;0x91c99037cd8e92ad8a07619b1c25a5c720e97885
870303;0xcf7ee371af79339096b7fde6877d981cc1185efe
317477;0x58cbac9c694fc25a11589ac66add8910a962b535
978713;0xd8322085ca561423110c0636f70244477056c8c4
1068098;0xd2eba26f7371c5f27252899c9177b6271de735d8
308020;0x6c80ca4c309b8061c8ed0af2756a2e67cda61696
393867;0x2d48446a6c4f6d635d2f0fc54bf7f8d34669a2e8
406835;0xd468650fafe5e698a89cc77f594ff8c71bf1b36e
1030289;0x732302d6a418a368c728af75ba2f9c31ff66a642
568211;0x6d40cad378bf3505f4bfc82f6a9e6a5d5841805c
989895;0xabeab5cf46929edeeddf76a9c1ffa0d4d37faa35
882245;0xdf88a7de99464bb8aa19fa0f10ee56c5a23d87bf
561103;0x0c979b350b3b7b4a5b7c4a5f5504ab6b3ad3121e
286639;0x9ca02cce6864ccb01b4b283d9d469fa49471af5d
393527;0x3376481621061b83ccd12367fa75e41bdcaa9a8b
803911;0x69c7c5baf399015808f2b6ce1a04f43b35635d42
11782;0x2d41efce15bf0d76004402783974f8e4da75adc9
1235737;0xf77396500b98d45c5c0cc2edbd818eacdb878995
568416;0xd98a9e3d234f6a01399c03751846e77b7308b288
349295;0x66a363458d6ad69f90991925ed37b0b97b840948
947947;0xa253b4c36699751935ed1ca22df3676caa76e74b
1069814;0x860b2b6d55596f06fcd62d249a32503f90a71d24
595883;0xf847a0eeb37ba3815fdbb705dc8ea471ecaacf54
277844;0xe76d4e3fd51504b4732bc53916b0a00153393f31
1025040;0xfb6c4c7862b9a3ce1528bb18417d56a8b57a1a64
650505;0x15a3563fd61b82e903b2b5064723540762a9db96
272431;0x2d082edb89b6085334f1fe7ac43ab73eb61fc963
863296;0x44fe6236e0c849482d66f7214d06339fea7b99d3
1130738;0xf293c0025e81c8522c537ecfd27d1b5cc32a21d0
931465;0x7245e9c174445984f1390820d90e09c18cefa167
878299;0xb66a7be477e4034ca18a38c0753103ee5598a34b
524815;0x10781066c1465d7d33408a74fc3e06bc2c06f949
421188;0x68400aca426d442dfb17f50b015a168483943e22
747685;0x20d0faeee9818cdd7b2dab70c1e3cec0749eef22
571052;0x2b5753fe8de57e96539e5a970ba436706d7113a6
515067;0x4988c37882659c50e71a421f47dc97d7b895f937
1023935;0xd09caffe4b824c13b4b780246bd23cd1a4e69f40
548480;0x07f34d52949ef981129b3c6391c56a579af7f688
714145;0x75000eda29fc5d391362cec551742bfc45fce266
1022794;0x698654f7744265aa60adf7cedc8d65bbc6df162e
722046;0xfe22ec6161a35825bb1a48666c64bfb4aaacd157
305253;0x47b551876f8ff30081a1ebcfc3c968d18f4ce54a
1162380;0x14e468f0070d35cc67af681c8d9fb16b7a6ceb3b
1087302;0x6f2256161ea2bba82965e86fab4a0656ef13fb43
709032;0x0d135de4d90cc8d6cdab007878b6de18ae8a9e21
330483;0xd65bf41ad70cfcda807cda77e95c725f60c0441d
260561;0x4aedc333be217079317606cc78b4f314e6d74b83
1165088;0xbda146aec06edfbd56158073b2bd7b05e305008e
418438;0x08e8f0cfad7ea13e77a72e11c685906d3e17a7b8
619592;0xce5425d8ae8e210acf5ba2a58bc8f6568e0743c6
932745;0xb75994c99423f5fbd693df732ca7a47bdb93a6dd
299059;0x37a0b9860b1858749f1337a9dd5973cd5c1c655d
568239;0xfc7eb79b0a057c8b974948ffbc38e867737e1b94
988103;0xdc246f3118565c4f117c8e6fddb261754677fb61
316641;0x2f1390ec03a03e57a1406bdef57c9cf487f62b78
1001625;0xf2855446b0654f8ec01d32588dc1e59db143076d
714383;0x9450931fdc0b1d8224aeaced68bfeb374e721ed0
22742;0xa24291945562457f9bccb79d5cf98b80e01bfd12
384803;0xdfa3585db6df449f6ba01e708391ac81032d74b4
901820;0x6fd224c26b2f9df126aae10deb8ae3f5900e7d15
1352674;0x8a015e3c9cace7c10505cd7719fc7befb9f30a1a
1094476;0x5b4803079b205d53da1718a551d1333d7400d495
277769;0x2cd3c49cc835ee33e472fff4406a9927ccceb503
1119422;0x63f85a78fb5c5d76ce9f2675bf688378b0e5c5db
841118;0x7923da13537790a91d70acf59a30c8ec91060319
357591;0x9749de7dd5ec15c5994ae8b62b738a76875e9515
283327;0x0ffff424414381d2ed7d9b01b588296f68b30c0f
1063563;0x77176692a65617a3f1b85b7887c6bbafdfdd4e2d
1064210;0x6dfed51dd80eb108cf2bf4b1e1b4eceec3738bf3
451477;0x8451216a9fec954c5accfa0e1a44cca2ce7184dc
601658;0x8df8955477952eb6e9dd4e13bd76072cad435e67
1135166;0xba37714401bdd76e3ad093a7133050677eb5fac1
1086398;0x264f55623234873b68c4847b099c5c0c31627a96
600159;0x4ad4be3419a81d86be4a5a7eaa93473ecb3f52a9
408224;0xd27b1189b13f34315cb96b53fb2fa2529d673e9f
721029;0x54158f81ff8adda2617ac4c726c3b37afb21f6a2
14259;0xf95b1a15654ae4de31def72389e1da4ef26b915b
575106;0x3ef9fc8ea0b32f6845143a1e9bdafed898f94220
1107378;0x83ff3c49c4b621b29a31d185517609d9abf00df3
663883;0x8487579e88897944ae213b900008c002c02dcb9a
701939;0xf9c0c1ee45533520d7dc3d35c3fe6a05acf34058
517553;0xd4044836b32a5974aad14b4d1b5408b7f87205c8
498114;0x05a5d8e1ff0ebc8aae523f23e4c4894f7a2d02f6
266951;0x613e82cb7fd3d1d8096f0220986c0ffda231f7bc
285881;0xc27bbef54d1d702ca71a1ce8f616539dfd16fd99
941832;0x88f22932f6ad433498f9e20fefbfad00faf60eff
1096211;0x14a80a73bd25608a06b858c448e293f34a624104
1070803;0xe675d53938d80c460764d797c1218a7bd2089df1
972885;0x3a41c21abd36de2699c56870f1700c340a853040
645572;0x0e984f31f93196c8a95f67c4ed62027b03e96b95
888871;0xb1cdfb82ce46850595c5d5732a6bcb0069dd5c32
1130449;0xfac508746cbfadc8aee9d3846797de1a116e9a14
439470;0xde86ebffd85c50ed806faea88e9ecb3981ddfa9c
1064144;0xf16935dba5cee75cd0b5abd56cc4beea7f74ba49
291704;0x29bef357e5eabc5b3143ada11dcdbc03db297b3b
301874;0x538fd849d7fe5be93027580bbd27f90328a8756b
1096255;0x9353bfd398e596ccf2f63ceeab07ce76efeb6148
1047757;0xff2315d43ab7136c43e53f308bf71de7894789cf
492964;0x97e6f0d1c1802c489c8de8a0219eb9d896e528c5
1044211;0xf8a8b2b4cc2a70b111772ffda6c4485c796ca883
475538;0x698b6aac31cc27d3695cf54691290b6d50a332a1
366143;0x653c883e26a6f2e6176e22a1949ec682f441d314
671589;0x6653a8166368bf8dc901074ba7b0224e4824d789
1002166;0x2df3b307637c6eed51101a49b743b3a45cb2247a
16270;0x2e08e313b34fdf44e1dbe98bd26b6ec1636e5769
230326;0xe9e765d4fb1c82b2e66f3439f5bef050d9c997cb
1096967;0x55ed0ca011c19ca0bc1750612508470925c8cd9c
880142;0x77becb042ec119331da15ffe3a91a9403576abf8
560392;0x2c697f527fd7fd3395cc040a90101aa271aa1f62
881012;0x311c409b1b3e84d06edadd2574b3629b1aed8385
348078;0xa20ed09052bfd6b793dc55a0874ed20f02cc3e3c
1147636;0x076772c8729bd6be7cb3320afde354108f33964a
307172;0x478245faa6d4527f75efae04810e23c44d93d5ea
332316;0x4f5f92462b4dc33c350ec00a3e43cfd87c28fba7
902201;0xdf016863e9ae0d6a98af34c4d869cae8858527b1
414377;0xd3e46bb1bbcd28e4b61004862206a5babfc39086
1087318;0xbaa57da378f05cf109612ca301e7ebee5d5ba6a0
842629;0x1b2be6d1d379d6ab650aca24308e7c5fcf2111e5
1024899;0xee1345208236aa622c23a0da140b233583790750
886391;0xf9218ec5054310049f622ef343056c857c9f7ea5
545067;0x56ba34f9670706571a9263f71206517da5f6eb10
643303;0x4fe429ed15e30eeac2fff6abff5d6b76bcc0186f
1051005;0x79ed4ad1ba81a6d0130df3992e7efec7c9101db3
1099729;0xbee5303a9176c5fdd9bfa9e078e45d68b769179b
344343;0x525ad13dd9d9d885f812ed9962069d3cba595027
1047197;0x4d760d8b11045acfc21c61768f83d1865d5bfa36
444635;0x1d7c106b3da5815d3d276098d0b066a84bcbe8db
902144;0x1805a61878076c5918614f7f1a18e079688b52f2
902177;0x382228591857c3549e7ac17b9af679507caed2fd
989896;0x57a5202ebc1a055524afdc0c79a9863713c6f681
1078841;0x9503e1e2b185b587bc33ca07666fa18eb39837ac
317158;0xf179653ef0afda63fcf99823bba17ac2959a16f0
1094701;0x73d9e4d283ee10bd5231cb81f79e920d01123756
894166;0x380c9ff7003d3b4c2232541dc0a7554aa7892bee
875687;0x29e88c8ae11ca652c982a107aea1709ca9756ef3
1038200;0xae9a46665a30ca29049ea18a984e4376e6f94e77
1066179;0xc5c1bf74e8624fae34954e6188943aee7d0f2cd0
398566;0x0747ea27d553ec318e2e94a12ecb0a40dc39ba6e
1005333;0x74fb965713bb9c32a7a56b9eacf9c154f9f4baf9
1279815;0x665e0780893aeba804e57ae17de588f83b8de716
229104;0x682fca99cc8f56b03b591b5b3cf0b84529f70a68
529441;0xd73282ef6ff6d12d6fd2ff393a75636d4f710832
747496;0x8e41960fee3c5bdf7602884168c60adbc98c8bd0
635827;0x25b0b9a5ff9687d3b84f0d0a47c6b5b8e1f1a3cd
351095;0x914aa3a5155107124df50ec38ee532a2e7798d79
932206;0x969618c413e241f2f8922f55bcaea809841a46dd
307303;0x4082fb681e449fdaa30e15b836a1a02960aee509
263131;0xe9de19564fd7510f342ba021c59d5e4feb576704
550008;0x6cc180bf90cf7698510b4088060106c070b042d6
1112266;0x296e02edc27ff492b20d20f9f91a64c26374af8f
1023080;0xa74d28caeb0ecac62c3f5e7853bfece623e30878
494533;0xcf15e9c525298084da5f6120b2158ab026836679
1217890;0x91956c459276f9cb5b1f0684dc21386e82ab0d2a
1096985;0x2f88261718785704da4be16cabc2d0c34dea1d56
932900;0x6039d60b095ae4ea9234a42fe0a6d514c83110a3
436172;0x4f83cf6db1ab3181da7afc214387be3acde17b23
902182;0xc0f2ca9437fd7dee3845eeac7e6154603e98e04a
770390;0x048cc1eabad2f7670e722192b8c05da93013347e
641836;0x55cbab1da618e77756c3bbbc8bd8be8b40c68be4
10501;0x0e9033db60123e889de243e86da5638294ca8f3e
815822;0x05272afe76e3ec9758c54995e60f80b015a505f9
1044864;0x612a40859d6418644775783c9ca11b0594fb10b2
706809;0x0c263315f7a1c944a0733e03c0649566a2620336
1139478;0x6331d1179d69e8363aca0b19a8fc9e092fb4b6ce
1057023;0x441db73de49552663e756e39ed2a4916c7dcb3e1
1089131;0x36b0152df7124d13b211b844e3f68e3644363b77
902151;0x9f8ecee94788656b92d967ca9ce7ff4af8bac497
264720;0x458ec43be2146327ab1f153ec2d4b7e728ae295b
902188;0x78685bb346bbd6ddb444fe81e7bb52ae9f2838d9
1055832;0xe68c98a09c7db43cad8c1dc8ae2d565968cf0cae
997682;0xd9b14288979e732a1557b1351ae3fc6d29775cac
902171;0x97454cbd01d26cb9e87f4f4d105dc9d4dc1e34d2
730196;0x331818c9ddce7f5814303d53d9934f8a3d5ef87b
819892;0x59ddc9527d497a53e61127215d0e9a20aac84d75
848479;0x7909831dc3f51ecb73813a20a51fbba9fdaf9945
902195;0xd952e1440117147a078b8c9a843a985f6f3b3cfd
346506;0x2fcbf24b99a1b24753271795f2d1929e38a737d7
415983;0xf1ae4168c13a99011bd5629d2e618d0577e9d830
902156;0x3b38e23fd0da2ab7bbc5e4e6a80f8bf0ad26d3da
902209;0x51e384f4de31d6f08d1f05b3141f57fa9d5a0480
974565;0x647c8f726536f5373e611917deab548d936880a7
1022524;0x93ca2188bd96b376cafb729b2196f022becb37df
321682;0x41e41343cc21f21669649df03f0ee81c3ec7863a
472082;0x8bd0ca7030badc20c6ac76e46ad51562c565eed2
1078903;0x9c5b6bac26ce8a76c13b73e8a262d9ce8b040a43
366627;0x750b3e137ba90094d1700816ae820861c0b715b5
334411;0x8c0539d9e0890f32b869c38a96c2f4be266058fe
1118306;0xf0feb4ddc52d6dc36df57a9f49471f8c07843b91
856083;0x81f017599141819ebb8e1d7701517754be4cb277
920335;0x95727ef0f06c86833647ced90a776a471b77a7cf
907590;0x8267f8ddca74e95878584f9dc35b68d1d7c083e4
475344;0xd562f65da9119fb87587f1d1bf96fa78be3b8b4a
1011335;0xdad94e427d8936c8a272f0c49b6c7aa8dda698ad
891132;0xb0b56c86eaeb5f691aa59cfa48075b9075c3bc71
1058790;0x857bcd30bd80bed83f21475ba91cbaa0739de621
1086624;0x22a4ed0e714bcbd78f6a66a4fcc2201b9eea4d86
3224;0x6c9d7d0326aa5fde962ed3601ba4f31b736fcaa8
257113;0x25e4550ec0a16157eaa7866b883160d64b02dec9
21131;0x42feec5c7e7d3c725864a2716ca357fa9993ccc0
865228;0xda1d8e563ed93b011c64a46906e6df106862a4cc
838850;0x6aa7ffc553495129ce17e8f69e00b0c19173d095
321745;0x50e3970bb307424f959135761a6fa2fb5acfbbfa
983259;0xe4468e118c021768638345098b360f9e6e81f288
496045;0xfcc202ff9bf377710cf7cc66918f42f1728c732e
689563;0x074c45a2ac95aaee05f3cd568cecea62d235db81
656926;0xef19077c8d0b962b31adf8871507bd7ac68ad1ca
636873;0x0b2c4f60361a9e0b160704504abedbe1ac01628a
272914;0x824f91d0290fb2084fc83b2785d5953c592344fa
432873;0x590e13386864c5b9289df5496983a6e053484536
248965;0xd9f3971ed71cd6c94188ae280b611d10c888a07f
790760;0xeef1b6267e91f9c38b130fdd372c5203a543ae52
946005;0xeff2e74c4f8df914d17bd47ed20fe376b57e9a55
642664;0xfb82995a1cc6f2595d185ec0c6ca47b87a0238c5
270313;0xd9ba08fd3a14f453eef5bf8ab56902a960550fbd
863348;0x1a9382207a8378042d2b093559239d25e8a2beed
634296;0x35000bbbe0441c19d924225bcdc46a18b57f3b35
772819;0xe2620d6b78d68259ffa67830746ad82c45e54dd2
465172;0x0c62c3c1bb319c6463b79102d3465fa168a858fd
542415;0x50594d2f5f2867e01c9c720f585e0f016f389e17
869030;0x2a42c8acf3b3fac4ffd1f7efdc83588a48cceccb
227099;0x93ea523167e6e774470b8759e0ddb5cc2007c62d
1072278;0x9df935735b67242b1aeee1ac9d85fbf0f26c56cf
305249;0x93226fce944eb1d418aa40d6ed06a1b226d7d2e6
1013589;0xebb31016174b02958b587a42080e31eff68418fd
1048718;0xc22311fa554e50d95deed4b4b60bb96dc1d5c1eb
394360;0x2e465e2f0cca56df4c8fc66e5735b78ae7878d20
270602;0x37a7162c2e2d997314f120be931a2933fa222c74
1139482;0xddf5e393a0e1b64219abb976a39550368ed8dcfd
427271;0x3e4a30d84244ec03330205f1888675fab8294330
379876;0x0150b06f4efb04d582ec9086cf79d5ce04369198
860950;0xec7983acda960fcf1a49fba5655149f962f1c135
542545;0x929c18f51cada1b45d1fd8042b32997c135ca507
873970;0xbcc1f6fc89440532d170f3f75b8087768db6a657
995499;0x5f811b32cc6a624c251e061f6e5a1296dfb10fab
544712;0xf1af78b738cb006137af41dc0a125727b784f426
965396;0x7dc67d58c9487d4cdeebfa65ce71937cf9292d47
813610;0x8ca67d8f4ca10221a09d2f33a49511f73505def6
438260;0x85dc60ff628fc7df75403d32aebaa560d5c65b1e
793260;0xe61a9fdaa4bd39345ef1f8898028916e2d6decdc
958081;0xc27defaebee013fb5c1e63b4989801a9a41f44bf
304197;0x611f65e10c1a6679f009455b1e40935369202347
338449;0xa2386fe88874cd983c78e8938abe7db1d2c662a4
1280618;0x85a7bfb1cc27f813bbb2709b05a2c38d6a59e2e0
1062514;0xeecb52dc324cf4a74a02144482b2e9a4b0811e0d
448214;0x8882a140799845e430dc9d078b4290a6918e0fcf
385735;0xb5adb259d0fc7afe32e17aa02d27060940a658ef
920244;0xf449637764c592badeeeb16e5dee91641a100c65
884122;0x3706a0f3d9a3fd1fced96b90cc36e6cfc7c57269
1013508;0x2b114417f2cd136f63856a21f3a9b927e752dd26
731556;0x780697e2ecdcfe4e0d7beefd62958450e271863a
920257;0x44dfef67893530f0b29e5b6fcf646b269dc03d84
1072947;0x58b2517e3d53664d6a84bb5be69867fd561f2ee4
920261;0x5d476a3ddf79c40ca8ca1471ed5e6305ace270b8
967442;0x1600a607e699359ceb3bfddce4fe5a92b48c6c3d
902997;0x7e29b7278e35faa89157267eddcd81c9822765de
918496;0xa6a347d4c49dff5b4ce842826b4b36865bc8e1fe
902952;0x2a910e52474fb305afd770ea91143322bfad46c5
12995;0x590d3bc8b4856d80fd2960e2c70c9d3a63610481
1104584;0x464769852dc7dd83d6a9129351fb7c9f02d70705
254888;0xd5abe0e8502dcb5228af43dba85c151e0263aece
250858;0x0075e61cd4d87d454289839fc55da515e8ed189c
779596;0x13b455746f2be9932a0f9fea24b28db9fe0169aa
490561;0x75e1fa66317059ad199edf3bfeb659ba403fef95
701183;0xc6a6c3146b9ccb14dc4d79777249ec1d680c3a44
241464;0x881bad97a8902ecd278182f9bc0b422b2c5eea70
582210;0x6d837009b31e5781a0cc1f9e346f7e618d644972
1062485;0x36c09f5cb8fcce0e9a09dfd9fd95df46229310f9
278180;0x77a5f4784f4c000fa1cc727b259af89021dbbc60
291882;0xdae536474c6b0dafee0c7505d7d1a85c67285400
1114626;0x7eca9ad03f53cfc8f173742f7cf01e1c6e849109
424299;0x32a8026b9ec90fb34ca9be109a0175f86f1acac7
1020885;0xd9d6026fea22f006a140ba18e1a0939607e7bda8
920647;0xd27d6c0c63353bfa12f4f08a77c6be9afd02e33a
1090159;0xd9078a50de2cd6656905b011ad759dbdefcaaac2
902992;0x0c0a0cd484214598ba9c460f078963e604816554
569643;0x6036828fd0f649d21ae02d06483d79fff0923e47
255720;0x4a05dfc62cd1e1f4c6cc84d68a1d1719c297b83c
902976;0x878399524fe5fb53fd65628bead6116519b7db04
890960;0x9666eb5d74159a6c94f300bf787b5003b0b7f6ad
412765;0x544c03e46f109248e029942d51bff52686308ffc
902979;0xa7f57500144841af92c300819bb4f7a057e935c9
772802;0xb1faeeb03331877e2dabacad507a5975dc8b36c5
1217889;0x1cce1d5c6780d6bbfc68006881898fda1b124b5f
649520;0xdd98c7fc37ed3baf7edcd1f7f72af8dc1ce2cf3c
1014184;0x8907403bc907681e2f1a43f52717c7f5588247e2
863341;0x39efec3cc051fcc3b468a1dbcfb8a50477111fb5
570892;0x5831c2d5d77e538982c36f7c8f3455cdac935fb1
736638;0x0bf18bfc313dbf0f9017ec2f49f7e64cdd0bfa22
903023;0xacee3daf73b61945b88ee7a165a28ce4b4c1f9e1
425297;0x215b418557ee6df58087453becc15cc660399193
1049712;0x82a335ec4278bf62a5d8a64527dc076856d476d5
766282;0x3b1f82461af48fdee29c89d2ce372e45e955dae6
552659;0x0f2cd6a85d5d83cbd9a7cc4a1c016c1e8be54757
1058097;0x9269d68ea8061f5b6b1517b292bfcb37b5c232b7
934530;0xa8db0e6777e305b9adafa7d964184d4e0c694546
829518;0xf61354d47adb2dec93680d5bf4bfaee0b953e6c4
904431;0x28acab5d23201faed73a4d0de0b814c38e57531e
758451;0x0c0680e49a6c72777bcce67a46a949a5bf2c79c2
600872;0x48c95ee3d82d32eb5743a1646c49bf2ef55b5855
317569;0x5efbf87ec1a708857851d1da9248bbf62d46436c
902959;0x0af0f73ba28fbd5d993f8d572c030210b9310e88
792772;0xc94c804e94a35c54824eb46e86e7eb50491e3aca
529892;0x25e7c3c2e3a3a3b32d2fa9f01b8fcc9e029387ca
207455;0x659a0a4729e135f7218f75c701856105ed3d3362
902986;0x9732cbb19da73a88fd3b0eca202f1acef7d20bc1
291558;0x3436b88dd36ab0be40fa8af646ef707b59a9b573
782077;0xbb25794273f2b59b1f89a831161b9a0ca53ead5a
192428;0x8510f21b82255ba0276a42ad283a2fb9a0dd6577
903007;0x89180f632e72fbeafa0d5c570288c00f34cf681e
584566;0x583aaa57e2e074d1aa0cf4e440de477c67a577d1
982074;0x7b013e5dcc93a94f3eebb48d7deac18b1f963037
927597;0x5f227fd0195a504ac8b51fb10c597b9c80eab384
819365;0x01dc25e95ada0964dc0c36a25854e96c5b74d84e
318040;0x38069168a4adad8064194e1c4c8ad6d85ab010c9
572546;0xd7455ad5480189447e956518943dda295285e8f2
553898;0xb04a03db7b26bc378aef73655f1edef438274fbf
903034;0x5306bb40a79f0f5977afc7de0b85170f88cf5f08
701163;0xcae256c437ed5fa20a1494296a96a97c1861cf71
550829;0xb433767749300086b96edfde20a734854f3077e5
584600;0xdbb3ecdf7282b7163a807d9a97078cab7d9d8cae
1042173;0x61cbcce0d0467e00b0d3f53388bb71e6b2237cc8
784633;0x5bf0191aac0fddf247cf9ce8945d1624181bb0e2
1120649;0xb5d554ca00efd87eb20468468304d7a261047b7a
1047136;0xaf673b2dd2271ef4f39929ef0eb465befc4b582d
924621;0x8e5bb463a20757a0acf66ed61cf5faec196f9365
865006;0x0fc7bfffbc4c4cc7d4df768bfd6bfb499485ee5c
1091921;0x0b3e93d7764beb79b01ccae533babff46548c10a
800010;0x6d58876dd53a6b9669b95b9313d5e4dfb759735a
1328266;0xf28c3b8d5e31a533ae869d55f46af9b520f176b1
1096431;0xf10d53f1fd64836b86a5c7360f47ed130c80f975
761094;0x0c01d9d6bf2bcf2a791c406bbbd7ba903af4bc68
983698;0x92ee6ccb87802cf232f26d954218ffe40726f8fd
664435;0x69a9f2adf02a425a610dab4295f659b16b25590e
997090;0xd5b75fd2d36de77534822c2cd10d33196f5d29f6
518608;0x846dfddfb5d8c64178cf445689e76ed5a9ccbd33
1075382;0xf54536ea545c9c112adb56eb5a9dac67711afd81
854350;0x388b8ef0bcf330745331c6bbfb3b81570ba055a6
851662;0xd47b632ba927581d5397a6a05736682b2f227afb
545612;0xeb94f7c6da84a5a6f5cf81f2bb55a5c3ebab6e07
1129727;0x7ac3a4d7bf78b69f61cb2dfa7ddf70c3113a63f8
1145284;0xfdf96aa1903c39122e55244028b3afa3302e5e93
210853;0x8df5f70ba13a793f96b90c27aad672cae1c2403e
1085915;0x2db796aa2d687bf76c68f71b59aafb6a47a476f6
902220;0x6133d4c5cf61223cd60c833712e4fa5bb5696132
689400;0xf14e4e67bb7dd086cc9ad52f4e2718d7e8bbc76c
1117791;0xd2c80bf79d491e1f1f491d67de08968ed2196e11
584583;0x2922f714d538b2fb6f6019282d91d75ae21437c6
584722;0x0fefc4ca0c4b8a9d95378cd9d7f2008c714fb5cb
584713;0x54a43b3cf84d6c53fb752391998337284d16460f
584618;0x9cf5f0b9497a86405ebbffb9344e4f60918eabbd
1062697;0xf8e3a6cdabfa5a1dff960a6384b3e72afe93ab7f
509245;0xdf7225f6878b56d841a099cd142c8963ca003146
1341057;0xa59d014a96c482d5095cd15f49be7d4c5fcbef50
278416;0xc414e4f9510edbbad1361a156db30bb4142d9018
1299567;0x95919d6c2e72ab9f6d899cafba15f87727bdffb8
22463;0x26aa0e293d22a95b6b917ef3443c45284ee43c6f
750870;0x8cf621cebc033dde9431fb55fb1210548b48f328
861419;0x983954a62fe52275b0e4bd5e383c6e3428029d80
895978;0x9ea81669825fa3fe9d3db8deb357e675e7fcf17c
1049414;0xa2d87b95c1db35b39d644125c80cea8bb0aad5f1
570799;0xdd236dd48fe8cc5d1d9416b2764012e77da770c3
1083729;0x4ca00172872fcd9d9e2d42267ceea28f7ae16cde
961569;0x30a393168c6416df28bdf4efb55f260b669532f7
1115615;0xb91144c7508de6c726a937ff5244255f7844cc35
522408;0x588a3a21ce356b183ab641564da275bfaa0bf9af
16425;0x872aa4752bc9574e027640667543f24aaa032118
753861;0x4f1e51a5b1d4a807a3d29d41f7e8e1ef87998b4c
311410;0x535c6b9f782f2869b9629e762d0130bf81b27fcb
554869;0x814babc5abfaad2611a0d12a047162a959d86215
1341120;0x9295184311b6e78e4180de1c6654f979658ef620
888949;0x101d12e1716eeb9260704024b9ee394b382a16d2
235176;0x8905ef6948eecd3a09b1083072288b0a806d3995
1313733;0xe928202f1237060b942c46675db68205f685acf6
800033;0x0017ed9f3d858335959979564ab7f53bb43bb9d3
919040;0x7d0df1f3a89214af14af698d771c9eebeaca7bd0
547839;0x593d310b1ed27619f92e9c87e1cfa38554234298
1070259;0x18410d72466d3d6fc9ce8423a6e6c97473ef49c0
894913;0x995d0e2824a98209489245b2f2ec36bc5dbc624a
588302;0xb5f6ed67f68a0b380b5b3e02709359d0e77c4d7a
588309;0x26f49651b2d34b74fdc200365eab92206d93bc90
584755;0x7cb2465874b9046fe817c917a6fd2d76eb8f2a3b
588311;0x5b01a6462108aabd3bacfccac5c64844be3910ea
445635;0xe33e017e0f65ecdf6fc1538baa3dc473c79cab5f
1096642;0x519fa21c5451d9f77d3f2f96717c643c0fc4209b
1050998;0x75216e42fe16029284fcf353ec7a505c8aed1a79
989916;0xc728f3428f0e43d07de7f59ee3057a5c1322233c
854476;0x2edbbd0d9de6ca7c0d61a07bb8fbe049b452751f
416932;0x874299d131d93d099eb2c41a817e9a863a45a68f
446310;0x9e23da2d112d94befbcfd11c19463a3548df6f1f
640521;0xcbb5d856265ff430f4f80f11cc01f7ed8a410107
558966;0x1959bdba3b0c60b905621154c32441e00829c15b
282692;0x817cc22e709fe6b0f26d22726cef3e73089ca2d6
254618;0x8aeed337d5421c8f6d6311b3254cc7805e60d4bb
549917;0x07d58e8671cab305b356fdaba99a865fd2fbd375
888920;0x4b3cf845192fb415d0a08d0f6a2e9e16c7479cdf
417407;0x4c84dabbe187975a2e1e09a94b72a7bc09569459
707046;0x2403900e8963850de5527f7c20c82e431ece843e
1088670;0xf13de0d292cb01e1054baad885ed2039dd2c7572
955406;0xc1acef4724304fa26e2f82bef93ae59d8d854a61
427826;0x13655bbf6530ea09745949b7e3ed73c84ca650a5
1031468;0x0b47850257e9548e2350cf2ec1aa579556900314
702965;0x4f1e4656d7b1ff3aefa2679a3c44c29b80d1acd2
820678;0x2c94128d565b452b147e61289713ae2c9cbefa54
1022183;0x3a5513c5877a7ee8412a47faea0597f106861f22
725292;0x04717e84278205d513a74ab066a46c92ac294932
692863;0xb441dac4adec1c33c2e9c79b602e500c61998ecc
523070;0xe1e74947f871a1287814c9ee993134378f7b3efc
1275567;0xcf527aee4048c2ccfc0e9bc663b9e5a336e0b8d2
891566;0x67d0f4c00ef7b4e2314ba9b16d4979b7f8d6b3da
1088511;0x6a945fc10b12d3ca91e06fcfeba2ff2cb7100c24
1045748;0x8a908dfe492d930c5015ca06a085d34f032cac8b
194159;0xda35eee217cc1241d72da453bf4745b8113a9cc5
702558;0xe3321718a10359b77a943e1e4eb6855ea1b9b5fe
1002482;0xcb8f9b45dda0d2e5e0bde4abd0d76d3a90af0b47
612968;0x45bc564c5f216894cc737a19ec0f0217faa17bcc
512873;0xe38489a3b3fb8578d39d40b65f6132c8b2d060cc
270933;0xa2f3a2cf12ff3eddcc13a322b2ebe61a7af5af6e
295612;0xdc02919eb1dc9e525073cc6ce65e65f9dd5ba991
913077;0x82970a8e4619ac1d18bfb408ce66f8c3ed0473d9
1044980;0x7873177d64a4c07130fb124caa7e304b6f3cc97d
343438;0x71e811bc33355ba2df9f4d4bc7b26bf9672071a5
820198;0x30cea6c2ee82c6d80857421861276052443fd080
4643;0xd72df24a344a0e78158a4a953174eba25d339d94
215092;0xbe2f7ec741537e3e0149b26723a802c93a3edd96
891531;0x56db51d4dd2612816b4513776442402ef5d435a2
855779;0x453d3cddefc9dde6bfc159b4000751c63d3cf8ee
828052;0xe4502e76ed7da8d7bf0fe49280f2634cc8a3a226
434092;0x97e96146d1bee7baede15aeb6f5fb3ee62f7efe2
908287;0x02cab6c1b0b2963b4da7c3f10e57d9ec4afd75d4
333632;0x566e0a6e9db5351451ecc3c901f5553950198bdd
772773;0xad80244235447ceb6b8c56a76ff85b6739970d11
613366;0xc1ae91bdb4970a1c9c98ebe1f1552c007e95f801
932800;0x483647d24badb5f0aa4341a0ad5a2fa8f6f44d7a
1097757;0x6141bc2e7cef290d2fbf0a322b4ea1e77cfa5c78
1075559;0x41ca7ab21e262e67d408c5895499e8d66bcda832
588290;0x847b91ba5f4356a866e4b5b62ebff2a5e9c9dc51
588336;0x9bdf874e08a6fba772771e34ec2514f0ff9ce10d
1345780;0x210419003de74b5831d7f0406d6067345f13e4a5
422809;0x1fe636baf93c86bd00474f7a5b4a55522b818d10
434363;0x8e1504e0998625277901f8a57c9e27323f1c1d52
652658;0xb131681a9f7547f88c6472949c94032d4aa47deb
278108;0x61cc8f06f3b6e1a3fba28cbebc4c89304b1187d1
963884;0x713d57033dfa303e64ca91f0e3875370f2131932
268455;0x774a375858f34573f482148cec198e280ee31bc1
919016;0xfcefad0d58c200084d561f3ac641ac6041d913d4
471171;0x801795b86d2e649999131802ae9a02d0bce0c6b3
818165;0x5c22aa1a0f23a0d11b596bc64ec60f28678464f8
1059822;0xb2eae0ab70cc2f31fe0dfa4bf3ce300fa9c3e899
869823;0x3d2b794b997500a345f533c2629d98dc832cca1e
724074;0x8bc27f40006b57007cff3c799f4254c4e0722f04
1166190;0x451c5ce514b2dc34c8e4cc94f711de2eeb94eec8
550854;0x154b3db6256d7dc69ef661ed407a776e55742cb2
1118035;0x9bf1d773147f3489eed40a3b18ca1369fa7412b1
836506;0x2449ef234768de180b737a18ae0a068cf1c02cd7
1235752;0x0d3a221e8aeb8cc69a84edec851254b94768f526
876565;0xb1532eafdee95f99042cb0ae5ad7fbe3d56111bb
1068323;0x11a675a3b0c187c2b4ed25498a0a2a541e08c9f9
705495;0xf659e13cc5bf4ae305534e787f832f3c735de81f
326362;0x2167216d5b82ce4d8f54ca523d6d12e21541e067
1099441;0xcfe2ac469bcb8bd628fb056fc90a0d8323be3f5a
430225;0xe9640f844345b9bc31ac29321958d528422b971f
588419;0x60e10c1a4eb01379d39069fd4d436007be6dd0fb
588467;0x7fe6881463d162f80296c7df751bdbebb07e0662
1076033;0x22d951bed9beb1b6e40f0c0cfd9ad6ba288bdc61
588513;0xd92122a4ddb3f8bc4c4773b84d0af74214c1e052
461236;0x47eb9062252c8b2ae0fe952d84bbef1abdf77bcf
554549;0x3e86279885ccdbe0815057d28cd9244cde1aa8f0
851196;0xaf6595b7069d9ea74e9042e82afcba26ba804b6d
1043382;0xb9f5678929b63a483c2e09e033e7087b63ea3e57
264102;0x080a5e0cf00aaf893919c5851f053c5cf83ccff4
540385;0xcfead0ff824de6902594e46d9c7760dd6069ebe7
265389;0xa9086d68cd8342b500c7b142be152b1d205f5fb9
992833;0xcbe3f4e61d36d467db2a3a728fff425750475b4b
257945;0x478b2d5b256c349049616fb70f2bb6fc06d8529b
825495;0x238e4901a652d4dbf0d052cc11d78e64c7c4c219
1354412;0x7bdbaae86d64a43d4634f1b319b34bbf6d1b2354
708308;0xba62786be5312049909a6f3e5ea20a270fb444c1
271856;0x6dbaaa3393d9b8bf236ebb4eeb54524d763b3763
989917;0xecdcc6aa0e1118741fdc425f6c79e5fac0ad0260
427294;0x535c28ff3774a9aebb0e58d9957571472c8e4183
525028;0xc075cb4dbbc64983b8c0aa90a0c09e9ceb21f692
690089;0x7210e670937e3b5327b5191b4ca728f83f67dbf9
858829;0x9f9c51e68ef22fc8191bd4984f96f5a7a80542a8
278021;0x59b9e5c14f31e75863c5add5109b2370d4640abb
332616;0x82f84cbaab4dc9f8da219f88cc8c624a2c276dd0
946183;0x1ca1d320e13320a1e19b16307b437d67e225b082
712308;0xf36f146ba8e4ad082eccac92350063885513a4e4
448752;0x556632aed5593e20ba148a4bfbbb449559b1b0c1
213134;0x2467c1e981421446a7b8bd6c3703369b3b8855ef
1076052;0x3cdf466e51e0cf6ba078c3cefc89b53ede7182c4
687895;0x29c4986f7958330c96395832f49b3ab5e8e6d1e7
1101878;0xcb18ace00690e57f23554e8825639ee45d13f0bc
896460;0xcd9621704b780da94613bd978e292e098f9d65fc
487462;0xaf9d455c812783b690656b2f6a1664033e4159a5
849894;0xa2f15b78948eb963fbbe8ce1ca2bd6d6e2b3dee0
937993;0x2e961d9806b83ae7de1185745ef3f866f7e0be7a
595740;0xdf673210e47daea1e21e6b6ce65157632ef96c15
565587;0x5d56fd73391f3d6d0073303b60bf7ca9ea6d06e4
1077606;0x6fbc36d4acc1cc67f9fed386777905f515e1feb2
521642;0xbab3710087db2105fb5a53dcb5b82e28d94ae233
487489;0x6db2e8264ae516bf94bed68bcde80a9190439449
1128027;0xa7e39c3c64a78deedc2cd128b2483d372137f0ce
490240;0xee9bc2ac518aede84123aa0870f32c1aaaece3e6
1277006;0x95409d133c196c16a8ba02ef1e41cbeb37227c50
854637;0x4a06791efa53c4981bd1674c0b7c4fd49278a6eb
1037408;0x3a943dce8f7229dc8ddf534055c4db334adcbe4e
882360;0xcca3c5bb2fead9ddbba139db77d1f2061c678aa3
685345;0x9f445750fab24b6cd9844df2b760b6f0f92a9079
1061315;0x64e0e94f4f4f6d5c47bb1edd61696a593798989f
865098;0xbc7e9d2441392de726fdbfe7b99b184149de5b56